Packet,Epoch,Hadamard_Row,DAC0,DAC1,DAC2,DAC3,DAC4,DAC5,DAC6,DAC7,J+,J-,Delta_J,Scaled_Update
0,44890,4,1296,1642,3259,1512,2323,2940,1777,2640,3390,3426,-36,-6
1,44890,5,1302,1648,3265,1518,2317,2934,1771,2634,3415,3418,-3,-1
2,42763,6,2192,2229,2928,2855,2961,2354,1063,1008,1062,1030,32,4
3,42764,0,2197,2216,2923,2868,2956,2367,1068,995,862,830,32,4
4,42764,2,2195,2226,2921,2878,2954,2377,1066,1005,814,807,7,1
5,42764,4,2198,2221,2918,2883,2957,2372,1063,1010,890,790,100,15
6,42764,6,2182,2207,2902,2869,2973,2386,1079,1024,791,806,-15,-3
7,42765,0,2191,2192,2893,2884,2964,2401,1088,1009,867,890,-23,-4
8,42765,2,2195,2196,2897,2888,2968,2405,1092,1013,799,811,-12,-2
9,42765,4,2189,2198,2903,2886,2962,2407,1098,1011,874,883,-9,-2
10,42765,6,2187,2196,2901,2884,2964,2409,1100,1013,823,795,28,4
11,42766,0,2183,2192,2905,2888,2968,2413,1096,1009,886,879,7,1
12,42766,2,2184,2193,2906,2889,2969,2414,1097,1010,875,859,16,2
13,42766,4,2184,2189,2906,2893,2969,2410,1097,1014,810,807,3,0
14,42766,5,2184,2189,2906,2893,2969,2410,1097,1014,814,879,-65,-10
15,42766,7,2179,2204,2891,2898,2974,2395,1112,1009,854,823,31,4
16,42767,1,2175,2208,2895,2894,2978,2391,1108,1013,863,871,-8,-2
17,42767,3,2166,2203,2900,2903,2969,2386,1113,1022,874,862,12,1
18,42767,5,2166,2205,2902,2903,2967,2386,1113,1020,894,775,119,18
19,42767,7,2147,2222,2885,2922,2986,2369,1130,1001,783,770,13,1
20,42768,1,2142,2215,2878,2917,2979,2364,1125,994,823,791,32,4
21,42768,3,2141,2222,2871,2918,2978,2371,1118,995,778,635,143,21
22,42768,4,2162,2201,2850,2939,2999,2350,1097,1016,590,591,-1,-1
23,42768,6,2157,2208,2845,2946,3004,2343,1102,1009,590,774,-184,-29
24,42769,0,2158,2149,2844,3005,3003,2402,1103,950,787,778,9,1
25,42769,2,2165,2140,2851,2996,3010,2393,1110,941,871,834,37,5
26,42769,4,2172,2143,2844,2993,3017,2396,1103,938,811,770,41,6
27,42769,6,2175,2152,2847,3002,3014,2387,1100,929,795,771,24,3
28,42770,0,2144,2177,2878,2977,3045,2362,1069,954,791,810,-19,-3
29,42770,1,2141,2174,2875,2974,3042,2359,1066,951,874,866,8,1
30,42770,3,2138,2173,2876,2977,3039,2358,1067,954,871,834,37,5
31,42770,5,2142,2167,2870,2981,3045,2354,1063,960,631,599,32,4
32,42770,7,2151,2168,2869,2972,3036,2353,1064,969,622,587,35,5
33,42771,1,2145,2172,2873,2966,3040,2347,1058,973,522,555,-33,-6
34,42771,3,2140,2179,2866,2971,3035,2354,1051,978,587,562,25,3
35,42771,5,2127,2172,2859,2958,3042,2367,1064,985,579,582,-3,-1
36,42771,6,2128,2171,2860,2957,3041,2368,1063,986,619,611,8,1
37,42772,0,2128,2169,2860,2959,3041,2370,1063,984,575,514,61,9
38,42772,2,2139,2176,2871,2966,3052,2377,1074,991,526,535,-9,-2
39,42772,4,2139,2180,2871,2962,3052,2381,1074,987,783,626,157,23
40,42772,6,2117,2156,2849,2938,3074,2405,1096,1011,794,794,0,0
41,42773,0,2108,2165,2858,2929,3083,2396,1087,1020,635,538,97,14
42,42773,2,2088,2157,2838,2921,3063,2388,1067,1012,615,638,-23,-4
43,42773,4,2083,2154,2843,2924,3058,2385,1072,1015,614,631,-17,-3
44,42773,5,2080,2151,2840,2921,3061,2388,1075,1018,799,778,21,3
45,42773,7,2076,2153,2838,2925,3065,2386,1077,1014,627,783,-156,-24
46,42774,1,2056,2181,2866,2905,3093,2366,1057,1042,570,598,-28,-5
47,42774,3,2063,2178,2869,2898,3100,2363,1060,1035,818,810,8,1
48,42774,5,2068,2181,2872,2903,3097,2358,1055,1032,811,798,13,1
49,42774,7,2095,2206,2847,2876,3070,2333,1080,1059,619,582,37,5
50,42775,0,2090,2211,2852,2871,3075,2328,1075,1064,558,550,8,1
51,42775,2,2087,2212,2849,2872,3072,2329,1072,1065,586,558,28,4
52,42775,4,2089,2218,2847,2866,3074,2335,1070,1059,627,610,17,2
53,42775,6,2085,2226,2843,2874,3078,2327,1074,1051,630,611,19,2
54,42776,0,2080,2227,2848,2873,3083,2326,1069,1052,634,619,15,2
55,42776,2,2077,2234,2845,2880,3080,2333,1066,1059,518,627,-109,-17
56,42776,3,2094,2251,2828,2863,3097,2350,1049,1042,594,623,-29,-5
57,42776,5,2072,2239,2816,2841,3109,2372,1071,1054,618,574,44,6
58,42776,7,2079,2234,2821,2834,3102,2377,1066,1061,582,587,-5,-1
59,42777,1,2085,2238,2825,2840,3106,2383,1072,1065,610,586,24,3
60,42777,3,2066,2213,2850,2859,3087,2358,1097,1084,778,626,152,23
61,42777,5,2043,2236,2873,2836,3064,2381,1120,1061,635,622,13,1
62,42777,6,2042,2237,2872,2837,3065,2380,1121,1060,778,603,175,26
63,42778,0,2010,2217,2904,2857,3097,2400,1089,1040,783,627,156,23
64,42778,2,2032,2241,2926,2881,3119,2424,1111,1064,775,635,140,21
65,42778,4,2010,2221,2948,2901,3097,2404,1133,1084,802,619,183,27
66,42778,6,1953,2224,2891,2904,3154,2401,1190,1081,787,627,160,24
67,42779,0,1972,2253,2872,2875,3135,2372,1209,1110,795,843,-48,-8
68,42779,2,1968,2273,2868,2895,3131,2392,1205,1130,858,875,-17,-3
69,42779,4,1965,2270,2871,2898,3128,2389,1208,1133,614,574,40,6
70,42779,5,1971,2276,2877,2904,3122,2383,1202,1127,575,547,28,4
71,42779,7,1961,2274,2879,2914,3132,2385,1200,1117,522,586,-64,-10
72,42780,1,1954,2287,2892,2907,3145,2378,1193,1130,606,594,12,1
73,42780,3,1955,2290,2889,2906,3146,2381,1190,1129,575,534,41,6
74,42780,5,1955,2278,2877,2906,3158,2381,1190,1141,598,586,12,1
75,42780,7,1962,2283,2872,2899,3151,2376,1195,1148,527,543,-16,-3
76,42781,1,1968,2283,2872,2905,3151,2382,1201,1148,615,595,20,3
77,42781,2,1971,2280,2875,2902,3154,2379,1204,1145,779,619,160,24
78,42781,4,1997,2302,2849,2880,3180,2401,1178,1123,818,834,-16,-3
79,42781,6,1990,2303,2842,2881,3187,2400,1185,1122,826,810,16,2
80,42782,0,1988,2301,2844,2883,3189,2402,1183,1120,779,587,192,29
81,42782,2,2016,2331,2872,2913,3217,2432,1211,1150,595,770,-175,-27
82,42782,4,2043,2358,2845,2886,3244,2459,1184,1123,606,579,27,4
83,42782,6,2056,2337,2858,2865,3231,2480,1171,1144,631,618,13,1
84,42782,7,2057,2338,2857,2864,3230,2479,1172,1145,603,535,68,10
85,42783,1,2065,2366,2885,2872,3258,2487,1180,1173,531,518,13,1
86,42783,3,2064,2363,2888,2873,3257,2484,1183,1174,514,542,-28,-5
87,42783,5,2067,2356,2881,2876,3264,2481,1180,1181,562,631,-69,-11
88,42783,7,2079,2346,2891,2864,3252,2491,1170,1193,599,775,-176,-27
89,42784,1,2054,2375,2920,2839,4,2466,1145,1222,623,547,76,11
90,42784,3,2042,2385,2910,2851,3269,2476,1135,1234,555,583,-28,-5
91,42784,4,2037,2390,2915,2846,3264,2481,1140,1229,574,579,-5,-1
92,42784,6,2035,2394,2913,2850,3266,2477,1142,1225,811,790,21,3
93,42785,0,2017,2418,2931,2826,7,2453,1124,1249,607,599,8,1
94,42785,2,2005,2428,2919,2836,3272,2463,1112,1259,610,594,16,2
95,42785,4,2006,2431,2918,2833,3273,2466,1111,1256,639,639,0,0
96,42785,6,2000,2437,2912,2839,2,2460,1117,1250,575,542,33,5
97,42786,0,1996,2431,2916,2845,6,2466,1113,1244,579,542,37,5
98,42786,1,2001,2436,2921,2850,11,2471,1118,1249,542,550,-8,-2
99,42786,3,1994,2425,2932,2857,4,2460,1129,1256,594,554,40,6
100,42786,5,1999,2418,2925,2862,11,2455,1124,1263,514,359,155,23
101,42786,7,2018,2391,2952,2843,3269,2482,1097,1282,535,519,16,2
102,42787,1,1990,2367,2928,2815,3245,2454,1069,1258,514,534,-20,-4
103,42787,3,1957,2342,2953,2848,3212,2429,1094,1291,554,531,23,3
104,42787,5,1953,2344,2955,2844,3210,2433,1098,1289,523,534,-11,-2
105,42787,6,1955,2342,2957,2842,3208,2435,1096,1291,547,535,12,1
106,42788,0,1951,2344,2961,2840,3212,2433,1092,1293,562,587,-25,-4
107,42788,2,1947,2340,2957,2836,3208,2429,1088,1289,566,586,-20,-4
108,42788,4,1962,2333,2942,2843,3223,2422,1073,1296,522,515,7,1
109,42788,6,1955,2338,2935,2848,3230,2417,1080,1291,634,779,-145,-23
110,42789,0,1906,2341,2984,2845,2,2414,1031,1294,578,614,-36,-6
111,42789,2,1908,2351,2986,2855,4,2424,1033,1304,791,795,-4,-1
112,42789,3,1907,2350,2987,2856,3,2423,1034,1305,814,791,23,3
113,42789,5,1927,2376,3013,2876,3254,2403,1014,1279,818,770,48,7
114,42789,7,1907,2370,3019,2896,3274,2409,1008,1259,882,838,44,6
115,42790,1,1906,2357,3006,2895,3261,2408,1007,1246,807,631,176,26
116,42790,3,1877,2380,2983,2924,3232,2431,984,1275,614,627,-13,-2
117,42790,5,1877,2384,2987,2924,3228,2431,984,1271,595,583,12,1
118,42790,7,1882,2387,2984,2919,3223,2428,987,1276,538,562,-24,-4
119,42791,0,1886,2383,2980,2923,3219,2432,991,1272,594,607,-13,-2
120,42791,2,1913,2360,3007,2900,3246,2409,1018,1249,603,627,-24,-4
121,42791,4,1915,2350,3005,2910,3248,2399,1016,1259,795,787,8,1
122,42791,6,1915,2352,3005,2912,3248,2397,1016,1257,603,630,-27,-5
123,42792,0,1925,2352,2995,2912,3238,2397,1026,1257,534,582,-48,-8
124,42792,2,1923,2338,2993,2898,3236,2383,1024,1243,635,787,-152,-24
125,42792,3,1947,2362,2969,2874,3260,2407,1000,1219,582,591,-9,-2
126,42792,5,1949,2368,2975,2876,3254,2405,998,1213,622,771,-149,-23
127,42792,7,1932,2397,2946,2893,3271,2376,1027,1196,563,523,40,6
128,42793,1,1927,2404,2953,2888,1,2371,1022,1203,638,518,120,18
129,42793,3,1928,2369,2988,2887,2,2336,1057,1202,599,579,20,3
130,42793,5,1926,2373,2992,2885,3275,2338,1059,1198,550,559,-9,-2
131,42793,7,1926,2369,2996,2885,3275,2342,1055,1198,538,515,23,3
132,42794,1,1954,2391,3018,2913,20,2370,1083,1220,551,546,5,0
133,42794,3,1953,2390,3019,2914,19,2369,1084,1221,618,599,19,2
134,42794,5,1944,2377,3006,2905,32,2378,1093,1234,602,599,3,0
135,42794,7,1945,2378,3005,2904,31,2377,1094,1235,583,550,33,5
136,42795,0,1940,2383,3010,2899,36,2372,1089,1240,523,635,-112,-18
137,42795,2,1955,2404,3025,2920,51,2393,1104,1261,594,606,-12,-2
138,42795,4,1953,2402,3027,2922,49,2391,1106,1263,534,563,-29,-5
139,42795,6,1952,2393,3026,2913,50,2400,1107,1272,518,526,-8,-2
140,42796,0,1959,2390,3019,2916,43,2403,1114,1269,535,571,-36,-6
141,42796,2,1955,2382,3015,2908,39,2395,1110,1261,611,599,12,1
142,42796,4,1954,2381,3016,2909,38,2394,1111,1262,599,574,25,3
143,42796,5,1951,2378,3013,2906,41,2397,1114,1265,602,611,-9,-2
144,42796,7,1949,2380,3011,2908,43,2395,1116,1263,567,587,-20,-4
145,42797,1,1954,2377,3008,2913,40,2400,1121,1260,798,634,164,25
146,42797,3,1974,2347,3038,2893,60,2370,1151,1240,603,575,28,4
147,42797,5,1970,2351,3042,2889,56,2374,1155,1236,607,611,-4,-1
148,42797,7,2002,2381,3012,2857,24,2344,1185,1268,638,635,3,0
149,42798,0,2002,2381,3012,2857,24,2344,1185,1268,595,563,32,4
150,42798,2,2010,2381,3020,2857,32,2344,1193,1268,638,791,-153,-24
151,42798,4,2033,2406,2997,2832,55,2369,1170,1243,818,875,-57,-9
152,42798,6,2038,2419,3002,2845,50,2356,1165,1230,847,810,37,5
153,42799,0,2037,2430,3003,2834,51,2345,1164,1241,546,546,0,0
154,42799,2,2038,2429,3004,2833,52,2344,1165,1240,611,522,89,13
155,42799,4,2039,2454,3003,2808,53,2369,1164,1215,535,543,-8,-2
156,42799,5,2037,2452,3001,2806,55,2371,1166,1217,586,574,12,1
157,42799,7,2039,2456,2997,2804,53,2367,1170,1219,559,543,16,2
158,42800,1,2040,2453,2994,2805,50,2368,1171,1216,530,531,-1,-1
159,42800,3,2041,2452,2995,2804,51,2367,1172,1215,591,631,-40,-7
160,42800,5,2033,2458,3001,2796,45,2375,1180,1209,598,563,35,5
161,42800,7,2036,2451,3008,2793,42,2382,1173,1212,558,618,-60,-10
162,42801,0,2046,2441,2998,2803,32,2392,1183,1202,631,622,9,1
163,42801,2,2037,2448,2989,2810,23,2399,1174,1209,807,783,24,3
164,42801,4,2041,2450,2985,2808,27,2401,1170,1207,611,575,36,5
165,42801,6,2043,2458,2987,2816,25,2393,1168,1199,627,598,29,4
166,42802,0,2040,2453,2990,2821,28,2398,1165,1194,530,634,-104,-16
167,42802,2,2011,2450,2961,2818,3276,2395,1136,1191,535,555,-20,-4
168,42802,3,2015,2454,2957,2814,3,2399,1132,1187,379,531,-152,-24
169,42802,5,1990,2477,2980,2789,3257,2424,1157,1164,526,530,-4,-1
170,42802,7,1987,2476,2981,2792,3260,2425,1156,1161,571,586,-15,-3
171,42803,1,1990,2473,2978,2795,3257,2428,1159,1158,606,574,32,4
172,42803,3,2011,2486,2965,2774,1,2441,1146,1137,610,523,87,13
173,42803,5,1993,2494,2973,2756,3270,2459,1164,1129,554,566,-12,-2
174,42803,7,1995,2492,2975,2754,3268,2461,1162,1131,599,583,16,2
175,42804,0,1997,2490,2973,2756,3266,2463,1164,1129,587,623,-36,-6
176,42804,2,1988,2487,2964,2753,3257,2460,1155,1126,582,555,27,4
177,42804,4,1982,2485,2970,2755,3251,2458,1161,1128,582,546,36,5
178,42804,6,1971,2486,2959,2756,3262,2457,1172,1127,546,570,-24,-4
179,42805,0,1968,2481,2962,2761,3265,2462,1169,1122,575,559,16,2
180,42805,2,1966,2479,2960,2759,3263,2460,1167,1120,627,555,72,10
181,42805,3,1976,2489,2950,2749,3273,2470,1157,1110,562,567,-5,-1
182,42805,5,1970,2481,2942,2743,4,2476,1163,1118,582,586,-4,-1
183,42805,7,1971,2480,2943,2742,3,2477,1162,1119,530,530,0,0
184,42806,1,1974,2483,2946,2745,6,2480,1165,1122,626,618,8,1
185,42806,3,1984,2495,2934,2735,16,2492,1153,1112,598,578,20,3
186,42806,4,1987,2492,2931,2738,19,2489,1150,1115,626,598,28,4
187,42806,6,1985,2486,2929,2732,21,2495,1152,1121,638,598,40,6
188,42807,0,1976,2507,2938,2711,30,2474,1143,1142,539,594,-55,-9
189,42807,2,1987,2514,2949,2718,41,2481,1154,1149,514,635,-121,-19
190,42807,4,1954,2509,2982,2723,8,2476,1187,1154,547,555,-8,-2
191,42807,6,1952,2507,2980,2721,10,2478,1189,1156,606,610,-4,-1
192,42807,7,1953,2508,2979,2720,9,2477,1190,1157,598,619,-21,-4
193,42808,1,1955,2518,2989,2722,19,2479,1192,1167,538,590,-52,-8
194,42808,3,1964,2511,2996,2713,28,2472,1199,1158,794,803,-9,-2
195,42808,5,1962,2513,2998,2711,26,2474,1201,1156,835,850,-15,-3
196,42808,7,1959,2516,2995,2714,29,2471,1204,1153,878,890,-12,-2
197,42809,1,1949,2502,2981,2704,15,2461,1194,1139,771,774,-3,-1
198,42809,2,1948,2503,2980,2705,14,2462,1193,1140,799,779,20,3
199,42809,4,1945,2512,2983,2696,11,2471,1196,1131,818,834,-16,-3
200,42809,6,1940,2511,2978,2695,16,2472,1201,1132,846,799,47,7
201,42810,2,1909,2478,2957,2680,3272,2457,1170,1099,551,526,25,3
202,42810,4,1904,2477,2962,2681,3267,2456,1175,1100,587,590,-3,-1
203,42810,6,1904,2479,2962,2683,3267,2454,1175,1098,595,591,4,0
204,42811,0,1899,2484,2967,2678,3272,2449,1170,1103,558,542,16,2
205,42811,1,1897,2482,2965,2676,3270,2447,1168,1101,547,523,24,3
206,42811,3,1904,2483,2964,2669,0,2448,1167,1094,315,282,33,5
207,42811,5,1901,2490,2971,2666,3270,2451,1170,1087,306,298,8,1
208,42811,7,1900,2491,2970,2667,3271,2450,1171,1086,518,538,-20,-4
209,42812,1,1886,2485,2964,2653,3265,2436,1157,1080,531,571,-40,-7
210,42812,2,1893,2478,2971,2646,3272,2429,1164,1073,598,559,39,5
211,42812,4,1874,2487,2990,2637,3253,2438,1183,1064,631,639,-8,-2
212,42812,6,1886,2479,3002,2629,3241,2446,1171,1072,522,578,-56,-9
213,42813,0,1879,2468,3009,2640,3248,2457,1164,1061,615,575,40,6
214,42813,2,1876,2459,3006,2631,3245,2448,1161,1052,627,627,0,0
215,42813,4,1883,2452,2999,2638,3252,2441,1154,1059,554,634,-80,-13
216,42813,5,1870,2439,2986,2625,3265,2454,1167,1072,630,626,4,0
217,42813,7,1870,2439,2986,2625,3265,2454,1167,1072,567,522,45,6
218,42814,1,1878,2435,2982,2633,3261,2462,1175,1068,370,339,31,4
219,42814,3,1869,2434,2983,2642,3252,2461,1176,1077,339,338,1,0
220,42814,5,1877,2442,2991,2650,3244,2453,1168,1069,570,591,-21,-4
221,42814,7,1887,2460,2973,2640,3234,2435,1186,1079,570,603,-33,-6
222,42815,0,1893,2454,2967,2646,3228,2441,1192,1073,638,618,20,3
223,42815,2,1896,2445,2970,2637,3231,2432,1195,1064,599,574,25,3
224,42815,4,1897,2450,2969,2632,3232,2437,1194,1059,539,575,-36,-6
225,42815,6,1894,2441,2966,2623,3235,2446,1197,1068,615,778,-163,-25
226,42816,0,1921,2464,2939,2600,3208,2423,1224,1091,603,602,1,0
227,42816,1,1921,2464,2939,2600,3208,2423,1224,1091,566,527,39,5
228,42816,3,1902,2455,2948,2619,3189,2414,1233,1110,623,602,21,3
229,42816,5,1907,2454,2947,2624,3190,2409,1228,1111,599,614,-15,-3
230,42816,7,1915,2468,2933,2616,3182,2395,1242,1119,626,635,-9,-2
231,42817,1,1916,2465,2930,2617,3179,2396,1243,1116,622,614,8,1
232,42817,3,1922,2469,2926,2611,3185,2400,1239,1110,522,554,-32,-5
233,42817,4,1927,2464,2921,2616,3190,2395,1234,1115,599,619,-20,-4
234,42817,6,1926,2457,2920,2609,3191,2402,1235,1122,523,527,-4,-1
235,42818,0,1928,2457,2918,2609,3189,2402,1237,1122,514,531,-17,-3
236,42818,2,1934,2445,2924,2597,3195,2390,1243,1110,594,539,55,8
237,42818,4,1914,2449,2944,2593,3175,2394,1263,1106,630,526,104,15
238,42818,6,1915,2418,2945,2562,3174,2425,1262,1137,539,527,12,1
239,42818,7,1916,2419,2944,2561,3173,2424,1263,1138,639,522,117,17
240,42819,1,1899,2436,2961,2544,3190,2407,1246,1155,638,595,43,6
241,42819,3,1899,2424,2973,2544,3190,2395,1258,1155,610,623,-13,-2
242,42819,5,1893,2414,2963,2538,3200,2401,1264,1165,614,607,7,1
243,42819,7,1871,2394,2983,2560,3222,2421,1244,1143,631,582,49,7
244,42820,1,1878,2387,2976,2567,3215,2428,1251,1136,523,627,-104,-16
245,42820,2,1894,2371,2992,2551,3231,2412,1267,1120,631,603,28,4
246,42820,4,1907,2350,2979,2572,3244,2391,1254,1141,558,538,20,3
247,42820,6,1888,2363,2960,2585,3263,2378,1273,1128,590,554,36,5
248,42821,0,1892,2369,2956,2579,3259,2372,1277,1134,595,635,-40,-7
249,42821,2,1873,2402,2937,2612,3240,2405,1258,1167,619,618,1,0
250,42821,4,1881,2394,2929,2620,3248,2397,1250,1175,802,782,20,3
251,42821,5,1884,2397,2932,2623,3245,2394,1247,1172,787,838,-51,-8
252,42821,7,1897,2394,2935,2610,3232,2397,1244,1185,859,850,9,1
253,42822,1,1897,2392,2933,2610,3230,2397,1244,1183,795,615,180,27
254,42822,3,1880,2429,2896,2627,3213,2434,1207,1200,859,882,-23,-4
255,42822,5,1877,2434,2901,2624,3208,2437,1210,1195,811,611,200,30
256,42822,7,1910,2407,2928,2591,3175,2464,1183,1228,603,519,84,12
257,42823,0,1898,2419,2940,2579,3187,2452,1171,1240,627,623,4,0
258,42823,3,1896,2421,2938,2581,3185,2454,1169,1242,590,558,32,4
259,42823,5,1893,2426,2943,2578,3180,2457,1172,1237,547,530,17,2
260,42823,7,1885,2422,2947,2586,3188,2461,1168,1229,351,354,-3,-1
261,42824,1,1889,2428,2953,2590,3194,2465,1172,1235,310,258,52,7
262,42824,3,1886,2439,2942,2593,3191,2476,1161,1238,334,358,-24,-4
263,42824,5,1885,2446,2949,2592,3184,2477,1162,1231,543,602,-59,-10
264,42824,7,1870,2451,2944,2607,3199,2472,1167,1216,523,627,-104,-16
265,42825,0,1886,2435,2928,2623,3183,2488,1183,1200,590,534,56,8
266,42825,2,1875,2430,2917,2618,3172,2483,1172,1195,547,526,21,3
267,42825,4,1882,2429,2910,2619,3179,2482,1165,1196,558,558,0,0
268,42825,6,1881,2430,2909,2620,3180,2481,1166,1195,534,555,-21,-4
269,42826,0,1885,2434,2905,2616,3176,2477,1170,1199,571,534,37,5
270,42826,2,1895,2434,2915,2616,3186,2477,1180,1199,567,558,9,1
271,42826,3,1894,2433,2916,2617,3185,2476,1181,1200,570,367,203,30
272,42826,5,1926,2405,2888,2649,3213,2444,1149,1228,378,371,7,1
273,42826,7,1955,2432,2861,2620,3184,2417,1176,1257,515,319,196,29
274,42827,1,1928,2463,2892,2593,3215,2390,1149,1288,358,370,-12,-2
275,42827,3,1926,2465,2890,2595,3213,2392,1147,1290,347,535,-188,-29
276,42827,5,1956,2437,2862,2625,3241,2362,1117,1318,546,378,168,25
277,42827,7,1935,2466,2833,2646,3262,2333,1146,1297,531,366,165,25
278,42828,0,1960,2441,2808,2671,3237,2358,1171,1272,562,546,16,2
279,42828,2,1964,2441,2812,2671,3241,2358,1175,1272,606,579,27,4
280,42828,4,1961,2436,2815,2676,3238,2353,1178,1277,610,582,28,4
281,42828,6,1962,2427,2816,2667,3237,2362,1177,1286,514,530,-16,-3
282,42829,0,1986,2397,2792,2697,3213,2392,1201,1256,371,346,25,3
283,42829,2,1984,2393,2790,2693,3211,2388,1199,1252,307,347,-40,-7
284,42829,4,2008,2355,2766,2731,3235,2350,1175,1290,347,378,-31,-5
285,42829,5,2003,2350,2761,2726,3240,2355,1180,1295,323,362,-39,-6
286,42829,7,2002,2337,2774,2727,3241,2368,1167,1294,370,350,20,3
287,42830,1,2012,2341,2778,2737,3245,2378,1177,1298,278,307,-29,-5
288,42830,3,2023,2342,2777,2726,3256,2379,1176,1287,278,298,-20,-4
289,42830,5,2016,2343,2778,2719,3255,2386,1183,1286,342,346,-4,-1
290,42830,7,2012,2341,2780,2723,3259,2388,1181,1282,382,367,15,2
291,42831,1,2010,2343,2782,2721,3261,2386,1179,1284,538,558,-20,-4
292,42831,2,2006,2347,2778,2725,3257,2390,1175,1288,543,590,-47,-8
293,42831,4,2000,2337,2784,2735,3251,2380,1181,1298,595,555,40,6
294,42831,6,2009,2340,2793,2738,3242,2377,1172,1295,571,603,-32,-5
295,42832,0,2018,2341,2784,2737,3233,2376,1181,1296,383,515,-132,-21
296,42832,2,1995,2322,2761,2718,3210,2357,1158,1277,514,562,-48,-8
297,42832,4,2030,2303,2726,2737,3245,2338,1123,1296,514,515,-1,-1
298,42832,5,2031,2304,2727,2738,3244,2337,1122,1295,534,522,12,1
299,42832,7,2010,2281,2750,2759,3265,2360,1099,1274,515,378,137,20
300,42833,1,2003,2314,2783,2752,21,2353,1092,1307,559,518,41,6
301,42833,3,2007,2306,2791,2748,25,2345,1100,1303,630,619,11,1
302,42833,5,2006,2307,2792,2747,24,2346,1101,1302,554,551,3,0
303,42833,7,2008,2309,2790,2745,22,2344,1103,1304,550,591,-41,-7
304,42834,0,2001,2316,2797,2738,29,2337,1096,1311,578,566,12,1
305,42834,2,2001,2318,2797,2740,29,2339,1096,1313,535,623,-88,-14
306,42834,4,2012,2335,2786,2723,40,2356,1085,1296,615,603,12,1
307,42834,6,2008,2337,2782,2725,44,2354,1089,1294,583,567,16,2
308,42835,0,2018,2331,2772,2731,34,2360,1099,1288,551,586,-35,-6
309,42835,1,2024,2337,2778,2737,40,2366,1105,1294,562,582,-20,-4
310,42835,3,2018,2339,2776,2743,34,2368,1103,1300,550,583,-33,-6
311,42835,5,2014,2323,2760,2739,50,2372,1107,1316,579,635,-56,-9
312,42835,7,2025,2316,2767,2728,39,2379,1100,1327,535,538,-3,-1
313,42836,1,2023,2316,2767,2726,39,2377,1098,1327,626,551,75,11
314,42836,3,2017,2332,2751,2732,33,2393,1082,1333,551,567,-16,-3
315,42836,4,2014,2335,2754,2729,30,2396,1085,1330,526,551,-25,-4
316,42836,6,2018,2339,2758,2733,26,2392,1081,1326,543,543,0,0
317,42837,0,2020,2337,2756,2735,24,2394,1083,1324,618,614,4,0
318,42837,2,2015,2342,2751,2740,19,2399,1078,1329,615,786,-171,-27
319,42837,4,1986,2317,2780,2765,3267,2374,1107,1354,810,806,4,0
320,42837,6,1982,2321,2776,2769,3271,2370,1111,1350,775,607,168,25
321,42838,0,1959,2294,2799,2796,17,2397,1088,1323,802,623,179,27
322,42838,1,1986,2321,2826,2823,44,2424,1115,1350,635,611,24,3
323,42838,3,1980,2321,2826,2829,38,2424,1115,1356,634,627,7,1
324,42838,5,1968,2307,2812,2817,52,2436,1127,1370,638,626,12,1
325,42838,7,1971,2308,2811,2814,49,2435,1128,1373,610,607,3,0
326,42839,1,1957,2294,2797,2800,35,2421,1114,1359,546,610,-64,-10
327,42839,3,1947,2304,2787,2810,25,2431,1104,1369,539,515,24,3
328,42839,4,1944,2307,2790,2807,22,2434,1107,1366,522,578,-56,-9
329,42839,6,1936,2297,2782,2797,30,2444,1115,1376,579,578,1,0
330,42840,0,1933,2300,2785,2794,33,2441,1112,1379,522,518,4,0
331,42840,2,1954,2279,2806,2773,54,2420,1133,1358,535,354,181,27
332,42840,4,1948,2231,2812,2821,48,2372,1139,1406,358,363,-5,-1
333,42840,6,1951,2230,2815,2820,45,2373,1136,1407,514,378,136,20
334,42840,7,1971,2250,2795,2800,25,2353,1156,1427,535,547,-12,-2
335,42841,1,1969,2244,2789,2798,19,2351,1154,1421,550,546,4,0
336,42841,3,1970,2245,2788,2797,20,2352,1153,1420,526,618,-92,-15
337,42841,5,1986,2231,2774,2813,34,2336,1137,1434,582,543,39,5
338,42841,7,1981,2236,2769,2818,39,2331,1142,1429,603,631,-28,-5
339,42842,0,1976,2241,2774,2813,44,2326,1137,1434,623,614,9,1
340,42842,2,1994,2225,2792,2797,62,2310,1155,1418,595,578,17,2
341,42842,4,1987,2228,2799,2794,55,2313,1162,1415,595,779,-184,-29
342,42842,6,2039,2234,2851,2800,3,2307,1110,1409,595,607,-12,-2
343,42843,0,2039,2230,2851,2804,3,2311,1110,1405,603,610,-7,-2
344,42843,2,2035,2238,2847,2812,3276,2319,1106,1413,770,787,-17,-3
345,42843,3,2032,2235,2850,2815,3273,2316,1109,1416,795,803,-8,-2
346,42843,5,2060,2259,2874,2843,3249,2288,1081,1392,615,607,8,1
347,42843,7,2059,2260,2873,2844,3250,2287,1082,1391,574,622,-48,-8
348,42844,1,2054,2271,2884,2839,3261,2282,1077,1402,598,531,67,10
349,42844,3,2043,2280,2875,2850,3250,2291,1068,1413,514,563,-49,-8
350,42844,4,2035,2288,2883,2842,3242,2299,1076,1405,558,555,3,0
351,42844,6,2038,2285,2886,2839,3239,2302,1073,1408,550,562,-12,-2
352,42845,0,2012,2307,2912,2817,3265,2280,1047,1430,571,630,-59,-10
353,42845,2,2026,2313,2926,2823,2,2286,1061,1436,567,554,13,1
354,42845,4,2031,2310,2921,2826,7,2283,1056,1439,562,550,12,1
355,42845,6,2036,2307,2926,2823,2,2286,1051,1442,530,523,7,1
356,42845,7,2035,2306,2927,2824,3,2287,1050,1441,586,578,8,1
357,42846,1,2039,2308,2929,2828,5,2291,1054,1443,551,547,4,0
358,42846,3,2014,2283,2954,2853,3257,2266,1079,1468,367,371,-4,-1
359,42846,5,2017,2288,2959,2856,3252,2263,1076,1463,287,282,5,0
360,42846,7,2009,2280,2967,2864,3260,2271,1068,1455,346,362,-16,-3
361,42847,1,2014,2279,2966,2869,3259,2276,1073,1454,375,522,-147,-23
362,42847,2,1991,2302,2943,2892,3236,2299,1050,1477,375,354,21,3
363,42847,4,1990,2309,2944,2885,3235,2306,1051,1470,294,267,27,4
364,42847,6,1995,2312,2949,2888,3230,2303,1046,1467,374,354,20,3
365,42848,0,2001,2300,2943,2900,3224,2315,1052,1455,270,291,-21,-4
366,42848,2,1982,2311,2924,2911,3205,2326,1033,1466,271,363,-92,-15
367,42848,4,2000,2323,2906,2899,3223,2338,1015,1454,303,275,28,4
368,42848,6,1989,2326,2895,2902,3234,2335,1026,1451,310,323,-13,-2
369,42849,0,1985,2326,2899,2902,3238,2335,1022,1451,355,275,80,12
370,42849,1,1973,2314,2887,2890,3226,2323,1010,1439,303,306,-3,-1
371,42849,3,1962,2305,2896,2901,3215,2314,1019,1450,298,287,11,1
372,42849,5,1962,2307,2898,2901,3213,2314,1019,1448,378,379,-1,-1
373,42849,7,1958,2301,2904,2905,3217,2320,1013,1444,367,379,-12,-2
374,42850,1,1953,2300,2903,2900,3216,2315,1008,1443,374,350,24,3
375,42850,3,1950,2303,2900,2903,3213,2318,1005,1446,350,347,3,0
376,42850,4,1950,2303,2900,2903,3213,2318,1005,1446,302,318,-16,-3
377,42850,6,1948,2311,2898,2911,3215,2310,1007,1438,319,294,25,3
378,42851,0,1949,2316,2897,2906,3214,2305,1008,1443,367,258,109,16
379,42851,2,1928,2305,2876,2895,3193,2294,987,1432,286,275,11,1
380,42851,4,1935,2300,2869,2900,3200,2289,980,1437,334,358,-24,-4
381,42851,6,1964,2263,2898,2863,3171,2326,951,1474,542,542,0,0
382,42852,0,1962,2265,2900,2861,3173,2324,949,1476,571,614,-43,-7
383,42852,1,1955,2258,2893,2854,3166,2317,942,1469,606,514,92,14
384,42852,3,1968,2299,2852,2841,3179,2358,901,1456,535,519,16,2
385,42852,5,1973,2300,2853,2846,3178,2353,896,1455,362,311,51,7
386,42852,7,1981,2294,2859,2838,3170,2359,890,1463,290,303,-13,-2
387,42853,1,1981,2290,2855,2838,3166,2359,890,1459,302,358,-56,-9
388,42853,3,1975,2302,2843,2844,3160,2371,878,1465,366,322,44,6
389,42853,5,1962,2301,2842,2831,3161,2384,891,1466,359,371,-12,-2
390,42853,6,1964,2299,2844,2829,3159,2386,889,1468,603,638,-35,-6
391,42854,0,1937,2338,2871,2790,3186,2347,862,1507,799,779,20,3
392,42854,2,1943,2338,2877,2790,3192,2347,868,1507,583,551,32,4
393,42854,4,1942,2331,2878,2797,3191,2340,869,1514,530,603,-73,-12
394,42854,6,1953,2344,2889,2810,3180,2327,858,1501,582,522,60,9
395,42855,0,1958,2357,2884,2797,3175,2314,863,1514,326,291,35,5
396,42855,1,1953,2352,2879,2792,3170,2309,858,1509,322,274,48,7
397,42855,3,1957,2342,2889,2788,3174,2299,868,1505,314,535,-221,-34
398,42855,5,2016,2333,2880,2847,3183,2240,809,1514,523,586,-63,-10
399,42855,7,2022,2319,2894,2841,3177,2254,795,1520,539,526,13,1
400,42856,1,2023,2318,2893,2842,3176,2255,796,1519,375,358,17,2
401,42856,3,2017,2316,2895,2848,3170,2253,798,1525,378,543,-165,-26
402,42856,5,1963,2314,2893,2794,3172,2307,852,1527,335,366,-31,-5
403,42856,6,1958,2319,2888,2799,3177,2302,857,1522,519,355,164,25
404,42857,0,1982,2345,2864,2773,3153,2276,881,1548,358,331,27,4
405,42857,2,1981,2338,2863,2766,3152,2269,880,1541,290,303,-13,-2
406,42857,4,1979,2336,2865,2768,3150,2267,882,1543,342,379,-37,-6
407,42857,6,1969,2334,2855,2766,3160,2269,892,1545,303,319,-16,-3
408,42858,0,1973,2336,2851,2764,3156,2267,896,1547,311,319,-8,-2
409,42858,1,1971,2334,2849,2762,3154,2265,894,1545,278,275,3,0
410,42858,3,1970,2333,2850,2763,3153,2264,895,1546,259,319,-60,-10
411,42858,5,1961,2344,2861,2754,3142,2273,904,1535,303,306,-3,-1
412,42858,7,1952,2337,2868,2763,3151,2280,897,1526,310,307,3,0
413,42859,1,1952,2337,2868,2763,3151,2280,897,1526,314,302,12,1
414,42859,3,1955,2338,2867,2760,3154,2281,896,1523,310,306,4,0
415,42859,4,1955,2338,2867,2760,3154,2281,896,1523,363,374,-11,-2
416,42859,6,1954,2335,2866,2757,3155,2284,897,1526,366,319,47,7
417,42860,0,1948,2327,2872,2765,3161,2292,891,1518,338,382,-44,-7
418,42860,2,1968,2293,2892,2731,3181,2258,911,1484,566,579,-13,-2
419,42860,4,1967,2298,2893,2726,3180,2263,912,1479,598,603,-5,-1
420,42860,6,1962,2305,2888,2733,3185,2256,917,1472,598,570,28,4
421,42861,0,1966,2309,2884,2729,3181,2252,921,1476,618,579,39,5
422,42861,1,1961,2304,2879,2724,3176,2247,916,1471,622,599,23,3
423,42861,3,1956,2293,2890,2729,3171,2236,927,1476,778,795,-17,-3
424,42861,5,1973,2304,2901,2746,3160,2219,910,1465,539,514,25,3
425,42861,7,1984,2321,2884,2735,3149,2202,927,1476,594,618,-24,-4
426,42862,1,1980,2325,2888,2731,3153,2198,923,1480,526,591,-65,-10
427,42862,3,1983,2308,2905,2728,3156,2181,940,1477,518,362,156,23
428,42862,4,2006,2285,2882,2751,3179,2158,917,1500,370,535,-165,-26
429,42862,6,2009,2334,2885,2800,3176,2109,914,1451,530,542,-12,-2
430,42863,0,2001,2338,2893,2796,3184,2105,906,1455,274,287,-13,-2
431,42863,2,2006,2337,2898,2795,3189,2104,911,1454,319,374,-55,-9
432,42863,4,2005,2320,2899,2812,3188,2087,912,1471,371,318,53,8
433,42863,6,2014,2327,2908,2819,3179,2080,903,1464,379,359,20,3
434,42864,0,2006,2329,2916,2817,3187,2078,895,1466,570,543,27,4
435,42864,1,2010,2333,2920,2821,3191,2082,899,1470,578,575,3,0
436,42864,3,2009,2332,2921,2822,3190,2081,900,1471,575,619,-44,-7
437,42864,5,2005,2342,2931,2818,3180,2085,904,1461,566,514,52,7
438,42864,7,2000,2323,2950,2823,3185,2104,885,1456,539,631,-92,-15
439,42865,1,2011,2304,2931,2834,3166,2115,896,1437,599,602,-3,-1
440,42865,3,2017,2312,2923,2828,3172,2123,888,1431,559,579,-20,-4
441,42865,5,2025,2312,2923,2836,3172,2115,880,1431,383,518,-135,-21
442,42865,6,2046,2291,2944,2815,3151,2136,859,1452,523,539,-16,-3
443,42866,0,2055,2288,2935,2818,3142,2139,868,1449,370,327,43,6
444,42866,2,2067,2288,2947,2818,3154,2139,880,1449,350,322,28,4
445,42866,4,2062,2285,2952,2821,3149,2136,885,1452,363,534,-171,-27
446,42866,6,2087,2314,2977,2850,3124,2107,860,1423,586,627,-41,-7
447,42867,0,2096,2291,2968,2873,3115,2130,869,1400,594,606,-12,-2
448,42867,2,2089,2302,2961,2884,3108,2141,862,1411,607,518,89,13
449,42867,3,2102,2315,2948,2871,3121,2154,849,1398,631,599,32,4
450,42867,5,2095,2316,2949,2864,3120,2161,856,1397,607,518,89,13
451,42867,7,2098,2345,2920,2861,3117,2132,885,1400,630,551,79,12
452,42868,1,2108,2331,2906,2871,3103,2142,895,1386,610,623,-13,-2
453,42868,3,2115,2334,2903,2864,3110,2145,892,1379,595,582,13,1
454,42868,5,2113,2330,2899,2862,3114,2147,894,1383,526,566,-40,-7
455,42868,7,2093,2324,2905,2882,3134,2153,888,1363,626,594,32,4
456,42869,0,2089,2328,2909,2878,3138,2149,884,1367,578,538,40,6
457,42869,2,2079,2326,2899,2876,3128,2147,874,1365,587,622,-35,-6
458,42869,4,2081,2312,2897,2890,3130,2133,872,1379,583,567,16,2
459,42869,6,2084,2313,2900,2891,3127,2132,869,1378,542,374,168,25
460,42870,0,2056,2291,2928,2913,3155,2154,841,1356,354,538,-184,-29
461,42870,2,2024,2265,2896,2887,3123,2128,809,1330,354,539,-185,-29
462,42870,4,2044,2303,2876,2849,3143,2166,789,1292,623,522,101,15
463,42870,5,2029,2288,2861,2834,3158,2181,804,1307,530,534,-4,-1
464,42870,7,2035,2296,2853,2828,3152,2173,812,1313,523,518,5,0
465,42871,1,2058,2319,2876,2851,3175,2196,835,1336,346,543,-197,-31
466,42871,3,2029,2352,2843,2880,3146,2229,802,1365,518,519,-1,-1
467,42871,5,2039,2360,2851,2890,3138,2219,792,1357,258,306,-48,-8
468,42871,7,2040,2345,2866,2889,3137,2234,777,1358,283,286,-3,-1
469,42872,0,2039,2346,2867,2888,3138,2233,776,1359,295,314,-19,-3
470,42872,2,2040,2339,2868,2881,3139,2226,777,1352,326,323,3,0
471,42872,4,2038,2341,2870,2879,3137,2228,779,1350,334,291,43,6
472,42872,6,2040,2327,2872,2865,3135,2242,777,1364,283,303,-20,-4
473,42873,0,2052,2307,2860,2885,3123,2262,789,1344,278,282,-4,-1
474,42873,2,2052,2309,2860,2887,3123,2264,789,1346,374,271,103,15
475,42873,4,2050,2341,2862,2855,3121,2296,791,1314,290,302,-12,-2
476,42873,5,2048,2339,2860,2853,3123,2298,793,1316,323,330,-7,-2
477,42873,7,2052,2339,2860,2849,3119,2298,793,1320,338,298,40,6
478,42874,1,2058,2333,2854,2855,3113,2304,799,1314,267,374,-107,-17
479,42874,3,2077,2318,2869,2836,3132,2289,814,1295,339,382,-43,-7
480,42874,5,2073,2328,2879,2832,3122,2293,818,1285,550,567,-17,-3
481,42874,7,2069,2330,2877,2836,3126,2291,820,1281,554,615,-61,-10
482,42875,1,2081,2322,2869,2848,3118,2303,832,1273,603,635,-32,-5
483,42875,2,2076,2327,2864,2853,3113,2308,827,1278,623,515,108,16
484,42875,4,2094,2341,2846,2839,3131,2322,809,1264,554,535,19,2
485,42875,6,2098,2341,2850,2839,3127,2322,805,1264,599,526,73,11
486,42876,0,2088,2329,2860,2851,3137,2334,795,1252,566,566,0,0
487,42876,2,2092,2325,2864,2847,3141,2330,799,1248,527,531,-4,-1
488,42876,4,2087,2332,2869,2840,3136,2337,804,1241,558,522,36,5
489,42876,5,2082,2327,2864,2835,3141,2342,809,1246,530,559,-29,-5
490,42876,7,2077,2332,2859,2840,3146,2337,814,1241,539,527,12,1
491,42877,1,2056,2313,2840,2819,3127,2316,793,1222,534,362,172,26
492,42877,3,2088,2293,2860,2787,3159,2296,813,1190,282,259,23,3
493,42877,5,2087,2298,2865,2786,3154,2297,814,1185,266,374,-108,-17
494,42877,7,2108,2285,2878,2765,3133,2310,801,1206,266,263,3,0
495,42878,0,2108,2285,2878,2765,3133,2310,801,1206,362,523,-161,-25
496,42878,2,2079,2264,2849,2744,3104,2289,772,1185,310,299,11,1
497,42878,4,2081,2260,2847,2748,3106,2285,770,1189,290,270,20,3
498,42878,6,2079,2256,2845,2744,3108,2289,772,1193,311,278,33,5
499,42879,0,2081,2264,2843,2736,3106,2281,774,1201,279,262,17,2
500,42879,2,2081,2260,2843,2732,3106,2277,774,1197,343,371,-28,-5
501,42879,3,2076,2255,2848,2737,3101,2272,779,1202,258,374,-116,-18
502,42879,5,2089,2232,2825,2750,3124,2259,766,1225,342,338,4,0
503,42879,7,2106,2249,2808,2733,3107,2242,783,1242,375,359,16,2
504,42880,1,2111,2250,2809,2738,3108,2247,788,1243,379,351,28,4
505,42880,3,2100,2247,2812,2749,3097,2244,791,1254,350,270,80,12
506,42880,5,2117,2240,2805,2766,3104,2227,774,1261,330,334,-4,-1
507,42880,6,2116,2241,2804,2767,3105,2226,775,1260,315,302,13,1
508,42881,0,2115,2244,2805,2764,3106,2223,774,1263,346,374,-28,-5
509,42881,2,2118,2251,2808,2771,3109,2230,777,1270,351,550,-199,-31
510,42881,4,2084,2223,2842,2799,3075,2202,811,1298,575,546,29,4
511,42881,6,2082,2233,2840,2809,3077,2192,813,1288,603,623,-20,-4
512,42882,0,2082,2241,2840,2801,3077,2184,813,1296,622,562,60,9
513,42882,2,2092,2249,2850,2809,3087,2192,823,1304,571,347,224,34
514,42883,2,2003,2264,2953,2800,3058,2163,846,1327,275,262,13,1
515,42883,4,2010,2259,2946,2805,3065,2158,839,1332,322,382,-60,-10
516,42883,6,1996,2253,2932,2799,3079,2164,853,1338,527,531,-4,-1
517,42884,0,1996,2255,2932,2797,3079,2162,853,1340,566,586,-20,-4
518,42884,1,1992,2251,2928,2793,3075,2158,849,1336,559,562,-3,-1
519,42884,3,1981,2238,2941,2804,3064,2145,862,1347,535,615,-80,-13
520,42884,5,1958,2241,2944,2781,3061,2168,885,1344,598,615,-17,-3
521,42884,7,1958,2247,2938,2781,3061,2162,891,1344,562,623,-61,-10
522,42885,1,1966,2235,2926,2789,3049,2170,899,1332,591,583,8,1
523,42885,3,1967,2234,2927,2788,3050,2169,900,1331,518,566,-48,-8
524,42885,4,1975,2226,2919,2796,3058,2161,892,1339,538,586,-48,-8
525,42885,6,1966,2219,2910,2789,3067,2168,901,1346,558,527,31,4
526,42886,0,1951,2226,2925,2782,3082,2161,886,1353,523,358,165,25
527,42886,2,1992,2235,2966,2791,3123,2170,927,1362,382,263,119,18
528,42886,4,1979,2212,2979,2814,3110,2147,940,1385,346,330,16,2
529,42886,6,1985,2202,2985,2804,3104,2157,934,1395,307,374,-67,-11
530,42886,7,1974,2191,2996,2815,3115,2168,923,1384,347,343,4,0
531,42887,1,1974,2191,2996,2815,3115,2168,923,1384,310,330,-20,-4
532,42887,3,1965,2190,2997,2824,3106,2167,924,1393,303,355,-52,-8
533,42887,5,1969,2178,2985,2828,3118,2163,920,1405,379,370,9,1
534,42887,7,1970,2181,2982,2827,3117,2160,923,1406,282,287,-5,-1
535,42888,1,1981,2194,2995,2838,3130,2171,934,1419,267,271,-4,-1
536,42888,2,1982,2193,2996,2837,3131,2170,935,1418,302,307,-5,-1
537,42888,4,1966,2211,3012,2819,3115,2188,951,1400,382,375,7,1
538,42888,6,1971,2204,3017,2812,3110,2195,946,1407,275,271,4,0
539,42889,0,1993,2182,2995,2834,3088,2217,968,1385,290,278,12,1
540,42889,2,1992,2181,2994,2833,3087,2216,967,1384,351,259,92,14
541,42889,4,1992,2209,2994,2805,3087,2244,967,1356,282,318,-36,-6
542,42889,5,1986,2203,2988,2799,3093,2250,973,1362,323,335,-12,-2
543,42889,7,1987,2200,2991,2798,3092,2253,970,1363,278,267,11,1
544,42890,1,1994,2205,2996,2805,3097,2260,977,1368,314,514,-200,-31
545,42890,3,2005,2154,3047,2794,3108,2209,1028,1357,366,363,3,0
546,42890,5,2007,2156,3049,2796,3106,2207,1026,1355,383,523,-140,-22
547,42890,7,1991,2184,3021,2812,3122,2179,1054,1339,371,358,13,1
548,42891,0,1990,2185,3022,2811,3123,2178,1053,1340,346,378,-32,-5
549,42891,2,2001,2184,3033,2810,3134,2177,1064,1339,543,543,0,0
550,42891,4,1998,2187,3036,2807,3131,2180,1067,1336,338,326,12,1
551,42891,6,1999,2188,3037,2808,3130,2179,1066,1335,367,530,-163,-25
552,42892,0,2046,2191,2990,2805,3083,2176,1113,1338,379,347,32,4
553,42892,2,2050,2195,2994,2809,3087,2180,1117,1342,346,374,-28,-5
554,42892,4,2049,2206,2995,2798,3086,2191,1118,1331,374,378,-4,-1
555,42892,6,2042,2215,2988,2807,3093,2182,1125,1322,610,598,12,1
556,42893,0,2058,2201,2972,2821,3077,2196,1141,1308,522,575,-53,-9
557,42893,1,2067,2210,2981,2830,3086,2205,1150,1317,603,591,12,1
558,42893,3,2074,2215,2976,2823,3093,2210,1145,1310,570,591,-21,-4
559,42893,5,2048,2181,2942,2797,3127,2236,1171,1344,831,614,217,33
560,42893,7,2017,2216,2907,2828,3158,2201,1206,1313,575,555,20,3
561,42894,1,2024,2217,2908,2835,3159,2208,1213,1314,626,578,48,7
562,42894,3,2029,2236,2889,2830,3164,2227,1194,1309,638,618,20,3
563,42894,4,2032,2233,2886,2833,3167,2224,1191,1312,623,638,-15,-3
564,42894,6,2036,2235,2890,2835,3163,2222,1187,1310,522,567,-45,-7
565,42895,0,2034,2223,2892,2847,3165,2234,1185,1298,543,539,4,0
566,42895,2,2034,2223,2892,2847,3165,2234,1185,1298,586,562,24,3
567,42895,4,2033,2230,2893,2840,3164,2241,1186,1291,519,347,172,26
568,42895,5,2059,2256,2919,2866,3138,2215,1160,1265,334,330,4,0
569,42895,7,2056,2253,2922,2869,3141,2218,1157,1262,282,303,-21,-4
570,42896,1,2034,2239,2908,2847,3127,2196,1135,1248,371,378,-7,-2
571,42896,3,2038,2239,2908,2843,3131,2196,1135,1244,278,262,16,2
572,42896,5,2054,2251,2920,2859,3119,2180,1119,1232,326,359,-33,-6
573,42896,7,2039,2248,2923,2874,3134,2183,1116,1217,367,299,68,10
574,42897,0,2029,2258,2933,2864,3144,2173,1106,1227,334,319,15,2
575,42897,2,2001,2282,2905,2888,3116,2197,1078,1251,534,546,-12,-2
576,42897,4,2010,2269,2896,2901,3125,2184,1069,1264,603,630,-27,-5
577,42897,6,2007,2262,2893,2894,3128,2191,1072,1271,611,602,9,1
578,42898,0,2007,2260,2893,2896,3128,2193,1072,1269,562,598,-36,-6
579,42898,2,1978,2277,2864,2913,3099,2210,1043,1286,363,566,-203,-31
580,42898,4,2009,2308,2833,2882,3130,2241,1012,1255,522,550,-28,-5
581,42898,5,2014,2313,2838,2887,3125,2236,1007,1250,530,526,4,0
582,42898,7,2039,2338,2813,2862,3100,2211,1032,1275,342,515,-173,-27
583,42899,1,2059,2304,2779,2882,3066,2231,1052,1241,355,358,-3,-1
584,42899,3,2058,2305,2778,2883,3065,2232,1051,1242,371,335,36,5
585,42899,5,2050,2307,2780,2875,3063,2240,1059,1240,375,543,-168,-26
586,42899,7,2082,2287,2800,2843,3031,2260,1039,1272,550,598,-48,-8
587,42900,0,2074,2295,2808,2835,3039,2252,1031,1280,575,539,36,5
588,42900,2,2078,2301,2812,2841,3043,2258,1035,1286,522,574,-52,-8
589,42900,4,2091,2304,2799,2838,3056,2261,1022,1283,547,578,-31,-5
590,42900,6,2099,2306,2807,2840,3048,2259,1014,1281,551,578,-27,-5
591,42901,1,2092,2301,2812,2843,3053,2262,1007,1276,514,378,136,20
592,42901,2,2112,2281,2832,2823,3073,2242,1027,1256,566,571,-5,-1
593,42901,4,2113,2278,2831,2826,3074,2239,1026,1259,575,539,36,5
594,42901,6,2117,2284,2835,2832,3070,2233,1022,1253,559,575,-16,-3
595,42902,0,2118,2289,2834,2827,3069,2228,1023,1258,530,539,-9,-2
596,42902,2,2108,2295,2824,2833,3059,2234,1013,1264,555,559,-4,-1
597,42902,4,2110,2295,2822,2833,3061,2234,1011,1264,523,363,160,24
598,42902,5,2086,2271,2798,2809,3085,2258,1035,1288,326,315,11,1
599,42903,0,2062,2287,2824,2791,3109,2242,1009,1306,370,567,-197,-31
600,42903,2,2099,2312,2861,2816,3146,2267,1046,1331,575,574,1,0
601,42903,4,2096,2315,2864,2813,3143,2270,1049,1328,587,602,-15,-3
602,42903,5,2093,2312,2861,2810,3146,2273,1052,1331,618,614,4,0
603,42903,7,2097,2316,2857,2806,3142,2269,1056,1335,622,551,71,10
604,42904,1,2108,2307,2848,2817,3133,2280,1067,1326,610,567,43,6
605,42904,3,2098,2309,2846,2827,3123,2282,1065,1336,615,582,33,5
606,42904,5,2104,2305,2842,2833,3127,2276,1059,1340,526,518,8,1
607,42904,7,2102,2301,2846,2835,3129,2280,1055,1338,566,547,19,2
608,42905,1,2126,2329,2874,2859,3157,2304,1079,1366,379,378,1,0
609,42905,3,2125,2328,2875,2860,3156,2303,1080,1367,379,302,77,11
610,42905,5,2112,2337,2884,2847,3147,2316,1093,1358,299,362,-63,-10
611,42905,7,2124,2329,2892,2835,3135,2324,1085,1370,350,350,0,0
612,42906,0,2124,2329,2892,2835,3135,2324,1085,1370,350,263,87,13
613,42906,2,2155,2324,2923,2830,3166,2319,1116,1365,274,275,-1,-1
614,42906,4,2171,2310,2907,2844,3182,2305,1100,1379,278,274,4,0
615,42906,7,2151,2322,2895,2864,3202,2293,1112,1359,330,355,-25,-4
616,42907,0,2155,2318,2891,2868,3198,2297,1116,1355,347,355,-8,-2
617,42907,3,2160,2313,2900,2867,3203,2292,1125,1354,338,379,-41,-7
618,42907,5,2159,2298,2885,2866,3218,2293,1126,1369,331,355,-24,-4
619,42907,7,2159,2290,2893,2866,3218,2301,1118,1369,339,323,16,2
620,42908,0,2161,2288,2891,2868,3216,2303,1120,1367,330,310,20,3
621,42908,2,2160,2295,2890,2875,3215,2310,1119,1374,518,546,-28,-5
622,42908,6,2167,2294,2897,2854,3208,2331,1112,1375,547,558,-11,-2
623,42909,1,2179,2286,2893,2870,3204,2347,1124,1367,614,590,24,3
624,42909,3,2177,2278,2901,2872,3202,2339,1132,1369,555,515,40,6
625,42909,4,2171,2284,2907,2866,3196,2345,1138,1363,570,570,0,0
626,42909,6,2166,2289,2902,2871,3201,2340,1143,1358,339,374,-35,-6
627,42910,0,2170,2297,2898,2863,3197,2332,1147,1366,579,571,8,1
628,42910,2,2171,2298,2899,2864,3198,2333,1148,1367,611,566,45,6
629,42910,4,2163,2294,2907,2868,3190,2329,1156,1371,562,567,-5,-1
630,42910,6,2159,2300,2903,2874,3194,2323,1160,1365,547,630,-83,-13
631,42911,2,2158,2297,2928,2897,3219,2346,1159,1362,539,579,-40,-7
632,42911,4,2148,2293,2938,2901,3209,2342,1169,1366,599,586,13,1
633,42911,6,2122,2321,2912,2929,3235,2314,1195,1338,594,619,-25,-4
634,42912,0,2130,2321,2904,2929,3227,2314,1203,1338,606,622,-16,-3
635,42912,2,2122,2323,2896,2931,3219,2316,1195,1340,579,587,-8,-2
636,42912,4,2124,2325,2894,2929,3221,2318,1193,1338,583,571,12,1
637,42912,5,2123,2324,2893,2928,3222,2319,1194,1339,579,615,-36,-6
638,42912,7,2115,2328,2889,2936,3230,2315,1198,1331,611,630,-19,-3
639,42913,2,2165,2332,2933,2946,3274,2325,1248,1335,618,563,55,8
640,42913,4,2168,2345,2930,2933,0,2338,1245,1322,638,607,31,4
641,42913,5,2172,2349,2934,2937,3273,2334,1241,1318,607,627,-20,-4
642,42913,7,2198,2367,2916,2911,3247,2316,1259,1344,635,875,-240,-37
643,42914,1,2159,2402,2951,2872,5,2277,1220,1379,866,859,7,1
644,42914,3,2158,2403,2950,2873,4,2278,1219,1380,822,778,44,6
645,42914,5,2163,2396,2943,2878,11,2273,1214,1387,543,618,-75,-12
646,42914,7,2152,2409,2930,2889,22,2260,1227,1376,562,590,-28,-5
647,42915,1,2156,2403,2924,2893,16,2264,1231,1370,534,558,-24,-4
648,42915,3,2161,2416,2911,2888,21,2277,1218,1365,523,515,8,1
649,42915,5,2165,2422,2917,2892,15,2273,1214,1359,559,570,-11,-2
650,42915,7,2167,2420,2919,2890,13,2275,1212,1361,527,579,-52,-8
651,42916,1,2151,2420,2919,2874,13,2259,1196,1361,534,575,-41,-7
652,42916,2,2158,2413,2926,2867,20,2252,1203,1354,591,614,-23,-4
653,42916,4,2160,2419,2924,2861,22,2258,1201,1348,606,635,-29,-5
654,42916,6,2149,2440,2913,2882,33,2237,1212,1327,531,534,-3,-1
655,42917,1,2155,2440,2915,2890,35,2245,1218,1327,639,630,9,1
656,42917,2,2156,2439,2916,2889,36,2244,1219,1326,515,591,-76,-12
657,42917,4,2139,2432,2933,2896,19,2237,1236,1333,611,630,-19,-3
658,42917,6,2135,2430,2929,2894,23,2239,1240,1335,607,610,-3,-1
659,42918,0,2144,2423,2920,2901,14,2246,1249,1328,538,631,-93,-15
660,42918,2,2146,2391,2922,2869,16,2214,1251,1296,614,535,79,12
661,42918,4,2148,2365,2920,2895,18,2188,1249,1322,538,611,-73,-12
662,42918,6,2144,2393,2916,2923,22,2160,1253,1294,539,559,-20,-4
663,42919,0,2140,2389,2920,2927,26,2164,1249,1290,567,619,-52,-8
664,42919,2,2144,2401,2924,2939,30,2176,1253,1302,802,794,8,1
665,42919,4,2136,2411,2932,2929,22,2186,1261,1292,606,779,-173,-27
666,42919,6,2120,2373,2916,2891,38,2224,1277,1330,858,826,32,4
667,42919,7,2116,2369,2920,2895,42,2228,1273,1326,795,814,-19,-3
668,42920,1,2125,2384,2935,2904,57,2237,1282,1341,775,803,-28,-5
669,42920,3,2144,2393,2926,2885,76,2246,1273,1322,879,858,21,3
670,42920,5,2136,2379,2912,2877,90,2254,1281,1336,803,855,-52,-8
671,42921,0,2123,2394,2909,2878,103,2239,1284,1335,543,575,-32,-5
672,42921,1,2128,2399,2914,2883,108,2244,1289,1340,587,550,37,5
673,42921,3,2138,2399,2914,2873,118,2244,1289,1330,575,574,1,0
674,42921,5,2142,2403,2918,2877,114,2240,1285,1326,594,550,44,6
675,42921,7,2112,2385,2936,2907,144,2258,1267,1296,518,527,-9,-2
676,42922,1,2115,2392,2943,2910,151,2261,1270,1303,522,518,4,0
677,42922,3,2142,2419,2916,2883,178,2288,1243,1276,518,523,-5,-1
678,42922,4,2141,2420,2917,2882,177,2289,1244,1275,546,566,-20,-4
679,42922,7,2154,2443,2902,2877,164,2266,1259,1280,526,547,-21,-4
680,42923,1,2162,2443,2902,2885,164,2274,1267,1280,547,582,-35,-6
681,42923,3,2122,2415,2930,2925,124,2246,1295,1320,779,807,-28,-5
682,42923,5,2154,2437,2952,2957,102,2214,1263,1298,606,639,-33,-6
683,42923,7,2162,2433,2956,2949,94,2218,1259,1306,619,619,0,0
684,42924,1,2165,2436,2959,2952,97,2221,1262,1309,562,599,-37,-6
685,42924,3,2162,2421,2974,2955,94,2206,1277,1312,519,602,-83,-13
686,42924,4,2149,2434,2987,2942,81,2219,1290,1299,566,575,-9,-2
687,42924,7,2159,2424,3001,2936,71,2229,1276,1305,627,595,32,4
688,42925,1,2154,2427,3004,2931,74,2224,1271,1308,586,614,-28,-5
689,42925,3,2116,2399,3032,2969,36,2196,1299,1346,771,610,161,24
690,42925,4,2092,2423,3056,2945,12,2220,1323,1322,770,627,143,21
691,42925,6,2113,2444,3077,2966,3268,2199,1302,1301,615,630,-15,-3
692,42926,0,2114,2449,3076,2961,3267,2194,1303,1306,782,779,3,0
693,42926,2,2113,2450,3075,2962,3266,2195,1302,1307,630,611,19,2
694,42926,4,2118,2441,3070,2971,3271,2186,1297,1316,535,514,21,3
695,42926,6,2100,2453,3052,2983,12,2174,1315,1304,594,563,31,4
696,42927,0,2104,2457,3048,2979,8,2170,1319,1308,554,526,28,4
697,42927,2,2096,2457,3040,2979,0,2170,1311,1308,574,542,32,4
698,42927,4,2105,2456,3031,2980,9,2169,1302,1309,615,631,-16,-3
699,42927,6,2108,2447,3034,2971,6,2178,1299,1318,583,555,28,4
700,42928,0,2101,2446,3041,2972,13,2179,1292,1317,590,570,20,3
701,42928,1,2104,2449,3044,2975,16,2182,1295,1320,578,515,63,9
702,42928,3,2103,2466,3027,2976,15,2199,1278,1321,614,578,36,5
703,42928,6,2106,2463,3020,2983,22,2192,1275,1324,615,603,12,1
704,42929,0,2136,2435,2990,3011,3269,2220,1305,1296,811,783,28,4
705,42929,1,2132,2431,2986,3007,3265,2216,1301,1292,607,527,80,12
706,42929,3,2136,2411,3006,3003,3269,2196,1321,1288,530,538,-8,-2
707,42929,5,2140,2411,3006,3007,3269,2192,1317,1288,574,542,32,4
708,42929,7,2136,2415,3002,3011,3273,2188,1321,1284,575,546,29,4
709,42930,1,2142,2413,3000,3017,3271,2194,1327,1282,603,582,21,3
710,42930,3,2140,2417,2996,3019,3269,2198,1323,1284,602,602,0,0
711,42930,5,2142,2419,2998,3021,3267,2196,1321,1282,574,527,47,7
712,42930,7,2153,2416,3001,3010,3256,2199,1318,1293,554,531,23,3
713,42931,1,2155,2424,3009,3012,3264,2201,1320,1301,579,603,-24,-4
714,42931,3,2150,2427,3006,3017,3259,2204,1317,1306,619,622,-3,-1
715,42931,5,2155,2430,3009,3022,3256,2199,1312,1303,570,523,47,7
716,42931,6,2148,2437,3002,3029,3263,2192,1319,1296,578,515,63,9
717,42932,0,2153,2414,2997,3052,3258,2215,1324,1273,555,591,-36,-6
718,42932,2,2144,2411,2988,3049,3249,2212,1315,1270,582,570,12,1
719,42932,5,2136,2415,2994,3043,3243,2218,1323,1266,575,547,28,4
720,42932,7,2125,2396,3013,3054,3254,2237,1304,1255,582,606,-24,-4
721,42933,0,2129,2392,3009,3058,3250,2241,1308,1251,619,795,-176,-27
722,42933,2,2156,2419,3036,3085,0,2268,1335,1278,559,554,5,0
723,42933,4,2155,2420,3037,3084,3276,2269,1336,1277,531,639,-108,-17
724,42933,6,2137,2404,3019,3068,17,2285,1354,1293,639,615,24,3
725,42934,0,2146,2389,3010,3083,8,2300,1363,1278,575,575,0,0
726,42934,2,2153,2382,3017,3076,15,2293,1370,1271,635,522,113,17
727,42934,4,2142,2359,3028,3099,4,2270,1381,1294,626,526,100,15
728,42934,6,2122,2349,3008,3089,24,2280,1401,1304,619,610,9,1
729,42935,0,2122,2351,3008,3087,24,2278,1401,1306,522,546,-24,-4
730,42935,2,2132,2349,3018,3085,34,2276,1411,1304,587,602,-15,-3
731,42935,4,2126,2349,3024,3085,28,2276,1417,1304,590,558,32,4
732,42935,6,2131,2352,3029,3088,23,2273,1412,1301,611,571,40,6
733,42935,7,2125,2346,3035,3094,29,2279,1406,1295,574,631,-57,-9
734,42936,1,2115,2354,3043,3084,37,2269,1396,1303,575,570,5,0
735,42936,4,2105,2350,3053,3088,27,2265,1406,1307,554,591,-37,-6
736,42936,6,2113,2354,3061,3092,19,2261,1398,1303,519,383,136,20
737,42936,7,2133,2374,3041,3072,3276,2241,1418,1323,370,354,16,2
738,42937,1,2129,2374,3041,3068,3276,2237,1414,1323,343,366,-23,-4
739,42937,3,2125,2378,3037,3072,3272,2241,1410,1327,355,330,25,3
740,42937,5,2090,2349,3008,3037,24,2276,1445,1356,571,598,-27,-5
741,42937,7,2094,2343,3014,3033,20,2282,1439,1360,595,602,-7,-2
742,42938,1,2077,2330,3001,3016,7,2265,1422,1347,590,571,19,2
743,42938,5,2062,2327,3012,3023,3269,2262,1433,1354,538,526,12,1
744,42938,6,2063,2326,3013,3022,3268,2263,1432,1355,551,547,4,0
745,42939,1,2063,2312,2999,3022,3254,2263,1432,1341,550,607,-57,-9
746,42939,3,2054,2321,2990,3031,3245,2272,1423,1350,626,626,0,0
747,42939,5,2060,2327,2996,3037,3239,2266,1417,1344,591,599,-8,-2
748,42939,7,2072,2335,2988,3025,3227,2258,1425,1356,575,547,28,4
749,42940,0,2076,2331,2984,3029,3223,2262,1429,1352,547,530,17,2
750,42940,2,2077,2334,2985,3032,3224,2265,1430,1355,382,350,32,4
751,42940,5,2022,2335,2994,2985,3215,2312,1485,1354,311,294,17,2
752,42940,7,2025,2334,2995,2982,3212,2313,1484,1357,350,515,-165,-26
753,42941,0,2051,2308,2969,3008,3186,2339,1510,1331,598,607,-9,-2
754,42941,2,2056,2307,2974,3007,3191,2338,1515,1330,630,626,4,0
755,42941,4,2059,2304,2971,3010,3194,2335,1512,1333,622,582,40,6
756,42941,6,2069,2306,2981,3012,3184,2333,1502,1331,603,611,-8,-2
757,42942,0,2073,2306,2977,3012,3180,2333,1506,1331,595,571,24,3
758,42942,2,2074,2311,2978,3017,3181,2338,1507,1336,519,343,176,26
759,42942,4,2048,2285,3004,3043,3155,2312,1533,1362,346,354,-8,-2
760,42942,6,2049,2288,3005,3046,3154,2309,1532,1359,550,374,176,26
761,42943,0,2096,2293,2958,3041,3107,2304,1579,1364,362,354,8,1
762,42943,2,2069,2318,2931,3066,3080,2329,1552,1389,518,539,-21,-4
763,42943,4,2041,2338,2959,3046,3052,2349,1580,1369,362,519,-157,-24
764,42943,6,2014,2317,2932,3025,3079,2370,1607,1390,543,562,-19,-3
765,42943,7,2017,2320,2929,3022,3076,2367,1610,1393,547,626,-79,-13
766,42944,1,2007,2336,2945,3012,3092,2357,1600,1409,586,518,68,10
767,42944,4,1963,2376,2969,2992,3048,2397,1624,1389,535,522,13,1
768,42944,6,1960,2377,2966,2993,3051,2396,1627,1388,379,382,-3,-1
769,42944,7,1959,2376,2967,2994,3052,2397,1626,1387,531,518,13,1
770,42945,1,1954,2373,2964,2989,3049,2392,1621,1384,346,366,-20,-4
771,42945,3,1957,2384,2953,2986,3052,2403,1610,1381,330,338,-8,-2
772,42945,5,1960,2383,2952,2989,3053,2400,1607,1382,351,354,-3,-1
773,42945,7,1966,2387,2948,2983,3047,2396,1611,1388,515,567,-52,-8
774,42946,1,1959,2396,2957,2976,3056,2389,1604,1397,514,535,-21,-4
775,42946,3,1977,2406,2947,2958,3074,2399,1594,1379,514,598,-84,-13
776,42946,5,1960,2415,2956,2941,3065,2416,1611,1370,374,371,3,0
777,42946,7,1963,2418,2953,2938,3062,2413,1614,1373,383,515,-132,-21
778,42947,1,1980,2393,2928,2955,3037,2430,1631,1348,523,310,213,32
779,42947,3,2010,2359,2962,2925,3067,2396,1665,1318,343,326,17,2
780,42947,4,2008,2361,2964,2923,3065,2398,1667,1316,307,319,-12,-2
781,42947,6,2017,2348,2973,2910,3056,2411,1658,1329,362,378,-16,-3
782,42948,0,2017,2354,2973,2904,3056,2405,1658,1335,378,379,-1,-1
783,42948,3,1997,2382,2943,2922,3036,2433,1628,1353,326,342,-16,-3
784,42948,4,1994,2385,2946,2919,3033,2436,1631,1350,382,338,44,6
785,42948,6,1986,2381,2938,2915,3041,2440,1639,1354,331,319,12,1
786,42949,0,1988,2381,2936,2915,3039,2440,1641,1354,311,362,-51,-8
787,42949,2,1992,2393,2940,2927,3043,2452,1645,1366,339,322,17,2
788,42949,4,1997,2392,2935,2928,3048,2451,1640,1367,310,271,39,5
789,42949,6,2002,2397,2940,2933,3043,2446,1635,1362,379,271,108,16
790,42950,0,1980,2387,2962,2943,3065,2456,1613,1352,287,311,-24,-4
791,42950,2,1982,2377,2964,2933,3067,2446,1615,1342,382,287,95,14
792,42950,4,1971,2360,2975,2950,3056,2429,1626,1359,286,318,-32,-5
793,42950,6,1973,2368,2977,2958,3054,2421,1624,1351,571,550,21,3
794,42951,0,1978,2369,2972,2957,3049,2420,1629,1352,583,602,-19,-3
795,42951,1,1981,2372,2975,2960,3052,2423,1632,1355,606,519,87,13
796,42951,3,1995,2360,2987,2946,3066,2411,1644,1341,602,514,88,13
797,42951,5,1986,2377,3004,2937,3049,2420,1653,1324,519,619,-100,-16
798,42951,7,1992,2351,3030,2931,3043,2446,1627,1330,618,599,19,2
799,42952,1,1992,2347,3026,2931,3039,2446,1627,1326,615,590,25,3
800,42952,3,1967,2328,3045,2956,3014,2427,1646,1351,594,530,64,9
801,42952,5,1977,2320,3037,2966,3022,2417,1636,1359,586,554,32,4
802,42952,7,1979,2314,3043,2964,3020,2423,1630,1361,614,567,47,7
803,42953,1,1971,2320,3049,2956,3026,2415,1622,1367,630,563,67,10
804,42953,3,1979,2308,3061,2948,3034,2403,1634,1359,590,551,39,5
805,42953,5,1974,2313,3066,2943,3029,2408,1639,1354,567,534,33,5
806,42953,6,1969,2318,3061,2948,3034,2403,1644,1349,523,571,-48,-8
807,42954,1,1964,2349,3076,2927,3049,2382,1639,1380,547,546,1,0
808,42954,3,1959,2344,3081,2932,3044,2377,1644,1385,562,522,40,6
809,42954,5,1980,2353,3090,2953,3035,2356,1623,1376,606,539,67,10
810,42954,6,1990,2343,3100,2943,3025,2366,1613,1386,634,618,16,2
811,42955,0,1999,2338,3091,2948,3016,2371,1622,1381,550,570,-20,-4
812,42955,2,1998,2347,3090,2957,3015,2380,1621,1390,543,554,-11,-2
813,42955,4,1997,2344,3091,2960,3014,2377,1622,1393,622,619,3,0
814,42955,6,1989,2352,3083,2968,3022,2369,1630,1385,607,530,77,11
815,42956,4,2006,2359,3098,2973,3069,2390,1615,1376,634,626,8,1
816,42956,5,2005,2358,3097,2972,3070,2391,1616,1377,626,630,-4,-1
817,42956,7,2002,2357,3098,2975,3073,2392,1615,1374,526,630,-104,-16
818,42957,1,2017,2340,3081,2990,3056,2407,1630,1357,534,531,3,0
819,42957,3,2012,2335,3086,2995,3051,2402,1635,1362,635,623,12,1
820,42957,5,2011,2336,3087,2994,3050,2403,1636,1361,622,611,11,1
821,42957,7,2011,2338,3085,2994,3050,2401,1638,1361,562,558,4,0
822,42958,1,2014,2341,3088,2997,3053,2404,1641,1364,575,590,-15,-3
823,42958,3,2014,2335,3094,2997,3053,2398,1647,1364,579,538,41,6
824,42958,5,2018,2327,3086,3001,3061,2394,1643,1372,638,622,16,2
825,42958,7,2021,2326,3087,2998,3058,2395,1642,1375,559,574,-15,-3
826,42959,1,2024,2323,3084,3001,3055,2398,1645,1372,614,531,83,12
827,42959,2,2036,2311,3096,2989,3067,2386,1657,1360,522,547,-25,-4
828,42959,4,2036,2303,3096,2997,3067,2378,1657,1368,598,610,-12,-2
829,42959,6,2016,2319,3076,3013,3087,2362,1677,1352,611,515,96,14
830,42960,0,2000,2307,3092,3025,3103,2374,1661,1340,519,619,-100,-16
831,42960,2,1983,2292,3075,3010,3086,2359,1644,1325,539,563,-24,-4
832,42960,4,1985,2298,3073,3004,3088,2365,1642,1319,622,534,88,13
833,42960,6,1968,2289,3056,2995,3105,2374,1659,1328,558,538,20,3
834,42961,0,1973,2290,3051,2994,3100,2373,1664,1329,538,523,15,2
835,42961,2,1967,2292,3045,2996,3094,2375,1658,1331,542,610,-68,-11
836,42961,4,1955,2282,3057,3006,3082,2365,1670,1341,555,559,-4,-1
837,42961,6,1949,2286,3051,3010,3088,2361,1676,1337,594,527,67,10
838,42961,7,1939,2276,3061,3020,3098,2371,1666,1327,539,558,-19,-3
839,42962,2,1928,2279,3056,3017,3093,2368,1655,1330,638,523,115,17
840,42962,4,1905,2268,3079,3028,3070,2357,1678,1341,626,599,27,4
841,42962,6,1904,2261,3078,3021,3071,2364,1679,1348,543,538,5,0
842,42962,7,1904,2261,3078,3021,3071,2364,1679,1348,559,578,-19,-3
843,42963,1,1922,2273,3090,3039,3083,2382,1697,1360,610,619,-9,-2
844,42963,3,1917,2272,3091,3044,3078,2381,1698,1365,623,622,1,0
845,42963,5,1915,2270,3089,3042,3080,2383,1700,1367,515,631,-116,-18
846,42963,7,1950,2269,3090,3007,3045,2384,1699,1402,547,522,25,3
847,42964,1,1952,2265,3086,3009,3041,2386,1701,1398,574,582,-8,-2
848,42964,3,1949,2258,3093,3012,3038,2379,1708,1401,586,583,3,0
849,42964,5,1946,2255,3090,3009,3041,2382,1711,1404,638,519,119,18
850,42964,7,1960,2233,3112,2995,3027,2404,1689,1418,522,591,-69,-11
851,42965,1,1972,2223,3102,3007,3017,2416,1701,1408,570,574,-4,-1
852,42965,2,1971,2224,3101,3008,3016,2417,1700,1409,542,634,-92,-15
853,42965,4,1957,2208,3115,3024,3002,2401,1714,1425,535,527,8,1
854,42965,6,1973,2194,3131,3010,2986,2415,1698,1439,618,542,76,11
855,42966,2,1978,2195,3158,3033,3013,2438,1703,1440,634,515,119,18
856,42966,4,1959,2178,3177,3050,2994,2421,1722,1457,639,550,89,13
857,42966,6,1949,2162,3167,3034,3004,2437,1732,1473,635,598,37,5
858,42967,0,1953,2168,3163,3028,3000,2431,1736,1479,623,523,100,15
859,42967,1,1938,2153,3148,3013,2985,2416,1721,1464,626,610,16,2
860,42967,3,1938,2149,3152,3013,2985,2412,1725,1464,579,571,8,1
861,42967,5,1939,2152,3155,3014,2982,2411,1724,1461,578,575,3,0
862,42967,7,1934,2147,3160,3019,2987,2416,1719,1456,614,587,27,4
863,42968,1,1938,2143,3156,3023,2983,2420,1723,1452,555,534,21,3
864,42968,3,1940,2151,3148,3021,2985,2428,1715,1450,575,602,-27,-5
865,42968,5,1933,2154,3151,3014,2982,2435,1722,1447,614,526,88,13
866,42968,7,1950,2145,3160,2997,2965,2444,1713,1464,623,547,76,11
867,42969,1,1938,2155,3170,2985,2975,2432,1701,1474,583,579,4,0
868,42969,3,1937,2154,3171,2986,2974,2431,1702,1475,594,638,-44,-7
869,42969,5,1945,2148,3165,2994,2980,2423,1694,1481,638,798,-160,-25
870,42969,6,1970,2123,3190,2969,2955,2448,1669,1506,799,874,-75,-12
871,42970,1,1978,2123,3166,2953,2931,2432,1677,1506,838,810,28,4
872,42970,3,1980,2133,3156,2951,2933,2442,1667,1504,847,886,-39,-6
873,42970,5,1972,2137,3160,2943,2929,2450,1675,1500,895,787,108,16
874,42970,6,1988,2121,3176,2927,2913,2466,1659,1516,866,842,24,3
875,42971,0,1989,2126,3175,2922,2912,2461,1660,1521,819,871,-52,-8
876,42971,2,1988,2143,3174,2939,2911,2478,1659,1538,818,835,-17,-3
877,42971,4,1984,2141,3178,2941,2907,2476,1663,1540,854,863,-9,-2
878,42971,6,2008,2113,3202,2913,2883,2504,1639,1568,1035,878,157,23
879,42972,0,1983,2092,3227,2934,2908,2525,1614,1547,847,891,-44,-7
880,42972,2,1975,2086,3219,2928,2900,2519,1606,1541,1039,1051,-12,-2
881,42972,4,1978,2087,3216,2927,2903,2520,1603,1540,883,882,1,0
882,42972,6,2006,2059,3244,2899,2875,2548,1575,1568,823,818,5,0
883,42973,0,2012,2053,3238,2905,2869,2554,1581,1562,799,787,12,1
884,42973,2,2003,2060,3229,2912,2860,2561,1572,1569,811,770,41,6
885,42973,3,2009,2066,3223,2906,2866,2567,1566,1563,838,883,-45,-7
886,42973,5,2017,2060,3217,2914,2872,2559,1558,1569,890,1042,-152,-24
887,42974,0,2023,2052,3259,2874,2866,2567,1516,1609,1067,1111,-44,-7
888,42974,2,2019,2042,3255,2864,2862,2557,1512,1599,1138,1318,-180,-28
889,42974,3,2047,2070,3227,2836,2890,2585,1484,1571,1283,1307,-24,-4
890,42974,5,2043,2074,3231,2832,2886,2589,1488,1567,1098,1075,23,3
891,42974,7,2044,2069,3236,2831,2885,2594,1483,1568,1110,1027,83,12
892,42975,1,2034,2083,3250,2821,2899,2584,1473,1582,1062,1111,-49,-8
893,42975,3,2030,2095,3238,2825,2895,2596,1461,1586,1286,1135,151,23
894,42975,5,2004,2115,3258,2799,2875,2622,1487,1566,1099,1139,-40,-7
895,42975,7,2011,2108,3265,2792,2868,2629,1480,1573,1326,1350,-24,-4
896,42976,1,2008,2113,3270,2789,2873,2626,1477,1578,1322,1327,-5,-1
897,42976,3,2003,2106,0,2794,2868,2619,1484,1583,1322,1306,16,2
898,42976,5,2005,2104,3275,2796,2870,2617,1482,1585,1310,1307,3,0
899,42976,7,2023,2122,3257,2778,2852,2599,1500,1603,1375,1310,65,9
900,42977,0,2014,2131,3266,2769,2861,2590,1491,1612,1367,1387,-20,-4
901,42977,2,2012,2141,3264,2779,2859,2600,1489,1622,1402,1295,107,16
902,42977,4,2031,2154,3245,2766,2878,2613,1470,1609,1299,1318,-19,-3
903,42977,7,2039,2136,3257,2752,2870,2631,1458,1623,1286,1311,-25,-4
904,42978,0,2035,2140,3261,2748,2874,2627,1454,1627,1395,1358,37,5
905,42978,2,2039,2146,3265,2754,2878,2633,1458,1633,1294,1322,-28,-5
906,42978,4,2053,2142,3251,2758,2892,2629,1444,1637,1286,1371,-85,-13
907,42978,6,2056,2165,3254,2781,2889,2606,1441,1614,1334,1298,36,5
908,42979,0,2074,2157,3236,2789,2871,2614,1459,1606,1362,1151,211,32
909,42979,2,2040,2127,3202,2759,2837,2584,1425,1576,1126,1074,52,7
910,42979,4,2049,2132,3193,2754,2846,2589,1416,1571,1146,1319,-173,-27
911,42979,6,2019,2108,3163,2730,2876,2613,1446,1595,1330,1322,8,1
912,42980,0,2019,2106,3163,2732,2876,2615,1446,1593,1123,1130,-7,-2
913,42980,2,2018,2103,3162,2729,2875,2612,1445,1590,1326,1355,-29,-5
914,42980,4,2012,2119,3168,2713,2869,2628,1451,1574,1283,1374,-91,-14
915,42980,6,2032,2127,3188,2721,2849,2620,1431,1566,1126,1138,-12,-2
916,42980,7,2030,2125,3190,2723,2851,2622,1429,1564,1135,1095,40,6
917,42981,1,2020,2127,3192,2713,2853,2612,1419,1566,1055,1051,4,0
918,42981,3,2004,2111,3208,2729,2837,2596,1435,1582,1138,1091,47,7
919,42981,6,2006,2109,3224,2713,2821,2612,1433,1584,1362,1390,-28,-5
920,42981,7,2011,2114,3219,2708,2816,2607,1438,1589,1387,1330,57,8
921,42982,1,2018,2105,3210,2715,2807,2614,1445,1580,1334,1342,-8,-2
922,42982,3,2024,2107,3208,2709,2813,2616,1443,1574,1371,1327,44,6
923,42982,5,2023,2094,3195,2708,2826,2617,1444,1587,1367,1331,36,5
924,42982,7,2027,2088,3201,2704,2822,2623,1438,1591,1330,1142,188,28
925,42983,1,1996,2113,3226,2673,2847,2592,1407,1616,1127,1123,4,0
926,42983,3,1999,2116,3223,2670,2850,2595,1404,1613,1147,1135,12,1
927,42983,5,2010,2129,3236,2681,2837,2584,1393,1600,1058,1038,20,3
928,42983,7,2010,2135,3230,2681,2837,2578,1399,1600,1110,1102,8,1
929,42984,1,2009,2132,3227,2680,2834,2577,1398,1597,1115,1083,32,4
930,42984,3,2006,2137,3222,2683,2831,2582,1393,1600,1071,1102,-31,-5
931,42984,4,2001,2142,3227,2678,2826,2587,1398,1595,1146,1099,47,7
932,42984,6,1989,2140,3215,2676,2838,2589,1410,1597,1082,1115,-33,-6
933,42985,0,1980,2137,3224,2679,2847,2592,1401,1594,1135,1127,8,1
934,42985,2,1952,2163,3196,2705,2819,2618,1373,1620,1134,1082,52,7
935,42985,4,1988,2141,3160,2727,2855,2596,1337,1642,1311,1303,8,1
936,42985,6,1991,2140,3163,2726,2852,2597,1334,1643,1307,1314,-7,-2
937,42986,0,1982,2153,3172,2713,2861,2584,1325,1656,1355,1359,-4,-1
938,42986,2,1982,2151,3172,2711,2861,2582,1325,1654,1303,1307,-4,-1
939,42986,4,1988,2147,3166,2715,2867,2578,1319,1658,1286,1398,-112,-18
940,42986,6,2021,2150,3199,2718,2834,2575,1286,1655,1370,1375,-5,-1
941,42987,0,2002,2167,3218,2701,2853,2558,1267,1672,1302,1406,-104,-16
942,42987,1,2018,2183,3234,2717,2869,2574,1283,1688,1390,1399,-9,-2
943,42987,4,2026,2195,3222,2709,2877,2586,1271,1680,1330,1326,4,0
944,42987,6,1999,2222,3195,2736,2904,2559,1298,1653,1119,1131,-12,-2
945,42988,0,1998,2227,3196,2731,2905,2554,1297,1658,1287,1287,0,0
946,42988,1,1998,2227,3196,2731,2905,2554,1297,1658,1103,1290,-187,-29
947,42988,3,2025,2196,3227,2704,2932,2523,1328,1631,1074,1146,-72,-11
948,42988,5,2013,2206,3237,2692,2922,2535,1340,1621,1035,1079,-44,-7
949,42988,7,2024,2231,3212,2681,2911,2510,1365,1632,1107,1075,32,4
950,42989,1,2025,2240,3221,2682,2920,2511,1366,1641,1062,1059,3,0
951,42989,3,2010,2225,3236,2697,2905,2496,1381,1656,1138,1046,92,14
952,42989,5,1995,2238,3249,2682,2892,2511,1396,1643,1151,1050,101,15
953,42989,7,1982,2255,3232,2695,2905,2494,1413,1630,1103,1066,37,5
954,42990,1,1980,2243,3220,2693,2893,2492,1411,1618,1075,1098,-23,-4
955,42990,3,1982,2237,3226,2691,2895,2486,1417,1616,1046,1034,12,1
956,42990,5,1995,2248,3237,2704,2884,2473,1404,1605,1074,1070,4,0
957,42990,7,1996,2249,3236,2703,2883,2472,1405,1606,887,895,-8,-2
958,42991,0,1998,2247,3234,2705,2881,2474,1407,1604,1054,1066,-12,-2
959,42991,3,1993,2246,3239,2714,2876,2473,1412,1613,1290,1314,-24,-4
960,42991,5,1981,2226,3219,2702,2896,2485,1424,1633,1343,1327,16,2
961,42991,7,1973,2222,3223,2710,2904,2489,1420,1625,1130,1122,8,1
962,42992,0,1974,2221,3222,2711,2903,2490,1421,1624,1058,1091,-33,-6
963,42992,2,1964,2219,3212,2709,2893,2488,1411,1622,1134,1127,7,1
964,42992,4,1959,2222,3217,2706,2888,2491,1416,1619,1046,1054,-8,-2
965,42992,6,1946,2239,3204,2723,2901,2474,1429,1602,1114,1091,23,3
966,42993,0,1923,2268,3227,2694,2924,2445,1406,1631,875,859,16,2
967,42993,2,1917,2270,3221,2696,2918,2447,1400,1633,859,786,73,11
968,42993,4,1928,2281,3210,2685,2929,2458,1389,1622,778,807,-29,-5
969,42993,6,1920,2279,3202,2683,2937,2460,1397,1624,795,891,-96,-15
970,42994,0,1924,2305,3198,2657,2933,2434,1401,1650,863,883,-20,-4
971,42994,2,1917,2304,3191,2656,2926,2433,1394,1649,890,1055,-165,-26
972,42994,4,1942,2331,3166,2629,2951,2460,1369,1622,1110,1123,-13,-2
973,42994,6,1927,2350,3151,2648,2966,2441,1384,1603,1103,1126,-23,-4
974,42994,7,1923,2346,3155,2652,2970,2445,1380,1599,1099,1043,56,8
975,42995,3,1931,2328,3177,2616,2994,2411,1386,1579,858,835,23,3
976,42995,5,1926,2329,3178,2611,2993,2416,1391,1578,803,838,-35,-6
977,42995,7,1964,2355,3152,2573,2955,2390,1417,1616,1070,1074,-4,-1
978,42996,1,1968,2361,3158,2577,2961,2394,1421,1622,875,843,32,4
979,42996,3,1966,2367,3152,2579,2959,2400,1415,1624,878,826,52,7
980,42996,4,1973,2360,3145,2586,2966,2393,1408,1631,842,774,68,10
981,42996,6,1956,2357,3128,2583,2983,2396,1425,1634,827,871,-44,-7
982,42997,0,1954,2345,3130,2595,2985,2408,1423,1622,827,850,-23,-4
983,42997,3,1947,2336,3147,2610,2978,2399,1440,1637,874,890,-16,-3
984,42997,5,1945,2328,3139,2608,2986,2401,1442,1645,843,807,36,5
985,42997,6,1940,2333,3134,2613,2991,2396,1447,1640,827,838,-11,-2
986,42998,0,1944,2333,3130,2613,2987,2396,1451,1640,842,874,-32,-5
987,42998,2,1943,2324,3129,2604,2986,2387,1450,1631,1054,1051,3,0
988,42998,4,1919,2348,3153,2580,2962,2411,1474,1607,891,850,41,6
989,42998,6,1911,2344,3145,2576,2970,2415,1482,1611,1098,1050,48,7
990,42999,0,1924,2345,3132,2575,2957,2414,1495,1612,1099,1067,32,4
991,42999,2,1919,2342,3127,2572,2952,2411,1490,1609,862,858,4,0
992,42999,4,1919,2342,3127,2572,2952,2411,1490,1609,843,859,-16,-3
993,42999,6,1919,2336,3127,2566,2952,2417,1490,1615,867,847,20,3
994,43000,0,1919,2330,3127,2572,2952,2423,1490,1609,790,823,-33,-6
995,43000,1,1913,2324,3121,2566,2946,2417,1484,1603,823,799,24,3
996,43000,3,1916,2333,3112,2563,2949,2426,1475,1600,862,850,12,1
997,43000,5,1914,2329,3108,2561,2953,2428,1477,1604,786,883,-97,-15
998,43000,7,1902,2347,3090,2573,2965,2410,1495,1592,827,830,-3,-1
999,43001,1,1914,2357,3100,2585,2975,2422,1507,1602,878,891,-13,-2
1000,43001,3,1919,2366,3091,2580,2980,2431,1498,1597,887,886,1,0
1001,43001,5,1919,2366,3091,2580,2980,2431,1498,1597,862,810,52,7
1002,43001,7,1909,2370,3087,2590,2990,2427,1502,1587,866,874,-8,-2
1003,43002,1,1902,2367,3084,2583,2987,2420,1495,1584,822,835,-13,-2
1004,43002,3,1907,2368,3083,2578,2992,2421,1494,1579,859,822,37,5
1005,43002,5,1909,2360,3075,2580,3000,2419,1492,1587,890,886,4,0
1006,43002,6,1909,2360,3075,2580,3000,2419,1492,1587,879,890,-11,-2
1007,43003,1,1904,2379,3098,2579,3023,2418,1487,1606,815,842,-27,-5
1008,43003,3,1892,2377,3100,2591,3011,2416,1489,1618,850,887,-37,-6
1009,43003,5,1905,2378,3101,2604,3010,2403,1476,1617,895,886,9,1
1010,43003,6,1904,2379,3100,2605,3011,2402,1477,1616,831,846,-15,-3
1011,43004,0,1909,2380,3095,2604,3006,2401,1482,1617,887,770,117,17
1012,43004,2,1928,2395,3114,2619,3025,2416,1501,1632,874,823,51,7
1013,43004,4,1923,2386,3119,2628,3020,2407,1506,1641,843,778,65,9
1014,43004,6,1909,2382,3105,2624,3034,2411,1520,1645,790,850,-60,-10
1015,43005,0,1899,2372,3115,2634,3044,2421,1510,1635,819,830,-11,-2
1016,43005,2,1898,2377,3114,2639,3043,2426,1509,1640,1043,878,165,25
1017,43005,4,1925,2400,3087,2616,3070,2449,1482,1617,1075,1067,8,1
1018,43005,6,1899,2428,3061,2644,3096,2421,1508,1589,887,886,1,0
1019,43006,0,1908,2419,3052,2653,3087,2430,1517,1580,790,787,3,0
1020,43006,1,1908,2419,3052,2653,3087,2430,1517,1580,887,871,16,2
1021,43006,3,1894,2409,3062,2667,3073,2420,1527,1594,635,770,-135,-21
1022,43006,5,1872,2429,3082,2645,3053,2442,1549,1574,835,842,-7,-2
1023,43007,0,1874,2425,3076,2653,3051,2446,1555,1566,867,838,29,4
1024,43007,3,1874,2417,3076,2645,3051,2438,1555,1558,627,634,-7,-2
1025,43007,5,1849,2388,3047,2620,3080,2463,1580,1587,635,771,-136,-21
1026,43009,7,1821,2310,2935,2642,2962,2479,1514,1535,835,818,17,2
1027,43010,1,1820,2305,2930,2641,2957,2478,1513,1530,826,855,-29,-5
1028,43010,3,1824,2299,2936,2637,2961,2472,1519,1526,635,626,9,1
1029,43010,5,1825,2298,2935,2638,2962,2471,1518,1527,619,599,20,3
1030,43010,6,1828,2295,2938,2635,2959,2474,1515,1530,567,599,-32,-5
1031,43011,0,1821,2292,2945,2638,2966,2477,1508,1527,558,558,0,0
1032,43011,2,1824,2289,2948,2635,2969,2474,1511,1524,626,582,44,6
1033,43011,4,1830,2295,2942,2629,2975,2480,1505,1518,598,622,-24,-4
1034,43011,6,1829,2288,2941,2622,2976,2487,1506,1525,518,627,-109,-17
1035,43012,0,1840,2311,2930,2599,2965,2464,1517,1548,586,586,0,0
1036,43012,1,1840,2311,2930,2599,2965,2464,1517,1548,595,566,29,4
1037,43012,3,1831,2310,2931,2608,2956,2463,1518,1557,526,530,-4,-1
1038,43012,5,1837,2318,2939,2614,2948,2457,1512,1549,587,627,-40,-7
1039,43012,7,1830,2325,2932,2621,2955,2450,1519,1542,606,622,-16,-3
1040,43013,1,1848,2337,2944,2639,2967,2468,1537,1554,611,515,96,14
1041,43013,3,1860,2321,2960,2627,2979,2452,1553,1542,546,542,4,0
1042,43013,4,1860,2321,2960,2627,2979,2452,1553,1542,535,530,5,0
1043,43013,6,1860,2321,2960,2627,2979,2452,1553,1542,639,590,49,7
1044,43014,0,1845,2322,2975,2626,2994,2451,1538,1543,622,587,35,5
1045,43014,2,1849,2328,2979,2632,2998,2457,1542,1549,599,574,25,3
1046,43014,4,1845,2326,2983,2634,2994,2455,1546,1551,611,514,97,14
1047,43014,6,1832,2311,2970,2619,3007,2470,1559,1566,563,639,-76,-12
1048,43014,7,1820,2299,2982,2631,3019,2482,1547,1554,627,518,109,16
1049,43015,1,1795,2306,2989,2606,3026,2457,1522,1561,551,554,-3,-1
1050,43015,3,1781,2294,3001,2620,3012,2445,1534,1575,610,603,7,1
1051,43015,5,1773,2288,2995,2612,3018,2453,1542,1581,551,578,-27,-5
1052,43015,7,1785,2290,2993,2600,3006,2451,1544,1593,782,779,3,0
1053,43016,1,1786,2291,2994,2601,3007,2452,1545,1594,778,615,163,24
1054,43016,2,1762,2315,2970,2625,2983,2476,1521,1618,783,802,-19,-3
1055,43016,4,1787,2296,2945,2644,3008,2457,1496,1637,771,610,161,24
1056,43016,6,1764,2271,2922,2619,3031,2482,1519,1662,574,611,-37,-6
1057,43017,0,1755,2268,2931,2622,3040,2485,1510,1659,619,582,37,5
1058,43017,2,1739,2274,2915,2628,3024,2491,1494,1665,575,634,-59,-10
1059,43017,4,1739,2254,2915,2648,3024,2471,1494,1685,619,607,12,1
1060,43017,5,1740,2255,2916,2649,3023,2470,1493,1684,611,583,28,4
1061,43017,7,1735,2258,2913,2654,3028,2467,1496,1679,634,778,-144,-22
1062,43018,1,1718,2285,2940,2637,3055,2450,1479,1706,770,855,-85,-13
1063,43018,3,1735,2276,2949,2620,3072,2441,1488,1689,815,799,16,2
1064,43018,5,1737,2274,2947,2622,3074,2439,1486,1691,823,851,-28,-5
1065,43019,0,1717,2280,2957,2626,3094,2433,1476,1687,851,870,-19,-3
1066,43019,1,1720,2283,2960,2629,3097,2436,1479,1690,847,863,-16,-3
1067,43019,3,1713,2282,2961,2636,3090,2435,1480,1697,778,795,-17,-3
1068,43019,5,1724,2287,2966,2647,3085,2424,1469,1692,791,770,21,3
1069,43019,7,1726,2295,2958,2645,3083,2416,1477,1694,839,834,5,0
1070,43020,1,1699,2268,2931,2618,3056,2389,1450,1667,894,1059,-165,-26
1071,43020,3,1719,2236,2963,2598,3076,2357,1482,1647,803,814,-11,-2
1072,43020,4,1717,2238,2965,2596,3074,2359,1484,1645,846,835,11,1
1073,43020,6,1717,2236,2965,2594,3074,2361,1484,1647,859,847,12,1
1074,43021,0,1725,2230,2957,2600,3066,2367,1492,1641,850,874,-24,-4
1075,43021,2,1728,2235,2960,2605,3069,2372,1495,1646,822,790,32,4
1076,43021,4,1734,2237,2954,2603,3075,2374,1489,1644,855,1043,-188,-29
1077,43021,6,1703,2210,2923,2576,3106,2401,1520,1671,1067,1147,-80,-13
1078,43021,7,1716,2223,2910,2563,3093,2388,1533,1684,1106,1034,72,10
1079,43022,1,1729,2216,2903,2576,3086,2401,1546,1677,818,835,-17,-3
1080,43022,3,1737,2218,2901,2568,3094,2403,1544,1669,870,839,31,4
1081,43022,5,1740,2213,2896,2571,3099,2400,1541,1674,863,783,80,12
1082,43022,7,1754,2203,2906,2557,3085,2410,1531,1688,630,615,15,2
1083,43023,1,1750,2203,2906,2553,3085,2406,1527,1688,579,578,1,0
1084,43023,2,1750,2203,2906,2553,3085,2406,1527,1688,590,602,-12,-2
1085,43023,4,1725,2224,2931,2532,3060,2427,1552,1667,566,550,16,2
1086,43023,6,1725,2228,2931,2536,3060,2423,1552,1663,631,563,68,10
1087,43024,0,1716,2217,2940,2547,3069,2434,1543,1652,638,622,16,2
1088,43024,2,1711,2226,2935,2556,3064,2443,1538,1661,614,523,91,13
1089,43024,4,1698,2213,2948,2569,3051,2430,1551,1674,522,551,-29,-5
1090,43024,5,1703,2218,2953,2574,3046,2425,1546,1669,555,534,21,3
1091,43024,7,1713,2222,2949,2564,3036,2421,1550,1679,631,627,4,0
1092,43025,1,1709,2218,2945,2560,3032,2417,1546,1675,578,550,28,4
1093,43025,3,1713,2214,2949,2556,3036,2413,1550,1671,630,566,64,9
1094,43025,5,1689,2208,2943,2532,3042,2437,1574,1677,542,538,4,0
1095,43025,7,1684,2203,2948,2537,3047,2442,1569,1672,555,526,29,4
1096,43026,0,1688,2199,2944,2541,3043,2446,1573,1668,526,531,-5,-1
1097,43026,2,1703,2182,2959,2524,3058,2429,1588,1651,578,555,23,3
1098,43026,4,1691,2188,2971,2518,3046,2435,1600,1645,526,515,11,1
1099,43026,6,1682,2195,2962,2525,3055,2428,1609,1638,631,635,-4,-1
1100,43027,0,1668,2207,2976,2513,3069,2416,1595,1650,562,627,-65,-10
1101,43027,2,1692,2203,3000,2509,3093,2412,1619,1646,606,826,-220,-34
1102,43027,3,1658,2169,3034,2543,3059,2378,1653,1680,823,855,-32,-5
1103,43027,5,1656,2157,3022,2541,3071,2380,1655,1692,894,879,15,2
1104,43027,7,1659,2164,3015,2538,3068,2373,1662,1695,802,842,-40,-7
1105,43028,1,1655,2174,3025,2534,3078,2369,1658,1705,875,1083,-208,-32
1106,43028,3,1685,2140,3059,2504,3108,2335,1692,1675,883,843,40,6
1107,43028,5,1684,2127,3046,2503,3121,2336,1693,1688,867,866,1,0
1108,43028,6,1684,2127,3046,2503,3121,2336,1693,1688,1027,863,164,25
1109,43029,0,1709,2152,3021,2478,3096,2311,1718,1713,863,838,25,3
1110,43029,2,1694,2161,3006,2487,3081,2320,1703,1722,882,811,71,10
1111,43029,4,1711,2164,2989,2484,3098,2323,1686,1719,834,795,39,5
1112,43029,6,1693,2192,2971,2512,3116,2295,1704,1691,635,638,-3,-1
1113,43030,0,1688,2199,2976,2505,3121,2288,1699,1698,827,807,20,3
1114,43030,1,1691,2202,2979,2508,3124,2291,1702,1701,815,818,-3,-1
1115,43030,3,1690,2199,2982,2509,3123,2288,1705,1702,527,606,-79,-13
1116,43030,5,1680,2215,2998,2499,3107,2298,1715,1686,615,535,80,12
1117,43030,7,1697,2208,3005,2482,3090,2305,1708,1703,542,559,-17,-3
1118,43031,1,1704,2209,3006,2489,3091,2312,1715,1704,562,571,-9,-2
1119,43031,3,1699,2208,3007,2494,3086,2311,1716,1709,607,618,-11,-2
1120,43031,4,1701,2206,3005,2496,3088,2309,1714,1711,534,634,-100,-16
1121,43031,6,1684,2191,2988,2481,3105,2324,1731,1726,630,594,36,5
1122,43032,0,1685,2180,2987,2492,3104,2335,1732,1715,611,599,12,1
1123,43032,2,1690,2177,2992,2489,3109,2332,1737,1712,519,519,0,0
1124,43032,4,1693,2174,2989,2492,3112,2329,1734,1715,599,574,25,3
1125,43032,6,1694,2167,2990,2485,3111,2336,1733,1722,527,563,-36,-6
1126,43032,7,1688,2161,2996,2491,3117,2342,1727,1716,606,634,-28,-5
1127,43033,1,1690,2153,2988,2493,3109,2344,1729,1708,635,551,84,12
1128,43033,3,1702,2141,3000,2481,3121,2332,1741,1696,602,634,-32,-5
1129,43033,6,1709,2134,2997,2484,3124,2329,1734,1703,599,575,24,3
1130,43033,7,1706,2131,3000,2487,3127,2332,1731,1700,543,531,12,1
1131,43034,1,1707,2130,2999,2488,3126,2333,1732,1699,583,615,-32,-5
1132,43034,3,1710,2123,3006,2485,3129,2326,1739,1696,574,550,24,3
1133,43034,5,1709,2116,2999,2484,3136,2327,1740,1703,618,566,52,7
1134,43034,7,1714,2107,3008,2479,3131,2336,1731,1708,523,555,-32,-5
1135,43035,1,1721,2104,3005,2486,3128,2343,1738,1705,594,790,-196,-30
1136,43035,2,1691,2134,2975,2516,3098,2373,1708,1735,771,806,-35,-6
1137,43035,4,1670,2143,2996,2507,3077,2382,1729,1726,895,878,17,2
1138,43035,6,1660,2157,2986,2521,3087,2368,1739,1712,634,634,0,0
1139,43036,0,1647,2170,2999,2508,3100,2355,1726,1725,851,875,-24,-4
1140,43036,2,1627,2182,2979,2520,3080,2367,1706,1737,807,794,13,1
1141,43036,4,1628,2179,2978,2523,3081,2364,1705,1740,879,770,109,16
1142,43036,5,1612,2163,2962,2507,3097,2380,1721,1756,782,770,12,1
1143,43036,7,1615,2164,2961,2504,3094,2379,1722,1759,843,850,-7,-2
1144,43037,1,1622,2167,2964,2511,3097,2386,1729,1762,858,818,40,6
1145,43037,3,1626,2159,2972,2507,3101,2378,1737,1758,783,630,153,23
1146,43037,5,1599,2178,2991,2480,3082,2405,1764,1739,839,879,-40,-7
1147,43037,7,1611,2176,2993,2468,3070,2407,1762,1751,887,855,32,4
1148,43038,0,1615,2172,2989,2472,3066,2411,1766,1747,862,850,12,1
1149,43038,2,1602,2187,2976,2487,3053,2426,1753,1762,830,870,-40,-7
1150,43038,4,1613,2190,2965,2484,3064,2429,1742,1759,1039,1026,13,1
1151,43038,6,1610,2191,2962,2485,3067,2428,1745,1758,1042,1055,-13,-2
1152,43039,0,1607,2190,2965,2486,3070,2429,1742,1757,879,858,21,3
1153,43039,2,1603,2188,2961,2484,3066,2427,1738,1755,787,811,-24,-4
1154,43039,4,1599,2184,2965,2488,3062,2423,1742,1759,826,782,44,6
1155,43039,5,1605,2190,2971,2494,3056,2417,1736,1753,883,874,9,1
1156,43039,7,1603,2190,2971,2496,3058,2417,1736,1751,795,775,20,3
1157,43040,1,1608,2189,2970,2501,3057,2422,1741,1750,594,587,7,1
1158,43040,3,1610,2193,2966,2499,3059,2426,1737,1748,587,582,5,0
1159,43040,5,1610,2193,2966,2499,3059,2426,1737,1748,623,835,-212,-33
1160,43040,7,1573,2222,2937,2536,3096,2397,1766,1711,846,870,-24,-4
1161,43041,1,1574,2215,2930,2537,3089,2398,1767,1704,843,810,33,5
1162,43041,3,1579,2210,2935,2532,3094,2393,1772,1699,774,810,-36,-6
1163,43041,5,1589,2208,2933,2542,3096,2383,1762,1701,818,835,-17,-3
1164,43041,7,1596,2209,2932,2535,3089,2382,1763,1708,862,850,12,1
1165,43042,0,1597,2208,2931,2536,3088,2383,1764,1707,851,810,41,6
1166,43042,2,1610,2207,2944,2535,3101,2382,1777,1706,811,818,-7,-2
1167,43042,5,1589,2182,2915,2510,3130,2407,1798,1731,583,551,32,4
1168,43042,7,1578,2163,2934,2521,3141,2426,1779,1720,630,618,12,1
1169,43043,1,1570,2157,2928,2513,3135,2418,1771,1714,571,587,-16,-3
1170,43043,2,1567,2160,2925,2516,3132,2421,1768,1717,619,546,73,11
1171,43043,4,1582,2167,2910,2509,3147,2428,1753,1710,555,523,32,4
1172,43043,6,1612,2145,2940,2487,3117,2450,1723,1732,543,587,-44,-7
1173,43044,0,1616,2155,2936,2477,3113,2440,1727,1742,586,575,11,1
1174,43044,2,1617,2156,2937,2478,3114,2441,1728,1743,627,558,69,10
1175,43044,4,1606,2147,2948,2487,3103,2432,1739,1752,562,574,-12,-2
1176,43044,6,1606,2151,2948,2491,3103,2428,1739,1748,547,543,4,0
1177,43045,0,1610,2147,2944,2495,3099,2432,1743,1744,598,515,83,12
1178,43045,2,1569,2164,2903,2512,3058,2449,1702,1761,630,770,-140,-22
1179,43045,4,1543,2146,2929,2530,3032,2431,1728,1779,574,559,15,2
1180,43045,5,1545,2148,2931,2532,3030,2429,1726,1777,635,606,29,4
1181,43045,7,1544,2155,2924,2533,3031,2422,1733,1776,615,622,-7,-2
1182,43046,1,1543,2158,2927,2532,3034,2421,1732,1779,590,595,-5,-1
1183,43046,4,1553,2160,2919,2528,3044,2423,1724,1775,558,583,-25,-4
1184,43046,5,1557,2164,2923,2532,3040,2419,1720,1771,575,574,1,0
1185,43046,7,1552,2159,2928,2537,3045,2424,1715,1766,539,523,16,2
1186,43047,1,1529,2140,2909,2514,3026,2401,1692,1747,327,355,-28,-5
1187,43047,3,1530,2151,2898,2513,3027,2412,1681,1746,323,383,-60,-10
1188,43047,5,1549,2150,2897,2532,3028,2393,1662,1747,523,518,5,0
1189,43047,7,1548,2149,2898,2533,3029,2394,1661,1746,374,382,-8,-2
1190,43048,1,1567,2172,2921,2552,3052,2413,1680,1769,342,299,43,6
1191,43048,4,1539,2208,2937,2528,3024,2449,1696,1745,551,591,-40,-7
1192,43048,6,1548,2213,2946,2533,3015,2444,1687,1740,531,362,169,25
1193,43049,0,1549,2262,2945,2484,3014,2395,1688,1789,358,362,-4,-1
1194,43049,2,1522,2291,2918,2513,2987,2424,1661,1818,586,514,72,10
1195,43049,4,1546,2287,2894,2517,3011,2420,1637,1822,607,563,44,6
1196,43049,6,1558,2287,2906,2517,2999,2420,1625,1822,595,571,24,3
1197,43050,0,1555,2284,2909,2520,3002,2423,1622,1819,631,590,41,6
1198,43050,2,1557,2294,2911,2530,3004,2433,1624,1829,631,639,-8,-2
1199,43050,4,1551,2304,2917,2520,2998,2443,1630,1819,582,554,28,4
1200,43050,6,1539,2308,2905,2524,3010,2439,1642,1815,550,531,19,2
1201,43051,0,1541,2310,2903,2522,3008,2437,1644,1817,566,614,-48,-8
1202,43051,2,1545,2322,2907,2534,3012,2449,1648,1829,638,623,15,2
1203,43051,4,1549,2322,2903,2534,3016,2449,1644,1829,579,599,-20,-4
1204,43051,5,1545,2318,2899,2530,3020,2453,1648,1833,590,594,-4,-1
1205,43051,7,1543,2314,2903,2532,3022,2457,1644,1831,611,602,9,1
1206,43052,1,1545,2314,2903,2534,3022,2459,1646,1831,523,614,-91,-14
1207,43052,4,1559,2298,2917,2522,3036,2443,1660,1819,570,547,23,3
1208,43052,5,1556,2295,2914,2519,3039,2446,1663,1822,610,571,39,5
1209,43052,7,1561,2290,2919,2514,3034,2451,1658,1827,570,611,-41,-7
1210,43053,1,1573,2288,2917,2526,3032,2463,1670,1825,774,610,164,25
1211,43053,3,1595,2260,2945,2504,3054,2435,1698,1803,554,602,-48,-8
1212,43053,5,1606,2255,2940,2515,3059,2424,1687,1808,794,791,3,0
1213,43053,7,1599,2248,2947,2522,3066,2431,1680,1801,515,527,-12,-2
1214,43054,0,1597,2250,2949,2520,3068,2429,1678,1803,535,615,-80,-13
1215,43054,3,1576,2247,2926,2515,3047,2426,1655,1798,546,551,-5,-1
1216,43054,5,1575,2248,2927,2514,3046,2427,1656,1797,522,591,-69,-11
1217,43054,7,1571,2266,2909,2518,3050,2409,1674,1793,558,590,-32,-5
1218,43055,0,1576,2261,2904,2523,3045,2414,1679,1788,531,579,-48,-8
1219,43055,2,1582,2271,2910,2533,3051,2424,1685,1798,518,550,-32,-5
1220,43055,4,1584,2259,2908,2545,3053,2412,1683,1810,615,618,-3,-1
1221,43055,6,1592,2249,2916,2535,3045,2422,1675,1820,598,774,-176,-27
1222,43056,0,1623,2272,2885,2512,3014,2399,1706,1843,571,563,8,1
1223,43056,2,1619,2278,2881,2518,3010,2405,1702,1849,566,578,-12,-2
1224,43056,4,1616,2285,2884,2511,3007,2412,1705,1842,598,555,43,6
1225,43056,6,1607,2282,2875,2508,3016,2415,1714,1845,627,526,101,15
1226,43057,0,1622,2297,2860,2493,3001,2400,1729,1860,603,586,17,2
1227,43057,2,1621,2294,2859,2490,3000,2397,1728,1857,515,535,-20,-4
1228,43057,3,1617,2290,2863,2494,2996,2393,1732,1861,570,542,28,4
1229,43057,5,1612,2293,2866,2489,2993,2398,1737,1858,519,551,-32,-5
1230,43057,7,1621,2292,2867,2480,2984,2399,1736,1867,535,354,181,27
1231,43058,2,1678,2285,2870,2527,2987,2446,1793,1860,538,523,15,2
1232,43058,3,1676,2283,2872,2529,2985,2444,1795,1862,382,611,-229,-35
1233,43058,5,1637,2314,2903,2490,2954,2483,1834,1831,594,574,20,3
1234,43058,7,1638,2309,2908,2489,2953,2488,1829,1832,563,599,-36,-6
1235,43059,1,1629,2288,2887,2480,2932,2479,1820,1811,634,591,43,6
1236,43059,3,1634,2281,2894,2475,2937,2472,1827,1806,599,590,9,1
1237,43059,5,1626,2275,2888,2467,2943,2480,1835,1812,586,598,-12,-2
1238,43059,7,1647,2292,2871,2446,2922,2463,1852,1833,631,614,17,2
1239,43060,1,1655,2296,2875,2454,2926,2471,1860,1837,555,571,-16,-3
1240,43060,3,1654,2289,2882,2455,2925,2464,1867,1838,535,538,-3,-1
1241,43060,5,1680,2317,2910,2481,2897,2438,1841,1810,558,527,31,4
1242,43060,7,1686,2315,2912,2475,2891,2440,1839,1816,339,334,5,0
1243,43061,0,1686,2315,2912,2475,2891,2440,1839,1816,338,370,-32,-5
1244,43061,2,1659,2352,2885,2512,2864,2477,1812,1853,383,350,33,5
1245,43061,4,1675,2346,2869,2518,2880,2471,1796,1859,538,375,163,24
1246,43061,6,1696,2373,2890,2545,2859,2444,1775,1832,527,534,-7,-2
1247,43062,0,1694,2379,2892,2539,2861,2438,1773,1838,514,610,-96,-15
1248,43062,2,1674,2369,2872,2529,2841,2428,1753,1828,519,351,168,25
1249,43062,4,1675,2318,2871,2580,2842,2377,1752,1879,330,326,4,0
1250,43062,6,1670,2323,2866,2585,2847,2372,1757,1874,298,322,-24,-4
1251,43063,0,1671,2314,2865,2594,2846,2381,1758,1865,514,371,143,21
1252,43063,2,1656,2287,2850,2567,2831,2354,1743,1838,274,263,11,1
1253,43063,4,1658,2287,2848,2567,2833,2354,1741,1838,366,379,-13,-2
1254,43063,5,1656,2285,2846,2565,2835,2356,1743,1840,271,382,-111,-17
1255,43064,0,1675,2266,2861,2550,2816,2375,1728,1855,538,363,175,26
1256,43064,2,1699,2294,2885,2578,2840,2403,1752,1883,283,267,16,2
1257,43064,4,1702,2287,2882,2585,2843,2396,1749,1890,382,262,120,18
1258,43064,6,1684,2269,2864,2567,2861,2414,1767,1908,315,274,41,6
1259,43065,0,1703,2262,2845,2574,2842,2421,1786,1901,379,538,-159,-25
1260,43065,2,1729,2286,2871,2598,2868,2445,1812,1925,542,547,-5,-1
1261,43065,3,1728,2285,2872,2599,2867,2444,1813,1926,551,558,-7,-2
1262,43065,5,1704,2257,2844,2575,2895,2468,1837,1954,374,359,15,2
1263,43066,0,1729,2234,2815,2602,2870,2491,1866,1927,531,547,-16,-3
1264,43066,2,1730,2227,2816,2595,2871,2484,1867,1920,538,546,-8,-2
1265,43066,3,1732,2229,2814,2593,2873,2486,1865,1918,322,318,4,0
1266,43066,5,1738,2235,2820,2599,2867,2480,1859,1912,310,330,-20,-4
1267,43066,7,1734,2239,2816,2603,2871,2476,1863,1908,283,282,1,0
1268,43067,1,1731,2236,2813,2600,2868,2473,1860,1905,319,378,-59,-10
1269,43067,3,1718,2243,2806,2613,2855,2480,1853,1918,587,590,-3,-1
1270,43067,5,1720,2243,2806,2615,2855,2478,1851,1918,530,519,11,1
1271,43067,7,1711,2236,2813,2624,2864,2485,1844,1909,539,530,9,1
1272,43068,1,1715,2238,2815,2628,2866,2489,1848,1911,366,538,-172,-27
1273,43068,3,1714,2183,2870,2629,2865,2434,1903,1912,338,522,-184,-29
1274,43068,5,1686,2213,2900,2601,2835,2462,1931,1882,378,383,-5,-1
1275,43068,7,1688,2217,2896,2599,2833,2458,1935,1884,322,343,-21,-4
1276,43069,0,1692,2213,2892,2603,2829,2462,1939,1880,354,535,-181,-28
1277,43069,2,1718,2243,2918,2633,2855,2492,1965,1910,355,334,21,3
1278,43069,4,1711,2256,2925,2620,2848,2505,1972,1897,299,279,20,3
1279,43069,6,1705,2268,2919,2632,2854,2493,1978,1885,334,354,-20,-4
1280,43070,0,1709,2272,2915,2628,2850,2489,1982,1889,319,366,-47,-8
1281,43070,2,1708,2257,2914,2613,2849,2474,1981,1874,378,306,72,10
1282,43070,4,1699,2246,2923,2624,2840,2463,1990,1885,363,330,33,5
1283,43070,6,1697,2238,2921,2616,2842,2471,1992,1893,366,339,27,4
1284,43071,0,1699,2244,2919,2610,2840,2465,1994,1899,294,367,-73,-12
1285,43071,2,1708,2259,2928,2625,2849,2480,2003,1914,266,271,-5,-1
1286,43071,3,1707,2258,2929,2626,2848,2479,2004,1915,306,303,3,0
1287,43071,6,1708,2259,2930,2627,2847,2478,2003,1914,295,290,5,0
1288,43072,0,1704,2263,2934,2623,2851,2474,1999,1918,271,366,-95,-15
1289,43072,2,1689,2248,2919,2608,2836,2459,1984,1903,334,338,-4,-1
1290,43072,3,1690,2249,2918,2607,2837,2460,1983,1902,354,311,43,6
1291,43072,5,1693,2240,2909,2610,2846,2457,1980,1911,331,279,52,7
1292,43072,7,1698,2231,2918,2605,2841,2466,1971,1916,382,262,120,18
1293,43073,1,1680,2249,2936,2587,2859,2448,1953,1934,310,283,27,4
1294,43073,3,1685,2246,2939,2582,2864,2445,1956,1929,354,359,-5,-1
1295,43073,6,1680,2251,2932,2589,2871,2438,1961,1924,342,327,15,2
1296,43074,0,1684,2243,2928,2597,2867,2446,1965,1916,295,295,0,0
1297,43074,2,1677,2250,2921,2604,2860,2453,1958,1923,382,310,72,10
1298,43074,4,1668,2239,2930,2615,2851,2442,1967,1934,307,294,13,1
1299,43074,6,1660,2245,2922,2621,2859,2436,1975,1928,326,343,-17,-3
1300,43075,0,1654,2245,2928,2621,2865,2436,1969,1928,302,306,-4,-1
1301,43075,2,1650,2251,2924,2627,2861,2442,1965,1934,302,303,-1,-1
1302,43075,3,1649,2250,2925,2628,2860,2441,1966,1935,282,307,-25,-4
1303,43075,6,1655,2250,2923,2636,2862,2433,1960,1935,383,347,36,5
1304,43076,0,1643,2252,2935,2634,2874,2431,1948,1937,367,371,-4,-1
1305,43076,2,1642,2251,2934,2633,2873,2430,1947,1936,294,258,36,5
1306,43076,3,1637,2246,2939,2638,2868,2425,1952,1941,383,362,21,3
1307,43076,5,1643,2246,2939,2644,2868,2419,1946,1941,283,298,-15,-3
1308,43076,7,1632,2241,2944,2655,2879,2424,1941,1930,367,331,36,5
1309,43077,1,1621,2240,2943,2644,2878,2413,1930,1929,303,303,0,0
1310,43077,3,1619,2238,2945,2646,2876,2411,1932,1931,354,307,47,7
1311,43077,5,1616,2249,2956,2643,2865,2414,1935,1920,363,275,88,13
1312,43077,7,1600,2259,2946,2659,2881,2404,1945,1904,350,371,-21,-4
1313,43078,1,1595,2262,2949,2654,2884,2399,1940,1907,334,346,-12,-2
1314,43078,3,1615,2278,2933,2634,2904,2415,1924,1887,262,382,-120,-19
1315,43078,5,1595,2296,2951,2614,2886,2435,1944,1869,363,350,13,1
1316,43078,7,1592,2291,2956,2617,2889,2440,1939,1866,338,318,20,3
1317,43079,0,1589,2294,2959,2614,2892,2437,1936,1869,342,310,32,4
1318,43079,2,1591,2284,2961,2604,2894,2427,1938,1859,515,535,-20,-4
1319,43079,5,1588,2275,2960,2609,2895,2422,1941,1868,523,378,145,22
1320,43079,7,1567,2298,2937,2630,2916,2399,1964,1847,338,307,31,4
1321,43080,1,1568,2291,2930,2631,2909,2400,1965,1840,283,291,-8,-2
1322,43080,3,1572,2291,2930,2627,2913,2400,1965,1836,370,383,-13,-2
1323,43080,5,1545,2268,2907,2600,2936,2427,1992,1859,542,558,-16,-3
1324,43080,7,1548,2277,2898,2597,2933,2418,2001,1862,586,595,-9,-2
1325,43081,0,1550,2275,2896,2599,2931,2420,2003,1860,562,583,-21,-4
1326,43081,2,1582,2251,2928,2575,2963,2396,2035,1836,331,363,-32,-5
1327,43081,5,1571,2250,2937,2574,2954,2397,2046,1837,302,326,-24,-4
1328,43081,7,1579,2250,2937,2566,2946,2397,2046,1845,371,527,-156,-24
1329,43082,1,1550,2269,2956,2537,2965,2368,2017,1864,374,522,-148,-23
1330,43082,2,1573,2246,2979,2514,2988,2345,2040,1841,374,346,28,4
1331,43082,4,1574,2237,2978,2523,2989,2336,2039,1850,294,323,-29,-5
1332,43082,6,1574,2247,2978,2533,2989,2326,2039,1840,519,535,-16,-3
1333,43083,0,1572,2243,2980,2537,2991,2330,2037,1836,555,611,-56,-9
1334,43083,2,1597,2236,3005,2530,3016,2323,2062,1829,634,523,111,16
1335,43083,4,1600,2265,3002,2501,3019,2352,2059,1800,558,595,-37,-6
1336,43083,6,1594,2259,2996,2495,3025,2358,2065,1806,591,779,-188,-29
1337,43084,0,1623,2288,2967,2466,2996,2329,2094,1835,838,854,-16,-3
1338,43084,2,1619,2286,2963,2464,2992,2327,2090,1833,779,587,192,29
1339,43084,4,1591,2256,2991,2494,2964,2297,2118,1863,630,578,52,7
1340,43084,5,1584,2249,2984,2487,2971,2304,2125,1870,555,551,4,0
1341,43084,7,1600,2265,2968,2471,2955,2288,2141,1886,618,610,8,1
1342,43085,1,1616,2283,2986,2487,2973,2304,2157,1904,611,610,1,0
1343,43085,4,1619,2282,2983,2488,2976,2303,2154,1905,559,515,44,6
1344,43085,5,1625,2288,2989,2494,2970,2297,2148,1899,347,382,-35,-6
1345,43085,7,1630,2281,2996,2489,2965,2304,2141,1904,599,562,37,5
1346,43086,1,1643,2284,2999,2502,2968,2317,2154,1907,354,327,27,4
1347,43086,3,1640,2289,2994,2505,2965,2322,2149,1910,326,359,-33,-6
1348,43086,5,1633,2294,2999,2498,2960,2329,2156,1905,535,538,-3,-1
1349,43086,7,1634,2297,2996,2497,2959,2326,2159,1906,302,335,-33,-6
1350,43087,1,1641,2292,2991,2504,2954,2333,2166,1901,334,363,-29,-5
1351,43087,3,1639,2300,2983,2506,2952,2341,2158,1903,539,570,-31,-5
1352,43087,5,1670,2321,3004,2537,2931,2310,2127,1882,531,358,173,26
1353,43087,7,1641,2344,2981,2566,2960,2287,2150,1853,371,335,36,5
1354,43088,0,1646,2339,2976,2571,2955,2292,2155,1848,339,339,0,0
1355,43088,2,1639,2346,2969,2578,2948,2299,2148,1855,367,362,5,0
1356,43088,4,1639,2346,2969,2578,2948,2299,2148,1855,310,323,-13,-2
1357,43088,6,1639,2350,2969,2582,2948,2295,2148,1851,335,350,-15,-3
1358,43089,0,1650,2333,2958,2599,2937,2312,2159,1834,370,378,-8,-2
1359,43089,2,1645,2342,2953,2608,2932,2321,2154,1843,290,275,15,2
1360,43089,4,1653,2338,2945,2612,2940,2317,2146,1847,338,358,-20,-4
1361,43089,6,1660,2323,2952,2597,2933,2332,2139,1862,350,375,-25,-4
1362,43090,0,1660,2331,2952,2589,2933,2324,2139,1870,318,322,-4,-1
1363,43090,2,1660,2329,2952,2587,2933,2322,2139,1868,291,350,-59,-10
1364,43090,4,1675,2334,2937,2582,2948,2327,2124,1863,303,270,33,5
1365,43090,5,1670,2329,2932,2577,2953,2332,2129,1868,290,335,-45,-7
1366,43090,7,1659,2332,2929,2588,2964,2329,2132,1857,375,263,112,17
1367,43091,2,1627,2336,2931,2558,2966,2299,2100,1861,318,379,-61,-10
1368,43091,4,1634,2309,2924,2585,2973,2272,2093,1888,278,375,-97,-15
1369,43091,5,1619,2294,2909,2570,2988,2287,2108,1903,367,330,37,5
1370,43091,7,1590,2275,2928,2599,3017,2306,2089,1874,110,258,-148,-23
1371,43092,1,1566,2297,2950,2575,3039,2282,2065,1896,315,366,-51,-8
1372,43092,3,1575,2290,2957,2566,3048,2275,2072,1887,307,307,0,0
1373,43092,5,1577,2292,2959,2568,3046,2273,2070,1885,330,327,3,0
1374,43092,7,1569,2284,2967,2576,3054,2281,2062,1877,567,547,20,3
1375,43093,1,1568,2289,2972,2575,3059,2280,2061,1882,530,523,7,1
1376,43093,3,1564,2283,2978,2579,3055,2274,2067,1886,606,599,7,1
1377,43093,5,1566,2287,2982,2581,3051,2272,2065,1882,551,558,-7,-2
1378,43093,7,1568,2285,2984,2579,3049,2274,2063,1884,350,339,11,1
1379,43094,1,1570,2285,2984,2581,3049,2276,2065,1884,275,335,-60,-10
1380,43094,2,1580,2275,2994,2571,3059,2266,2075,1874,322,334,-12,-2
1381,43094,4,1582,2277,2992,2569,3061,2268,2073,1872,354,371,-17,-3
1382,43094,6,1564,2301,2974,2593,3079,2244,2091,1848,354,379,-25,-4
1383,43095,1,1558,2247,2928,2595,3033,2246,2085,1794,290,339,-49,-8
1384,43095,2,1550,2255,2920,2603,3025,2254,2077,1802,327,375,-48,-8
1385,43095,5,1559,2220,2901,2628,3044,2229,2068,1837,578,598,-20,-4
1386,43095,7,1554,2207,2914,2633,3049,2242,2055,1832,534,626,-92,-15
1387,43096,1,1527,2210,2917,2606,3052,2215,2028,1835,635,599,36,5
1388,43096,2,1522,2215,2912,2611,3047,2220,2023,1840,522,538,-16,-3
1389,43096,4,1526,2217,2908,2609,3051,2222,2019,1838,543,550,-7,-2
1390,43096,6,1530,2217,2912,2609,3047,2222,2015,1838,355,327,28,4
1391,43097,1,1539,2214,2901,2610,3036,2223,2024,1835,311,335,-24,-4
1392,43097,2,1535,2218,2897,2614,3032,2227,2020,1839,343,338,5,0
1393,43097,4,1536,2217,2896,2615,3033,2226,2019,1840,318,338,-20,-4
1394,43097,6,1546,2199,2906,2597,3023,2244,2009,1858,331,355,-24,-4
1395,43098,0,1556,2197,2896,2599,3013,2246,2019,1856,290,118,172,26
1396,43098,2,1577,2228,2917,2630,3034,2277,2040,1887,103,82,21,3
1397,43098,4,1548,2251,2946,2607,3005,2300,2069,1864,263,287,-24,-4
1398,43098,5,1552,2255,2950,2611,3001,2296,2065,1860,338,346,-8,-2
1399,43099,1,1560,2273,2936,2595,2991,2276,2077,1874,310,287,23,3
1400,43099,3,1556,2263,2946,2599,2987,2266,2087,1878,283,307,-24,-4
1401,43099,5,1561,2260,2943,2604,2990,2261,2082,1881,282,271,11,1
1402,43099,7,1538,2239,2964,2627,3013,2282,2061,1858,298,331,-33,-6
1403,43100,0,1532,2245,2970,2621,3019,2276,2055,1864,374,355,19,2
1404,43100,2,1530,2251,2968,2627,3017,2282,2053,1870,311,290,21,3
1405,43100,4,1525,2250,2973,2628,3012,2281,2058,1871,326,339,-13,-2
1406,43100,6,1527,2252,2975,2630,3010,2279,2056,1869,375,363,12,1
1407,43101,0,1527,2254,2975,2628,3010,2277,2056,1871,374,379,-5,-1
1408,43101,2,1525,2258,2973,2632,3008,2281,2054,1875,339,351,-12,-2
1409,43101,4,1525,2254,2973,2636,3008,2277,2054,1879,298,330,-32,-5
1410,43101,6,1517,2252,2965,2634,3016,2279,2062,1881,290,306,-16,-3
1411,43102,0,1518,2257,2964,2629,3015,2274,2063,1886,306,311,-5,-1
1412,43102,2,1520,2253,2966,2625,3017,2270,2065,1882,363,382,-19,-3
1413,43102,3,1523,2256,2963,2622,3020,2273,2062,1879,354,374,-20,-4
1414,43102,5,1510,2251,2958,2609,3025,2286,2075,1884,283,302,-19,-3
1415,43103,0,1494,2251,2968,2615,3041,2286,2065,1878,331,346,-15,-3
1416,43103,2,1499,2252,2973,2616,3046,2287,2070,1879,295,262,33,5
1417,43103,4,1490,2271,2982,2597,3037,2306,2079,1860,347,354,-7,-2
1418,43103,6,1492,2265,2984,2591,3035,2312,2077,1866,279,291,-12,-2
1419,43104,0,1482,2279,2994,2577,3045,2298,2067,1880,383,330,53,8
1420,43104,2,1493,2284,3005,2582,3056,2303,2078,1885,295,342,-47,-8
1421,43104,4,1498,2295,3000,2571,3061,2314,2073,1874,523,539,-16,-3
1422,43104,5,1501,2298,3003,2574,3058,2311,2070,1871,534,375,159,24
1423,43105,0,1493,2248,3059,2576,3066,2361,2014,1869,583,527,56,8
1424,43105,2,1457,2268,3023,2596,3030,2381,1978,1889,555,531,24,3
1425,43105,3,1460,2271,3020,2593,3033,2384,1975,1886,375,358,17,2
1426,43105,5,1462,2277,3026,2595,3027,2382,1973,1880,558,618,-60,-10
1427,43106,1,1470,2275,3042,2581,3023,2388,1961,1898,583,583,0,0
1428,43106,3,1470,2275,3042,2581,3023,2388,1961,1898,574,587,-13,-2
1429,43106,5,1464,2273,3040,2575,3025,2394,1967,1900,539,531,8,1
1430,43106,6,1465,2272,3041,2574,3024,2395,1966,1901,519,634,-115,-18
1431,43107,1,1451,2250,3055,2596,3038,2417,1952,1879,587,611,-24,-4
1432,43107,3,1441,2248,3057,2606,3028,2415,1954,1889,519,639,-120,-19
1433,43107,5,1464,2233,3042,2629,3043,2392,1931,1904,570,598,-28,-5
1434,43107,6,1469,2228,3047,2624,3038,2397,1926,1909,598,618,-20,-4
1435,43108,0,1475,2230,3041,2622,3032,2395,1932,1911,531,638,-107,-17
1436,43108,2,1459,2212,3025,2604,3016,2377,1916,1893,563,603,-40,-7
1437,43108,4,1473,2212,3011,2604,3030,2377,1902,1893,542,518,24,3
1438,43108,6,1478,2201,3016,2593,3025,2388,1897,1904,594,606,-12,-2
1439,43109,0,1483,2192,3011,2602,3020,2397,1902,1895,866,834,32,4
1440,43109,2,1478,2189,3006,2599,3015,2394,1897,1892,847,858,-11,-2
1441,43109,4,1471,2192,3013,2596,3008,2397,1904,1889,830,854,-24,-4
1442,43109,6,1470,2185,3012,2589,3009,2404,1905,1896,858,887,-29,-5
1443,43109,7,1475,2190,3007,2584,3004,2399,1910,1901,862,826,36,5
1444,43110,1,1479,2184,3001,2588,2998,2403,1914,1895,839,874,-35,-6
1445,43110,3,1458,2151,3034,2609,2977,2370,1947,1916,603,579,24,3
1446,43110,5,1459,2146,3029,2610,2982,2369,1946,1921,570,610,-40,-7
1447,43110,7,1456,2157,3018,2613,2985,2358,1957,1918,547,638,-91,-14
1448,43111,1,1474,2147,3008,2631,2975,2376,1975,1908,518,550,-32,-5
1449,43111,4,1476,2155,2996,2633,2977,2384,1963,1910,519,610,-91,-14
1450,43111,5,1462,2141,2982,2619,2991,2398,1977,1924,570,591,-21,-4
1451,43111,7,1469,2140,2983,2612,2984,2399,1976,1931,562,563,-1,-1
1452,43112,1,1470,2143,2986,2613,2987,2400,1977,1934,346,330,16,2
1453,43112,3,1490,2167,2962,2593,3007,2424,1953,1914,374,531,-157,-24
1454,43112,5,1465,2190,2985,2568,2984,2449,1978,1891,567,598,-31,-5
1455,43112,7,1457,2192,2983,2576,2992,2447,1980,1883,598,587,11,1
1456,43113,1,1427,2164,2955,2546,2964,2417,1950,1855,346,530,-184,-29
1457,43113,3,1395,2190,2929,2578,2932,2443,1924,1887,586,562,24,3
1458,43113,5,1396,2197,2936,2579,2925,2442,1923,1880,338,359,-21,-4
1459,43113,6,1400,2193,2940,2575,2921,2446,1919,1884,346,339,7,1
1460,43114,0,1403,2188,2937,2580,2918,2451,1922,1879,354,346,8,1
1461,43114,2,1398,2195,2932,2587,2913,2458,1917,1886,326,343,-17,-3
1462,43114,4,1377,2222,2953,2560,2892,2485,1938,1859,546,535,11,1
1463,43114,6,1366,2231,2942,2569,2903,2476,1949,1850,546,547,-1,-1
1464,43115,0,1364,2231,2944,2569,2905,2476,1947,1850,583,559,24,3
1465,43115,2,1362,2227,2942,2565,2903,2472,1945,1846,375,559,-184,-29
1466,43115,4,1339,2192,2965,2600,2880,2437,1968,1881,531,519,12,1
1467,43115,6,1342,2191,2968,2599,2877,2438,1965,1882,606,619,-13,-2
1468,43115,7,1344,2193,2966,2597,2875,2436,1967,1884,638,791,-153,-24
1469,43116,1,1322,2219,2992,2575,2901,2414,1945,1910,631,778,-147,-23
1470,43116,3,1322,2173,3038,2575,2901,2368,1991,1910,770,606,164,25
1471,43116,5,1347,2148,3013,2600,2926,2343,1966,1935,598,591,7,1
1472,43116,7,1346,2145,3016,2601,2927,2346,1963,1934,634,779,-145,-23
1473,43117,1,1371,2124,2995,2626,2906,2371,1988,1913,794,783,11,1
1474,43117,3,1372,2123,2996,2625,2907,2370,1989,1912,802,831,-29,-5
1475,43117,5,1377,2118,2991,2630,2912,2365,1984,1917,787,806,-19,-3
1476,43117,7,1371,2106,3003,2636,2918,2377,1972,1911,775,787,-12,-2
1477,43118,0,1369,2108,3005,2634,2920,2375,1970,1913,831,859,-28,-5
1478,43118,2,1360,2107,2996,2633,2911,2374,1961,1912,831,895,-64,-10
1479,43118,5,1407,2146,3015,2660,2892,2347,1914,1873,838,815,23,3
1480,43118,6,1410,2143,3018,2657,2889,2350,1911,1876,770,638,132,20
1481,43119,0,1407,2186,3021,2614,2892,2307,1908,1919,775,591,184,28
1482,43119,2,1381,2156,2995,2584,2866,2277,1882,1889,578,527,51,7
1483,43119,4,1393,2158,2983,2582,2878,2279,1870,1887,546,634,-88,-14
1484,43119,6,1378,2145,2968,2569,2893,2292,1885,1900,578,618,-40,-7
1485,43120,0,1381,2156,2965,2558,2890,2281,1888,1911,542,382,160,24
1486,43120,1,1405,2180,2989,2582,2914,2305,1912,1935,319,310,9,1
1487,43120,4,1385,2186,3007,2578,2894,2311,1930,1931,530,559,-29,-5
1488,43120,6,1385,2196,3007,2588,2894,2301,1930,1921,550,519,31,4
1489,43121,0,1386,2203,3006,2581,2893,2294,1931,1928,358,538,-180,-28
1490,43121,1,1414,2231,3034,2609,2921,2322,1959,1956,378,354,24,3
1491,43121,3,1418,2229,3036,2605,2925,2320,1961,1952,547,567,-20,-4
1492,43121,5,1425,2228,3035,2612,2926,2313,1954,1953,598,626,-28,-5
1493,43121,7,1431,2224,3039,2606,2920,2317,1950,1959,543,595,-52,-8
1494,43122,1,1409,2218,3033,2584,2914,2295,1928,1953,603,527,76,11
1495,43122,3,1412,2243,3008,2581,2917,2320,1903,1950,559,570,-11,-2
1496,43122,5,1404,2239,3004,2573,2921,2328,1911,1954,630,639,-9,-2
1497,43122,7,1416,2255,2988,2561,2909,2312,1927,1966,571,606,-35,-6
1498,43123,1,1428,2255,2988,2573,2909,2324,1939,1966,774,627,147,22
1499,43123,3,1456,2239,3004,2545,2937,2308,1955,1938,519,566,-47,-8
1500,43123,4,1464,2231,2996,2553,2945,2300,1947,1946,578,598,-20,-4
1501,43123,6,1457,2230,2989,2552,2952,2301,1954,1947,634,818,-184,-29
1502,43124,0,1489,2256,2957,2526,2920,2275,1986,1973,639,775,-136,-21
1503,43124,3,1464,2233,2938,2509,2895,2252,1967,1956,539,635,-96,-15
1504,43124,4,1449,2248,2953,2494,2880,2267,1982,1941,630,630,0,0
1505,43124,6,1447,2250,2951,2496,2882,2265,1984,1939,622,575,47,7
1506,43125,0,1427,2284,2971,2462,2902,2231,1964,1973,331,362,-31,-5
1507,43125,2,1427,2294,2971,2472,2902,2241,1964,1983,530,526,4,0
1508,43125,4,1427,2294,2971,2472,2902,2241,1964,1983,558,594,-36,-6
1509,43125,6,1404,2305,2948,2483,2925,2230,1987,1972,519,527,-8,-2
1510,43125,7,1406,2307,2946,2481,2923,2228,1989,1974,611,606,5,0
1511,43126,3,1398,2329,2932,2497,2915,2250,1975,1990,527,527,0,0
1512,43126,5,1395,2326,2929,2494,2918,2253,1978,1993,543,546,-3,-1
1513,43126,7,1392,2325,2930,2497,2921,2254,1977,1990,547,542,5,0
1514,43127,1,1397,2330,2935,2502,2926,2259,1982,1995,563,570,-7,-2
1515,43127,3,1393,2330,2935,2506,2922,2259,1982,1999,539,550,-11,-2
1516,43127,5,1395,2328,2933,2508,2924,2257,1980,2001,531,539,-8,-2
1517,43127,7,1394,2323,2938,2509,2925,2262,1975,2000,319,311,8,1
1518,43128,1,1363,2290,2905,2478,2892,2231,1944,1967,514,543,-29,-5
1519,43128,3,1372,2289,2906,2469,2901,2230,1945,1958,599,562,37,5
1520,43128,5,1367,2274,2891,2464,2916,2235,1950,1973,630,634,-4,-1
1521,43128,7,1362,2271,2894,2469,2921,2238,1947,1968,554,578,-24,-4
1522,43129,1,1374,2275,2898,2481,2925,2250,1959,1972,559,594,-35,-6
1523,43129,2,1368,2281,2892,2487,2919,2256,1953,1978,610,610,0,0
1524,43129,4,1355,2294,2905,2474,2906,2269,1966,1965,539,539,0,0
1525,43129,6,1362,2287,2912,2467,2899,2276,1959,1972,570,599,-29,-5
1526,43130,0,1363,2296,2911,2458,2898,2267,1960,1981,630,787,-157,-24
1527,43130,2,1342,2269,2890,2431,2877,2240,1939,1954,639,779,-140,-22
1528,43130,4,1385,2270,2847,2430,2920,2241,1896,1953,563,591,-28,-5
1529,43130,6,1391,2274,2853,2434,2914,2237,1890,1949,558,550,8,1
1530,43131,0,1395,2272,2849,2436,2910,2239,1894,1947,550,543,7,1
1531,43131,2,1400,2265,2854,2429,2915,2232,1899,1940,571,582,-11,-2
1532,43131,4,1398,2263,2856,2431,2913,2230,1901,1942,562,543,19,2
1533,43131,5,1400,2265,2858,2433,2911,2228,1899,1940,518,342,176,26
1534,43131,7,1380,2297,2826,2453,2931,2196,1931,1920,331,287,44,6
1535,43132,2,1396,2283,2830,2451,2935,2194,1947,1906,346,514,-168,-26
1536,43132,4,1391,2340,2835,2394,2930,2251,1952,1849,631,559,72,10
1537,43132,5,1381,2330,2825,2384,2940,2261,1962,1859,531,534,-3,-1
1538,43132,7,1362,2313,2842,2403,2959,2278,1945,1840,518,626,-108,-17
1539,43133,1,1372,2289,2818,2413,2935,2288,1955,1816,562,547,15,2
1540,43133,3,1374,2287,2820,2411,2937,2286,1957,1814,607,603,4,0
1541,43133,5,1359,2272,2805,2396,2952,2301,1972,1829,627,615,12,1
1542,43133,7,1359,2274,2803,2396,2952,2299,1974,1829,619,534,85,12
1543,43134,1,1371,2262,2791,2408,2940,2311,1986,1817,522,523,-1,-1
1544,43134,3,1374,2263,2790,2405,2943,2312,1985,1814,619,626,-7,-2
1545,43134,5,1385,2278,2805,2416,2928,2301,1974,1799,514,622,-108,-17
1546,43134,6,1368,2295,2788,2433,2945,2284,1991,1782,546,614,-68,-11
1547,43135,0,1359,2282,2797,2446,2954,2297,1982,1769,639,627,12,1
1548,43135,2,1352,2287,2790,2451,2947,2302,1975,1774,623,599,24,3
1549,43135,4,1355,2290,2787,2448,2950,2305,1972,1771,530,543,-13,-2
1550,43135,6,1379,2262,2811,2420,2926,2333,1948,1799,538,570,-32,-5
1551,43136,0,1383,2268,2807,2414,2922,2327,1952,1805,583,603,-20,-4
1552,43136,2,1380,2263,2804,2409,2919,2322,1949,1800,590,582,8,1
1553,43136,4,1374,2267,2810,2405,2913,2326,1955,1796,563,562,1,0
1554,43136,6,1359,2282,2795,2420,2928,2311,1970,1781,615,610,5,0
1555,43136,7,1359,2282,2795,2420,2928,2311,1970,1781,582,554,28,4
1556,43137,1,1368,2299,2812,2429,2945,2320,1979,1798,638,586,52,7
1557,43137,3,1379,2296,2815,2418,2956,2317,1982,1787,570,622,-52,-8
1558,43137,5,1388,2289,2808,2427,2963,2308,1973,1794,539,598,-59,-10
1559,43137,7,1388,2269,2828,2427,2963,2328,1953,1794,527,514,13,1
1560,43138,1,1387,2266,2825,2426,2960,2327,1952,1791,559,603,-44,-7
1561,43138,3,1422,2287,2804,2391,2995,2348,1931,1756,831,830,1,0
1562,43138,5,1425,2290,2807,2394,2992,2345,1928,1753,871,823,48,7
1563,43138,7,1430,2281,2816,2389,2987,2354,1919,1758,867,879,-12,-2
1564,43139,0,1432,2279,2814,2391,2985,2356,1921,1756,818,814,4,0
1565,43139,2,1437,2274,2819,2386,2990,2351,1926,1751,639,787,-148,-23
1566,43139,4,1418,2247,2838,2413,2971,2324,1945,1778,566,546,20,3
1567,43139,7,1448,2277,2814,2389,2941,2294,1969,1802,619,579,40,6
1568,43140,0,1454,2271,2808,2395,2935,2300,1975,1796,634,803,-169,-26
1569,43140,2,1427,2246,2781,2370,2908,2275,1948,1771,794,775,19,2
1570,43140,4,1426,2243,2782,2373,2907,2272,1949,1774,771,639,132,20
1571,43140,6,1402,2227,2758,2357,2931,2288,1973,1790,771,602,169,25
1572,43141,0,1425,2254,2735,2330,2908,2261,1996,1817,783,811,-28,-5
1573,43141,1,1430,2259,2740,2335,2913,2266,2001,1822,806,627,179,27
1574,43141,3,1454,2229,2770,2311,2937,2236,2031,1798,583,638,-55,-9
1575,43141,6,1507,2222,2805,2322,2902,2225,1978,1805,619,795,-176,-27
1576,43142,0,1535,2248,2777,2296,2874,2199,2006,1831,606,574,32,4
1577,43142,2,1544,2247,2786,2295,2883,2198,2015,1830,626,622,4,0
1578,43142,4,1551,2240,2779,2302,2890,2191,2008,1837,551,559,-8,-2
1579,43142,6,1542,2253,2770,2315,2899,2178,2017,1824,602,530,72,10
1580,43142,7,1552,2263,2760,2305,2889,2168,2027,1834,518,607,-89,-14
1581,43143,1,1570,2253,2750,2323,2879,2186,2045,1824,602,603,-1,-1
1582,43143,3,1581,2266,2737,2312,2890,2199,2032,1813,635,514,121,18
1583,43143,6,1568,2281,2760,2291,2867,2220,2045,1798,550,546,4,0
1584,43143,7,1568,2281,2760,2291,2867,2220,2045,1798,543,574,-31,-5
1585,43144,1,1566,2289,2768,2289,2875,2218,2043,1806,626,578,48,7
1586,43144,3,1535,2272,2785,2320,2844,2201,2060,1837,366,318,48,7
1587,43144,5,1541,2264,2777,2326,2852,2195,2054,1845,259,338,-79,-13
1588,43144,7,1527,2276,2765,2340,2866,2183,2066,1831,327,331,-4,-1
1589,43145,1,1525,2272,2761,2338,2862,2181,2064,1827,378,375,3,0
1590,43145,2,1525,2272,2761,2338,2862,2181,2064,1827,371,371,0,0
1591,43145,5,1519,2276,2765,2332,2858,2187,2070,1823,567,530,37,5
1592,43145,7,1509,2276,2765,2342,2868,2187,2070,1813,334,331,3,0
1593,43146,0,1509,2276,2765,2342,2868,2187,2070,1813,351,350,1,0
1594,43146,2,1535,2250,2791,2316,2894,2161,2096,1787,526,606,-80,-13
1595,43146,4,1549,2262,2777,2304,2908,2173,2082,1775,590,614,-24,-4
1596,43146,6,1553,2266,2781,2308,2904,2169,2078,1771,602,594,8,1
1597,43147,0,1553,2268,2781,2306,2904,2167,2078,1773,566,619,-53,-9
1598,43147,2,1577,2262,2805,2300,2928,2161,2102,1767,522,515,7,1
1599,43147,4,1564,2277,2818,2285,2915,2176,2115,1752,579,530,49,7
1600,43147,6,1571,2284,2825,2292,2908,2169,2108,1745,554,575,-21,-4
1601,43148,0,1548,2315,2848,2261,2931,2138,2085,1776,527,519,8,1
1602,43148,1,1549,2316,2849,2262,2932,2139,2086,1777,546,546,0,0
1603,43148,3,1553,2320,2845,2258,2936,2143,2082,1773,363,370,-7,-2
1604,43148,5,1527,2298,2823,2232,2958,2169,2108,1795,291,322,-31,-5
1605,43148,7,1523,2304,2817,2236,2962,2163,2114,1791,294,354,-60,-10
1606,43149,1,1533,2294,2807,2246,2952,2173,2124,1781,274,283,-9,-2
1607,43149,3,1529,2294,2807,2250,2948,2173,2124,1785,286,323,-37,-6
1608,43149,5,1536,2289,2802,2257,2953,2166,2117,1790,550,558,-8,-2
1609,43149,7,1537,2286,2805,2256,2952,2169,2114,1791,559,523,36,5
1610,43150,1,1566,2305,2824,2285,2971,2198,2143,1810,559,539,20,3
1611,43150,2,1563,2308,2821,2288,2968,2201,2140,1813,551,563,-12,-2
1612,43150,4,1560,2315,2824,2281,2965,2208,2143,1806,563,539,24,3
1613,43150,6,1550,2319,2814,2285,2975,2204,2153,1802,531,594,-63,-10
1614,43151,0,1540,2309,2824,2295,2985,2214,2143,1792,634,523,111,16
1615,43151,4,1525,2300,2803,2276,2970,2205,2122,1773,619,631,-12,-2
1616,43151,6,1517,2304,2795,2280,2978,2201,2130,1769,566,570,-4,-1
1617,43151,7,1518,2305,2794,2279,2977,2200,2131,1770,534,359,175,26
1618,43152,1,1520,2255,2744,2281,2927,2202,2133,1720,547,582,-35,-6
1619,43152,3,1521,2244,2755,2280,2928,2191,2144,1719,579,590,-11,-2
1620,43152,5,1520,2247,2758,2279,2925,2192,2145,1716,555,534,21,3
1621,43152,7,1549,2270,2735,2250,2896,2169,2168,1745,338,315,23,3
1622,43153,1,1545,2272,2737,2246,2898,2165,2164,1747,351,306,45,6
1623,43153,3,1549,2264,2745,2242,2902,2157,2172,1743,307,362,-55,-9
1624,43153,5,1558,2255,2736,2251,2911,2148,2163,1752,322,339,-17,-3
1625,43153,7,1551,2242,2749,2258,2918,2161,2150,1745,331,335,-4,-1
1626,43154,0,1550,2243,2750,2257,2919,2160,2149,1746,538,519,19,2
1627,43154,2,1554,2243,2754,2257,2923,2160,2153,1746,626,619,7,1
1628,43154,4,1535,2260,2773,2240,2904,2177,2172,1729,603,523,80,12
1629,43154,6,1522,2249,2760,2229,2917,2188,2185,1740,515,615,-100,-16
1630,43155,0,1508,2231,2774,2247,2931,2206,2171,1722,535,582,-47,-8
1631,43155,2,1515,2240,2781,2256,2938,2215,2178,1731,611,626,-15,-3
1632,43155,4,1518,2231,2778,2265,2941,2206,2175,1740,606,578,28,4
1633,43155,6,1515,2242,2775,2276,2944,2195,2178,1729,586,606,-20,-4
1634,43156,0,1524,2241,2766,2277,2935,2196,2187,1728,567,562,5,0
1635,43156,2,1526,2239,2768,2275,2937,2194,2189,1726,514,526,-12,-2
1636,43156,3,1528,2241,2766,2273,2939,2196,2187,1724,514,530,-16,-3
1637,43156,5,1525,2244,2769,2270,2936,2199,2190,1721,554,514,40,6
1638,43156,7,1532,2239,2774,2263,2929,2204,2185,1728,554,551,3,0
1639,43157,2,1542,2237,2784,2261,2939,2202,2195,1726,583,611,-28,-5
1640,43157,3,1537,2232,2789,2266,2934,2197,2200,1731,558,559,-1,-1
1641,43157,6,1517,2216,2767,2252,2956,2211,2220,1747,559,586,-27,-5
1642,43158,0,1525,2218,2759,2250,2948,2209,2228,1749,570,530,40,6
1643,43158,1,1531,2224,2765,2256,2954,2215,2234,1755,610,630,-20,-4
1644,43158,3,1532,2217,2772,2255,2955,2208,2241,1754,574,638,-64,-10
1645,43158,5,1506,2211,2766,2229,2961,2234,2267,1760,559,542,17,2
1646,43158,7,1511,2212,2765,2224,2956,2233,2268,1765,599,522,77,11
1647,43159,1,1488,2211,2764,2201,2955,2210,2245,1764,578,547,31,4
1648,43159,3,1495,2210,2765,2194,2962,2209,2246,1757,602,619,-17,-3
1649,43159,5,1499,2208,2763,2198,2964,2205,2242,1759,598,778,-180,-28
1650,43159,7,1521,2174,2797,2176,2942,2239,2208,1781,554,590,-36,-6
1651,43160,1,1523,2188,2811,2178,2956,2241,2210,1795,607,631,-24,-4
1652,43160,2,1527,2184,2815,2174,2960,2237,2214,1791,603,579,24,3
1653,43160,4,1522,2183,2820,2175,2955,2236,2219,1792,595,610,-15,-3
1654,43160,6,1525,2186,2823,2178,2952,2233,2216,1789,610,582,28,4
1655,43161,1,1551,2168,2797,2196,2926,2251,2242,1771,807,778,29,4
1656,43161,2,1555,2164,2801,2192,2930,2247,2246,1767,623,586,37,5
1657,43161,4,1586,2143,2770,2213,2961,2226,2215,1788,610,555,55,8
1658,43161,6,1611,2134,2795,2204,2936,2235,2190,1797,551,542,9,1
1659,43162,0,1610,2133,2796,2205,2937,2236,2189,1796,542,538,4,0
1660,43162,2,1607,2136,2793,2208,2934,2239,2186,1799,623,638,-15,-3
1661,43162,4,1608,2141,2792,2203,2935,2244,2185,1794,563,543,20,3
1662,43162,5,1605,2138,2789,2200,2938,2247,2188,1797,599,598,1,0
1663,43163,0,1603,2140,2791,2198,2940,2245,2186,1799,534,526,8,1
1664,43163,2,1594,2147,2782,2205,2931,2252,2177,1806,514,594,-80,-13
1665,43163,3,1581,2134,2795,2218,2918,2239,2190,1819,550,570,-20,-4
1666,43163,5,1585,2130,2791,2222,2922,2235,2186,1823,539,563,-24,-4
1667,43163,7,1586,2123,2798,2221,2921,2242,2179,1824,550,554,-4,-1
1668,43164,1,1591,2130,2805,2226,2928,2247,2184,1831,543,615,-72,-11
1669,43164,3,1597,2114,2821,2220,2934,2231,2200,1825,626,627,-1,-1
1670,43164,5,1595,2114,2821,2218,2934,2233,2202,1825,559,579,-20,-4
1671,43164,7,1594,2121,2814,2219,2935,2226,2209,1824,611,547,64,9
1672,43165,1,1585,2130,2823,2210,2944,2217,2200,1833,627,595,32,4
1673,43165,3,1590,2127,2826,2205,2949,2214,2203,1828,574,579,-5,-1
1674,43165,5,1591,2126,2825,2206,2950,2213,2202,1829,554,563,-9,-2
1675,43165,6,1593,2124,2827,2204,2948,2215,2200,1831,595,606,-11,-2
1676,43166,0,1604,2117,2816,2211,2937,2222,2211,1824,534,623,-89,-14
1677,43166,2,1582,2111,2794,2205,2915,2216,2189,1818,523,526,-3,-1
1678,43166,4,1581,2114,2795,2202,2914,2219,2190,1815,534,379,155,23
1679,43166,7,1550,2087,2776,2187,2945,2246,2209,1830,583,627,-44,-7
1680,43167,1,1587,2110,2799,2224,2968,2283,2246,1853,639,787,-148,-23
1681,43167,3,1563,2132,2777,2248,2944,2305,2224,1877,795,798,-3,-1
1682,43167,4,1564,2131,2776,2249,2945,2304,2223,1878,639,639,0,0
1683,43167,6,1563,2132,2775,2250,2946,2303,2224,1877,630,606,24,3
1684,43168,0,1566,2123,2772,2259,2943,2312,2227,1868,586,579,7,1
1685,43168,2,1573,2118,2779,2254,2950,2307,2234,1863,794,814,-20,-4
1686,43168,4,1572,2127,2780,2245,2949,2316,2235,1854,886,891,-5,-1
1687,43168,6,1574,2127,2782,2245,2947,2316,2233,1854,791,890,-99,-16
1688,43169,0,1573,2096,2783,2276,2948,2347,2232,1823,850,771,79,12
1689,43169,2,1559,2086,2769,2266,2934,2337,2218,1813,882,850,32,4
1690,43169,4,1563,2090,2765,2262,2938,2341,2214,1809,862,854,8,1
1691,43169,6,1563,2092,2765,2264,2938,2339,2214,1807,838,619,219,33
1692,43169,7,1530,2059,2798,2297,2971,2372,2181,1774,606,582,24,3
1693,43170,1,1528,2051,2790,2295,2963,2370,2179,1766,830,807,23,3
1694,43170,3,1499,2028,2813,2324,2934,2347,2202,1795,614,611,3,0
1695,43170,5,1507,2036,2821,2332,2926,2339,2194,1787,619,639,-20,-4
1696,43170,7,1508,2045,2812,2331,2925,2330,2203,1788,563,578,-15,-3
1697,43171,1,1528,2059,2826,2351,2939,2350,2223,1802,627,626,1,0
1698,43171,3,1544,2075,2810,2335,2955,2366,2207,1786,627,567,60,9
1699,43171,5,1533,2082,2817,2324,2948,2377,2218,1779,603,586,17,2
1700,43171,7,1532,2085,2814,2325,2949,2374,2221,1778,630,598,32,4
1701,43172,1,1541,2086,2815,2334,2950,2383,2230,1779,630,594,36,5
1702,43172,2,1536,2091,2810,2339,2945,2388,2225,1784,610,615,-5,-1
1703,43172,5,1530,2091,2808,2331,2947,2396,2231,1784,614,626,-12,-2
1704,43172,7,1529,2094,2805,2332,2948,2393,2234,1783,558,518,40,6
1705,43173,1,1537,2114,2825,2340,2968,2401,2242,1803,614,627,-13,-2
1706,43173,3,1539,2120,2819,2338,2970,2407,2236,1801,614,518,96,14
1707,43173,5,1525,2134,2833,2324,2956,2421,2250,1787,615,582,33,5
1708,43173,7,1520,2139,2828,2329,2961,2416,2255,1782,607,606,1,0
1709,43174,1,1522,2141,2830,2331,2963,2418,2257,1784,574,567,7,1
1710,43174,2,1521,2142,2829,2332,2962,2419,2256,1785,514,522,-8,-2
1711,43174,5,1530,2145,2828,2337,2963,2414,2247,1782,639,574,65,9
1712,43174,7,1527,2124,2849,2340,2966,2435,2226,1779,622,574,48,7
1713,43175,0,1520,2131,2856,2333,2973,2428,2219,1786,606,606,0,0
1714,43175,2,1523,2128,2859,2330,2976,2425,2222,1783,775,782,-7,-2
1715,43175,4,1523,2124,2859,2334,2976,2421,2222,1787,778,778,0,0
1716,43175,6,1522,2125,2858,2335,2977,2420,2223,1786,811,634,177,27
1717,43176,0,1501,2092,2879,2368,2998,2453,2202,1753,599,586,13,1
1718,43176,2,1526,2069,2904,2345,3023,2430,2227,1730,631,623,8,1
1719,43176,5,1554,2091,2928,2375,2999,2400,2199,1708,830,822,8,1
1720,43176,7,1549,2084,2935,2380,3004,2407,2192,1703,782,870,-88,-14
1721,43177,1,1561,2068,2919,2392,2988,2419,2204,1687,790,835,-45,-7
1722,43177,3,1556,2077,2910,2397,2983,2428,2195,1692,895,775,120,18
1723,43177,5,1555,2112,2945,2396,2948,2429,2196,1657,787,866,-79,-13
1724,43177,6,1568,2099,2958,2383,2935,2442,2183,1670,814,867,-53,-9
1725,43178,0,1587,2098,2939,2384,2916,2443,2202,1669,895,818,77,11
1726,43178,2,1595,2112,2947,2398,2924,2457,2210,1683,819,862,-43,-7
1727,43178,5,1595,2106,2927,2384,2944,2471,2210,1689,607,599,8,1
1728,43178,6,1596,2105,2928,2383,2943,2472,2209,1690,638,638,0,0
1729,43179,0,1597,2104,2927,2384,2942,2473,2210,1689,774,575,199,30
1730,43179,2,1567,2074,2897,2354,2912,2443,2180,1659,547,514,33,5
1731,43179,4,1569,2082,2895,2346,2914,2451,2178,1651,530,562,-32,-5
1732,43179,6,1569,2072,2895,2336,2914,2461,2178,1661,611,798,-187,-29
1733,43180,0,1596,2103,2868,2305,2887,2430,2205,1692,878,862,16,2
1734,43180,1,1598,2105,2870,2307,2889,2432,2207,1694,866,874,-8,-2
1735,43180,4,1608,2109,2864,2299,2899,2436,2201,1686,638,787,-149,-23
1736,43180,6,1625,2138,2881,2328,2882,2407,2184,1657,791,622,169,25
1737,43180,7,1650,2163,2856,2303,2857,2382,2209,1682,771,787,-16,-3
1738,43181,1,1653,2160,2853,2306,2854,2385,2212,1679,770,591,179,27
1739,43181,3,1683,2136,2877,2276,2884,2361,2236,1649,634,619,15,2
1740,43181,5,1671,2128,2869,2264,2892,2373,2248,1657,611,594,17,2
1741,43181,7,1698,2159,2838,2237,2865,2342,2279,1684,598,567,31,4
1742,43182,1,1718,2171,2850,2257,2877,2362,2299,1696,639,518,121,18
1743,43182,3,1699,2188,2833,2276,2858,2379,2282,1715,627,631,-4,-1
1744,43182,5,1695,2186,2831,2272,2860,2383,2286,1717,598,634,-36,-6
1745,43182,7,1699,2202,2815,2268,2856,2367,2302,1721,371,371,0,0
1746,43183,1,1710,2213,2826,2279,2867,2378,2313,1732,627,599,28,4
1747,43183,2,1714,2209,2830,2275,2871,2374,2317,1728,558,587,-29,-5
1748,43183,4,1712,2201,2832,2283,2869,2366,2319,1736,627,623,4,0
1749,43183,6,1715,2198,2835,2280,2866,2369,2316,1739,610,606,4,0
1750,43184,0,1715,2198,2835,2280,2866,2369,2316,1739,639,530,109,16
1751,43184,2,1727,2218,2847,2300,2878,2389,2328,1759,598,599,-1,-1
1752,43184,4,1729,2218,2845,2300,2880,2389,2326,1759,566,578,-12,-2
1753,43184,6,1725,2226,2841,2308,2884,2381,2330,1751,567,514,53,8
1754,43185,0,1738,2229,2828,2305,2871,2378,2343,1754,551,590,-39,-6
1755,43185,2,1742,2237,2832,2313,2875,2386,2347,1762,558,554,4,0
1756,43185,3,1742,2237,2832,2313,2875,2386,2347,1762,547,526,21,3
1757,43185,5,1737,2238,2833,2308,2874,2391,2352,1761,619,586,33,5
1758,43185,7,1719,2230,2841,2326,2892,2399,2344,1743,618,582,36,5
1759,43186,2,1721,2224,2833,2330,2884,2403,2346,1737,578,574,4,0
1760,43186,3,1721,2224,2833,2330,2884,2403,2346,1737,519,366,153,23
1761,43186,5,1718,2175,2784,2327,2933,2406,2349,1786,363,338,25,3
1762,43186,7,1719,2170,2789,2326,2932,2411,2344,1787,283,307,-24,-4
1763,43187,1,1732,2175,2794,2339,2937,2424,2357,1792,362,587,-225,-35
1764,43187,3,1704,2217,2752,2367,2909,2466,2315,1820,571,627,-56,-9
1765,43187,4,1713,2208,2743,2376,2918,2457,2306,1829,606,626,-20,-4
1766,43187,6,1708,2205,2738,2373,2923,2460,2311,1832,598,586,12,1
1767,43188,1,1696,2205,2740,2363,2925,2450,2299,1832,534,558,-24,-4
1768,43188,3,1701,2202,2743,2358,2930,2447,2302,1827,587,598,-11,-2
1769,43188,5,1702,2207,2748,2359,2925,2446,2301,1822,794,791,3,0
1770,43188,7,1705,2210,2745,2356,2922,2443,2304,1825,575,570,5,0
1771,43189,1,1698,2203,2738,2349,2915,2436,2297,1818,539,523,16,2
1772,43189,3,1701,2202,2739,2346,2918,2435,2298,1815,527,518,9,1
1773,43189,4,1700,2203,2740,2345,2917,2436,2299,1814,515,515,0,0
1774,43189,6,1697,2206,2737,2348,2920,2433,2302,1811,562,598,-36,-6
1775,43190,1,1698,2219,2738,2337,2921,2422,2303,1824,555,563,-8,-2
1776,43190,2,1700,2217,2740,2335,2923,2420,2305,1822,574,626,-52,-8
1777,43190,4,1708,2225,2732,2327,2931,2428,2297,1814,543,595,-52,-8
1778,43190,6,1712,2237,2736,2339,2927,2416,2293,1802,531,622,-91,-14
1779,43191,0,1702,2219,2746,2357,2937,2434,2283,1784,799,623,176,26
1780,43191,2,1677,2192,2721,2330,2912,2407,2258,1757,770,623,147,22
1781,43191,4,1724,2189,2674,2333,2959,2404,2211,1760,614,554,60,9
1782,43191,5,1733,2198,2683,2342,2950,2395,2202,1751,583,570,13,1
1783,43192,0,1727,2204,2687,2338,2956,2389,2198,1755,587,566,21,3
1784,43192,2,1716,2221,2676,2355,2945,2406,2187,1772,563,550,13,1
1785,43192,4,1723,2212,2669,2364,2952,2397,2180,1781,575,598,-23,-4
1786,43192,5,1727,2216,2673,2368,2948,2393,2176,1777,575,622,-47,-8
1787,43192,7,1716,2221,2668,2379,2959,2388,2181,1766,606,622,-16,-3
1788,43193,1,1716,2215,2662,2379,2953,2388,2181,1760,602,638,-36,-6
1789,43193,3,1710,2221,2656,2385,2947,2394,2175,1766,586,611,-25,-4
1790,43193,5,1711,2214,2649,2386,2954,2393,2174,1773,603,579,24,3
1791,43193,7,1710,2219,2644,2387,2955,2388,2179,1772,558,383,175,26
1792,43194,1,1729,2186,2611,2406,2922,2407,2198,1739,590,566,24,3
1793,43194,3,1728,2191,2606,2407,2921,2412,2193,1740,582,567,15,2
1794,43194,5,1731,2190,2605,2410,2922,2409,2190,1741,594,586,8,1
1795,43194,7,1732,2189,2606,2409,2921,2410,2189,1742,555,558,-3,-1
1796,43195,0,1733,2188,2605,2410,2920,2411,2190,1741,558,378,180,27
1797,43195,2,1707,2160,2579,2382,2894,2383,2164,1713,375,518,-143,-22
1798,43195,4,1664,2159,2622,2383,2851,2382,2207,1714,382,366,16,2
1799,43195,7,1675,2148,2637,2376,2840,2393,2192,1721,638,631,7,1
1800,43196,0,1676,2147,2636,2377,2839,2394,2193,1720,542,551,-9,-2
1801,43196,2,1668,2151,2628,2381,2831,2398,2185,1724,578,583,-5,-1
1802,43196,4,1654,2167,2642,2365,2817,2414,2199,1708,619,518,101,15
1803,43196,6,1637,2154,2625,2352,2834,2427,2216,1721,598,611,-13,-2
1804,43197,0,1637,2150,2625,2356,2834,2431,2216,1717,563,591,-28,-5
1805,43197,2,1640,2157,2628,2363,2837,2438,2219,1724,526,562,-36,-6
1806,43197,4,1641,2144,2627,2376,2838,2425,2218,1737,610,515,95,14
1807,43197,6,1655,2158,2641,2390,2824,2411,2204,1723,543,546,-3,-1
1808,43198,0,1651,2164,2645,2384,2828,2405,2200,1729,555,539,16,2
1809,43198,2,1663,2156,2657,2376,2840,2397,2212,1721,634,615,19,2
1810,43198,3,1661,2154,2659,2378,2838,2395,2214,1723,598,611,-13,-2
1811,43198,5,1668,2165,2670,2385,2827,2388,2207,1712,626,627,-1,-1
1812,43198,7,1665,2164,2671,2388,2830,2389,2206,1709,603,630,-27,-5
1813,43199,1,1673,2162,2669,2396,2828,2397,2214,1707,579,626,-47,-8
1814,43199,3,1675,2180,2651,2394,2830,2415,2196,1705,566,599,-33,-6
1815,43199,5,1680,2173,2644,2399,2837,2410,2191,1712,619,590,29,4
1816,43199,7,1673,2174,2643,2406,2844,2409,2192,1705,594,554,40,6
1817,43200,1,1669,2158,2627,2402,2828,2405,2188,1689,546,546,0,0
1818,43200,3,1674,2163,2622,2397,2833,2410,2183,1684,559,562,-3,-1
1819,43200,4,1673,2164,2623,2396,2832,2411,2184,1683,546,602,-56,-9
1820,43200,6,1687,2168,2637,2400,2818,2407,2170,1679,575,599,-24,-4
1821,43201,0,1677,2170,2647,2398,2828,2405,2160,1681,551,579,-28,-5
1822,43201,2,1675,2182,2645,2410,2826,2417,2158,1693,634,630,4,0
1823,43201,4,1681,2176,2639,2416,2832,2411,2152,1699,798,811,-13,-2
1824,43201,6,1674,2179,2632,2419,2839,2408,2159,1696,790,634,156,23
1825,43202,0,1656,2151,2650,2447,2857,2436,2141,1668,807,795,12,1
1826,43202,2,1630,2179,2624,2475,2831,2464,2115,1696,607,590,17,2
1827,43202,4,1632,2173,2622,2481,2833,2458,2113,1702,575,639,-64,-10
1828,43202,5,1642,2183,2632,2491,2823,2448,2103,1692,534,630,-96,-15
1829,43202,7,1632,2203,2612,2501,2833,2428,2123,1682,519,518,1,0
1830,43203,1,1629,2200,2609,2498,2830,2425,2120,1679,379,587,-208,-32
1831,43203,5,1618,2241,2580,2545,2795,2442,2067,1702,522,571,-49,-8
1832,43203,7,1623,2230,2591,2540,2790,2453,2056,1707,538,598,-60,-10
1833,43204,1,1614,2241,2602,2531,2801,2444,2047,1718,542,563,-21,-4
1834,43204,5,1635,2236,2595,2534,2816,2433,2034,1715,546,575,-29,-5
1835,43204,6,1630,2241,2590,2539,2821,2428,2039,1710,571,587,-16,-3
1836,43205,0,1632,2233,2588,2547,2819,2436,2041,1702,611,603,8,1
1837,43205,2,1655,2208,2611,2522,2842,2411,2064,1677,514,354,160,24
1838,43205,4,1710,2201,2556,2529,2897,2404,2009,1684,530,535,-5,-1
1839,43205,6,1705,2204,2551,2532,2902,2401,2014,1681,383,335,48,7
1840,43206,0,1692,2203,2564,2533,2915,2402,2001,1680,559,546,13,1
1841,43206,2,1696,2201,2568,2531,2919,2400,2005,1678,563,379,184,28
1842,43206,4,1666,2175,2598,2557,2889,2374,2035,1704,342,359,-17,-3
1843,43206,6,1667,2180,2599,2562,2888,2369,2034,1699,319,542,-223,-35
1844,43207,0,1608,2169,2658,2573,2947,2380,1975,1688,319,331,-12,-2
1845,43207,2,1610,2171,2660,2575,2949,2382,1977,1690,315,306,9,1
1846,43207,4,1640,2143,2630,2603,2979,2354,1947,1718,355,347,8,1
1847,43207,6,1644,2141,2634,2601,2975,2356,1943,1720,350,339,11,1
1848,43208,0,1638,2145,2640,2597,2981,2352,1937,1724,522,547,-25,-4
1849,43208,2,1633,2142,2635,2594,2976,2349,1932,1721,530,534,-4,-1
1850,43208,3,1634,2143,2634,2593,2977,2350,1931,1720,550,530,20,3
1851,43208,5,1633,2136,2627,2592,2984,2351,1932,1727,375,379,-4,-1
1852,43208,7,1628,2133,2630,2597,2989,2354,1929,1722,586,575,11,1
1853,43209,1,1624,2131,2628,2593,2987,2350,1925,1720,371,515,-144,-22
1854,43209,3,1625,2176,2583,2592,2988,2395,1880,1719,366,358,8,1
1855,43209,5,1617,2170,2577,2584,2994,2403,1888,1725,383,534,-151,-24
1856,43209,7,1636,2141,2606,2565,2975,2432,1859,1744,354,350,4,0
1857,43210,1,1634,2139,2604,2563,2973,2430,1857,1742,322,323,-1,-1
1858,43210,3,1634,2137,2606,2563,2973,2428,1859,1742,322,326,-4,-1
1859,43210,5,1632,2137,2606,2561,2973,2430,1861,1742,362,515,-153,-24
1860,43210,6,1608,2161,2582,2585,2997,2406,1885,1718,383,382,1,0
1861,43211,0,1631,2138,2559,2608,2974,2429,1908,1695,570,618,-48,-8
1862,43211,2,1631,2154,2559,2624,2974,2445,1908,1711,567,594,-27,-5
1863,43211,5,1633,2158,2573,2636,2960,2433,1906,1707,635,770,-135,-21
1864,43211,6,1654,2137,2594,2615,2939,2454,1885,1728,583,578,5,0
1865,43212,0,1653,2138,2595,2614,2940,2453,1884,1729,559,591,-32,-5
1866,43212,2,1644,2137,2586,2613,2931,2452,1875,1728,551,555,-4,-1
1867,43212,4,1643,2140,2587,2610,2930,2455,1876,1725,582,535,47,7
1868,43212,6,1615,2154,2559,2624,2958,2441,1904,1711,562,531,31,4
1869,43213,0,1620,2157,2554,2621,2953,2438,1909,1714,562,610,-48,-8
1870,43213,2,1623,2170,2557,2634,2956,2451,1912,1727,594,618,-24,-4
1871,43213,4,1621,2164,2559,2640,2954,2445,1914,1733,631,639,-8,-2
1872,43213,6,1618,2163,2556,2639,2957,2446,1917,1734,534,550,-16,-3
1873,43214,0,1621,2166,2553,2636,2954,2443,1920,1737,559,546,13,1
1874,43214,2,1633,2156,2565,2626,2966,2433,1932,1727,574,547,27,4
1875,43214,3,1629,2152,2569,2630,2962,2429,1936,1731,514,370,144,21
1876,43214,5,1654,2135,2552,2655,2979,2404,1911,1748,362,363,-1,-1
1877,43214,7,1629,2112,2575,2680,3004,2427,1888,1723,343,378,-35,-6
1878,43215,1,1643,2114,2577,2694,3006,2441,1902,1725,546,527,19,2
1879,43215,3,1641,2108,2583,2696,3004,2435,1908,1727,354,299,55,8
1880,43215,5,1639,2122,2597,2694,2990,2437,1910,1713,267,379,-112,-18
1881,43215,7,1673,2120,2599,2660,2956,2439,1908,1747,371,379,-8,-2
1882,43216,1,1674,2125,2604,2661,2961,2440,1909,1752,359,283,76,11
1883,43216,3,1650,2123,2606,2685,2937,2438,1911,1776,351,359,-8,-2
1884,43216,5,1645,2122,2605,2680,2938,2443,1916,1777,326,334,-8,-2
1885,43216,6,1643,2124,2603,2682,2940,2441,1918,1775,347,378,-31,-5
1886,43217,0,1635,2122,2611,2684,2948,2443,1910,1773,359,271,88,13
1887,43217,3,1623,2122,2585,2670,2936,2443,1884,1759,359,382,-23,-4
1888,43217,5,1625,2116,2579,2672,2942,2441,1882,1765,526,522,4,0
1889,43217,6,1625,2116,2579,2672,2942,2441,1882,1765,590,618,-28,-5
1890,43218,0,1636,2115,2568,2673,2931,2442,1893,1764,518,542,-24,-4
1891,43218,2,1632,2111,2564,2669,2927,2438,1889,1760,359,523,-164,-26
1892,43218,4,1654,2141,2542,2639,2949,2468,1867,1730,370,378,-8,-2
1893,43218,6,1633,2166,2521,2664,2970,2443,1888,1705,562,583,-21,-4
1894,43219,0,1629,2162,2525,2668,2974,2447,1884,1701,571,607,-36,-6
1895,43219,2,1632,2171,2528,2677,2977,2456,1887,1710,535,575,-40,-7
1896,43219,4,1616,2173,2544,2675,2961,2458,1903,1708,526,371,155,23
1897,43219,6,1639,2196,2567,2698,2938,2435,1880,1685,351,282,69,10
1898,43220,0,1635,2180,2571,2714,2942,2451,1876,1669,326,307,19,2
1899,43220,2,1634,2185,2570,2719,2941,2456,1875,1674,359,339,20,3
1900,43220,4,1614,2199,2590,2705,2921,2470,1895,1660,295,306,-11,-2
1901,43220,6,1617,2200,2593,2706,2918,2469,1892,1659,322,343,-21,-4
1902,43220,7,1613,2196,2597,2710,2922,2473,1888,1655,286,326,-40,-7
1903,43221,2,1598,2203,2568,2731,2893,2494,1873,1662,274,279,-5,-1
1904,43221,4,1592,2207,2574,2727,2887,2498,1879,1658,283,302,-19,-3
1905,43221,6,1586,2207,2568,2727,2893,2498,1885,1658,275,307,-32,-5
1906,43221,7,1591,2212,2563,2722,2888,2493,1890,1663,287,282,5,0
1907,43222,1,1592,2213,2564,2723,2889,2494,1891,1664,278,366,-88,-14
1908,43222,3,1612,2205,2572,2703,2909,2486,1899,1644,310,338,-28,-5
1909,43222,5,1612,2215,2582,2703,2899,2486,1899,1634,371,351,20,3
1910,43222,7,1610,2207,2590,2705,2901,2494,1891,1632,375,547,-172,-27
1911,43223,1,1613,2156,2539,2708,2850,2497,1894,1581,539,355,184,28
1912,43223,3,1641,2128,2567,2680,2878,2469,1922,1553,315,343,-28,-5
1913,43223,5,1646,2123,2562,2685,2883,2464,1917,1558,543,579,-36,-6
1914,43223,7,1639,2104,2581,2692,2890,2483,1898,1551,610,594,16,2
1915,43224,1,1638,2099,2576,2691,2885,2482,1897,1546,611,622,-11,-2
1916,43224,2,1640,2097,2578,2689,2887,2480,1899,1544,634,571,63,9
1917,43224,4,1633,2086,2585,2700,2880,2469,1906,1555,534,362,172,26
1918,43224,6,1599,2068,2551,2682,2914,2487,1940,1573,371,331,40,6
1919,43225,0,1602,2077,2548,2673,2911,2478,1943,1582,338,343,-5,-1
1920,43225,2,1604,2077,2550,2673,2913,2478,1945,1582,343,334,9,1
1921,43225,4,1602,2081,2552,2669,2911,2482,1947,1578,383,383,0,0
1922,43225,6,1574,2109,2524,2697,2939,2454,1975,1550,542,535,7,1
1923,43226,0,1600,2081,2498,2725,2913,2482,2001,1522,514,367,147,22
1924,43226,2,1622,2103,2520,2747,2935,2504,2023,1544,319,279,40,6
1925,43226,4,1601,2112,2541,2738,2914,2513,2044,1535,351,279,72,10
1926,43226,5,1591,2102,2531,2728,2924,2523,2054,1545,267,290,-23,-4
1927,43227,0,1582,2109,2532,2729,2933,2516,2053,1544,358,354,4,0
1928,43227,2,1581,2110,2531,2730,2932,2517,2052,1545,539,514,25,3
1929,43227,3,1584,2113,2528,2727,2935,2520,2049,1542,538,339,199,30
1930,43227,5,1563,2152,2567,2706,2896,2541,2070,1503,330,330,0,0
1931,43227,7,1559,2148,2571,2710,2900,2545,2066,1499,294,275,19,2
1932,43228,1,1572,2157,2580,2723,2909,2558,2079,1508,266,355,-89,-14
1933,43228,3,1582,2139,2598,2713,2919,2540,2097,1498,286,263,23,3
1934,43228,5,1588,2139,2598,2719,2919,2534,2091,1498,287,307,-20,-4
1935,43229,0,1582,2137,2596,2729,2925,2536,2093,1488,382,539,-157,-24
1936,43229,2,1617,2150,2631,2742,2960,2549,2128,1501,518,634,-116,-18
1937,43229,4,1619,2112,2629,2780,2962,2511,2126,1539,610,639,-29,-5
1938,43229,6,1614,2107,2624,2775,2967,2516,2131,1544,594,578,16,2
1939,43230,0,1609,2108,2629,2774,2972,2515,2126,1545,623,639,-16,-3
1940,43230,2,1608,2103,2628,2769,2971,2510,2125,1540,527,538,-11,-2
1941,43230,3,1610,2105,2626,2767,2973,2512,2123,1538,522,618,-96,-15
1942,43230,5,1581,2106,2627,2738,2972,2541,2152,1537,546,630,-84,-13
1943,43231,0,1584,2123,2598,2747,2969,2524,2181,1528,574,550,24,3
1944,43231,2,1575,2126,2589,2750,2960,2527,2172,1531,566,587,-21,-4
1945,43231,4,1588,2105,2576,2771,2973,2506,2159,1552,586,587,-1,-1
1946,43231,6,1593,2098,2581,2764,2968,2513,2154,1559,586,526,60,9
1947,43232,0,1587,2086,2587,2776,2974,2525,2148,1547,379,355,24,3
1948,43232,2,1588,2091,2588,2781,2975,2530,2149,1552,283,379,-96,-15
1949,43232,3,1603,2106,2573,2766,2990,2545,2134,1537,319,126,193,29
1950,43232,5,1631,2076,2543,2794,3020,2517,2106,1567,310,346,-36,-6
1951,43233,0,1629,2072,2533,2810,3022,2521,2116,1551,359,274,85,12
1952,43233,1,1617,2060,2521,2798,3010,2509,2104,1539,282,258,24,3
1953,43233,3,1604,2041,2540,2811,2997,2490,2123,1552,267,270,-3,-1
1954,43233,5,1593,2028,2527,2800,3010,2501,2134,1565,338,354,-16,-3
1955,43233,7,1594,2023,2532,2799,3009,2506,2129,1566,278,278,0,0
1956,43234,1,1595,2024,2533,2800,3010,2507,2130,1567,278,331,-53,-9
1957,43234,3,1606,2017,2540,2789,3021,2500,2137,1556,295,287,8,1
1958,43234,4,1607,2016,2539,2790,3022,2499,2136,1557,287,314,-27,-5
1959,43234,7,1621,2024,2541,2786,3008,2491,2134,1561,355,379,-24,-4
1960,43235,1,1618,2013,2530,2783,2997,2488,2131,1550,294,362,-68,-11
1961,43235,3,1610,2027,2516,2791,2989,2502,2117,1558,515,555,-40,-7
1962,43235,5,1611,2014,2503,2792,3002,2501,2116,1571,611,530,81,12
1963,43235,7,1607,2034,2483,2796,3006,2481,2136,1567,555,538,17,2
1964,43236,1,1605,2028,2477,2794,3000,2479,2134,1561,515,611,-96,-15
1965,43236,2,1620,2013,2492,2779,3015,2464,2149,1546,630,518,112,17
1966,43236,4,1598,2001,2514,2791,2993,2452,2171,1558,595,603,-8,-2
1967,43236,7,1600,1983,2536,2793,2991,2470,2149,1556,614,607,7,1
1968,43237,1,1598,1983,2536,2791,2991,2468,2147,1556,515,514,1,0
1969,43237,2,1598,1983,2536,2791,2991,2468,2147,1556,607,611,-4,-1
1970,43237,4,1599,1980,2535,2794,2992,2465,2146,1559,519,567,-48,-8
1971,43237,6,1592,1971,2528,2785,2999,2474,2153,1568,574,519,55,8
1972,43238,0,1589,1958,2531,2798,3002,2487,2150,1555,786,622,164,25
1973,43238,2,1638,1959,2580,2799,3051,2488,2199,1556,586,787,-201,-31
1974,43238,3,1669,1990,2549,2768,3082,2519,2168,1525,779,794,-15,-3
1975,43238,6,1693,1974,2579,2746,3052,2541,2144,1541,554,534,20,3
1976,43239,0,1692,1981,2580,2739,3053,2534,2143,1548,547,526,21,3
1977,43239,2,1690,1977,2578,2735,3051,2530,2141,1544,619,618,1,0
1978,43239,3,1690,1977,2578,2735,3051,2530,2141,1544,622,630,-8,-2
1979,43239,5,1697,1980,2581,2742,3048,2523,2134,1541,567,547,20,3
1980,43239,7,1698,1987,2574,2741,3047,2516,2141,1542,542,595,-53,-9
1981,43240,1,1690,1997,2584,2733,3057,2508,2133,1552,575,534,41,6
1982,43240,3,1686,2005,2576,2737,3053,2516,2125,1556,566,550,16,2
1983,43240,5,1663,1978,2549,2714,3080,2539,2148,1583,522,543,-21,-4
1984,43240,7,1661,1984,2543,2716,3082,2533,2154,1581,538,550,-12,-2
1985,43241,1,1671,1990,2549,2726,3088,2543,2164,1587,603,639,-36,-6
1986,43241,2,1665,1996,2543,2732,3082,2549,2158,1593,638,578,60,9
1987,43241,4,1669,2010,2539,2718,3086,2563,2154,1579,367,531,-164,-26
1988,43241,6,1647,1980,2517,2688,3108,2593,2176,1609,375,382,-7,-2
1989,43242,0,1669,1962,2495,2706,3086,2611,2198,1591,367,374,-7,-2
1990,43242,2,1664,1963,2490,2707,3081,2612,2193,1592,338,311,27,4
1991,43242,4,1664,1955,2490,2715,3081,2604,2193,1600,326,363,-37,-6
1992,43242,6,1671,1960,2497,2720,3074,2599,2186,1595,278,371,-93,-15
1993,43243,0,1655,1946,2513,2734,3090,2613,2170,1581,342,286,56,8
1994,43243,2,1642,1943,2500,2731,3077,2610,2157,1578,290,275,15,2
1995,43243,4,1653,1936,2489,2738,3088,2603,2146,1585,358,523,-165,-26
1996,43243,5,1627,1910,2463,2712,3114,2629,2172,1611,562,378,184,28
1997,43243,7,1621,1960,2413,2718,3120,2579,2222,1605,538,590,-52,-8
1998,43244,1,1603,1958,2411,2700,3118,2561,2204,1603,547,603,-56,-9
1999,43244,3,1614,1951,2418,2689,3129,2554,2211,1592,574,610,-36,-6
2000,43244,5,1615,1964,2431,2690,3116,2553,2210,1579,595,526,69,10
2001,43244,7,1627,1956,2439,2678,3104,2561,2202,1591,615,639,-24,-4
2002,43245,1,1625,1946,2429,2676,3094,2559,2200,1581,567,618,-51,-8
2003,43245,3,1635,1972,2403,2666,3104,2585,2174,1571,610,619,-9,-2
2004,43245,5,1634,1967,2398,2665,3109,2586,2175,1576,587,575,12,1
2005,43245,7,1636,1971,2394,2663,3107,2582,2179,1578,638,603,35,5
2006,43246,0,1641,1966,2389,2668,3102,2587,2184,1573,607,606,1,0
2007,43246,3,1631,1962,2393,2678,3092,2583,2188,1583,635,534,101,15
2008,43246,5,1642,1943,2374,2689,3111,2572,2177,1602,555,575,-20,-4
2009,43246,6,1638,1947,2370,2693,3115,2568,2181,1598,550,538,12,1
2010,43247,0,1646,1941,2362,2699,3107,2574,2189,1592,562,575,-13,-2
2011,43247,2,1644,1947,2360,2705,3105,2580,2187,1598,590,586,4,0
2012,43247,4,1641,1950,2363,2702,3102,2583,2190,1595,583,559,24,3
2013,43247,6,1643,1954,2365,2706,3100,2579,2188,1591,583,619,-36,-6
2014,43248,0,1652,1957,2356,2703,3091,2576,2197,1594,631,774,-143,-22
2015,43248,2,1635,1930,2339,2676,3074,2549,2180,1567,634,783,-149,-23
2016,43248,4,1653,1958,2321,2648,3092,2577,2162,1539,866,866,0,0
2017,43248,6,1657,1954,2325,2644,3088,2581,2158,1543,774,794,-20,-4
2018,43248,7,1653,1950,2329,2648,3092,2585,2154,1539,811,842,-31,-5
2019,43249,1,1662,1949,2328,2657,3091,2594,2163,1538,890,834,56,8
2020,43249,3,1671,1942,2335,2648,3100,2587,2170,1529,614,606,8,1
2021,43249,5,1674,1947,2340,2651,3095,2584,2167,1524,639,626,13,1
2022,43249,7,1674,1949,2338,2651,3095,2582,2169,1524,775,810,-35,-6
2023,43250,1,1665,1952,2341,2642,3098,2573,2160,1527,583,582,1,0
2024,43250,3,1664,1951,2342,2643,3097,2572,2161,1528,791,834,-43,-7
2025,43250,5,1657,1958,2349,2636,3090,2579,2168,1521,626,574,52,7
2026,43250,7,1661,1948,2359,2632,3086,2589,2158,1525,791,802,-11,-2
2027,43251,1,1664,1947,2358,2635,3085,2592,2161,1524,782,779,3,0
2028,43251,2,1664,1947,2358,2635,3085,2592,2161,1524,775,799,-24,-4
2029,43251,4,1659,1944,2363,2638,3080,2589,2166,1527,838,795,43,6
2030,43251,6,1663,1952,2367,2646,3076,2581,2162,1519,854,819,35,5
2031,43252,1,1636,1969,2394,2629,3103,2564,2135,1536,770,607,163,24
2032,43252,2,1612,1993,2370,2653,3079,2588,2111,1560,595,566,29,4
2033,43252,4,1609,1988,2373,2658,3076,2583,2114,1565,522,555,-33,-6
2034,43252,6,1609,2000,2373,2670,3076,2571,2114,1553,607,794,-187,-29
2035,43253,0,1582,1969,2400,2701,3103,2602,2087,1522,839,847,-8,-2
2036,43253,2,1585,1970,2403,2702,3106,2603,2090,1523,810,774,36,5
2037,43253,4,1595,1970,2393,2702,3116,2603,2080,1523,863,807,56,8
2038,43253,5,1603,1978,2401,2710,3108,2595,2072,1515,859,779,80,12
2039,43254,0,1620,2019,2360,2693,3091,2554,2113,1532,1058,1055,3,0
2040,43254,2,1621,2018,2361,2692,3092,2553,2114,1531,1034,858,176,26
2041,43254,3,1595,1992,2387,2718,3066,2527,2140,1557,875,863,12,1
2042,43254,5,1593,1988,2383,2716,3070,2529,2142,1561,787,862,-75,-12
2043,43254,7,1608,2027,2344,2701,3055,2490,2181,1576,1034,882,152,23
2044,43255,1,1580,2045,2362,2673,3073,2462,2153,1594,871,886,-15,-3
2045,43255,3,1579,2050,2357,2674,3072,2467,2148,1595,838,807,31,4
2046,43255,5,1577,2056,2363,2672,3066,2469,2150,1589,835,847,-12,-2
2047,43256,0,1579,2054,2365,2670,3064,2471,2148,1591,1035,883,152,23
2048,43256,2,1601,2078,2387,2694,3086,2495,2170,1615,1070,1062,8,1
2049,43256,4,1599,2078,2389,2694,3084,2495,2172,1615,1070,1106,-36,-6
2050,43260,2,1657,2126,2499,2718,3014,2519,2126,1667,574,566,8,1
2051,43260,4,1645,2136,2511,2708,3002,2529,2138,1657,598,591,7,1
2052,43260,6,1650,2129,2516,2701,2997,2536,2133,1664,635,630,5,0
2053,43261,0,1642,2137,2524,2693,3005,2528,2125,1672,346,362,-16,-3
2054,43261,2,1651,2134,2533,2690,3014,2525,2134,1669,310,322,-12,-2
2055,43261,4,1655,2126,2529,2698,3018,2517,2130,1677,371,370,1,0
2056,43261,5,1655,2126,2529,2698,3018,2517,2130,1677,343,338,5,0
2057,43261,7,1666,2137,2518,2687,3007,2506,2141,1688,262,282,-20,-4
2058,43262,1,1668,2147,2528,2689,3017,2508,2143,1698,307,310,-3,-1
2059,43262,3,1670,2147,2528,2687,3019,2508,2143,1696,302,274,28,4
2060,43262,5,1671,2140,2521,2688,3026,2507,2142,1703,322,366,-44,-7
2061,43262,7,1664,2147,2514,2695,3033,2500,2149,1696,531,526,5,0
2062,43263,0,1664,2147,2514,2695,3033,2500,2149,1696,370,319,51,7
2063,43263,2,1658,2139,2508,2687,3027,2492,2143,1688,346,363,-17,-3
2064,43263,4,1659,2132,2507,2694,3028,2485,2142,1695,543,578,-35,-6
2065,43263,6,1655,2124,2503,2686,3032,2493,2146,1703,522,622,-100,-16
2066,43264,0,1680,2131,2478,2679,3007,2486,2171,1710,574,619,-45,-7
2067,43264,2,1673,2124,2471,2672,3000,2479,2164,1703,574,587,-13,-2
2068,43264,3,1675,2126,2469,2670,3002,2481,2162,1701,586,515,71,10
2069,43264,5,1703,2134,2477,2698,2994,2453,2134,1693,566,782,-216,-33
2070,43264,7,1671,2168,2443,2730,3026,2419,2168,1661,634,638,-4,-1
2071,43265,1,1666,2161,2436,2725,3019,2414,2163,1654,566,630,-64,-10
2072,43265,3,1656,2171,2426,2735,3009,2424,2153,1664,578,582,-4,-1
2073,43265,5,1630,2143,2398,2709,3037,2450,2179,1692,811,806,5,0
2074,43265,6,1630,2143,2398,2709,3037,2450,2179,1692,631,770,-139,-22
2075,43266,0,1654,2163,2374,2689,3013,2430,2203,1712,591,618,-27,-5
2076,43266,2,1655,2152,2375,2678,3014,2419,2204,1701,618,595,23,3
2077,43266,4,1652,2149,2378,2681,3011,2416,2207,1704,615,791,-176,-27
2078,43266,6,1685,2170,2411,2702,2978,2395,2174,1683,587,522,65,9
2079,43267,0,1694,2179,2402,2693,2969,2386,2183,1692,603,639,-36,-6
2080,43267,1,1700,2185,2408,2699,2975,2392,2189,1698,631,631,0,0
2081,43267,3,1703,2188,2405,2696,2978,2395,2186,1695,547,531,16,2
2082,43267,5,1705,2194,2411,2698,2972,2393,2184,1689,542,527,15,2
2083,43267,7,1703,2196,2409,2700,2974,2391,2186,1687,378,515,-137,-21
2084,43268,1,1703,2238,2451,2700,3016,2391,2186,1729,342,362,-20,-4
2085,43268,3,1729,2256,2433,2674,3042,2409,2168,1703,542,530,12,1
2086,43268,4,1730,2255,2432,2675,3043,2408,2167,1704,562,550,12,1
2087,43268,6,1732,2251,2434,2671,3041,2412,2165,1708,522,535,-13,-2
2088,43269,1,1725,2254,2441,2668,3048,2409,2158,1711,591,574,17,2
2089,43269,3,1718,2243,2452,2675,3041,2398,2169,1718,594,547,47,7
2090,43269,4,1711,2250,2459,2668,3034,2405,2176,1711,611,631,-20,-4
2091,43269,6,1704,2249,2452,2667,3041,2406,2183,1712,527,558,-31,-5
2092,43270,0,1707,2256,2449,2660,3038,2399,2186,1719,567,550,17,2
2093,43270,2,1707,2260,2449,2664,3038,2403,2186,1723,615,575,40,6
2094,43270,4,1698,2257,2458,2667,3029,2400,2195,1726,607,626,-19,-3
2095,43270,5,1701,2260,2461,2670,3026,2397,2192,1723,615,535,80,12
2096,43270,7,1716,2251,2470,2655,3011,2406,2183,1738,578,558,20,3
2097,43271,1,1712,2253,2472,2651,3013,2402,2179,1740,610,610,0,0
2098,43271,3,1712,2253,2472,2651,3013,2402,2179,1740,595,615,-20,-4
2099,43271,5,1711,2244,2463,2650,3022,2403,2180,1749,538,563,-25,-4
2100,43271,7,1707,2232,2475,2654,3026,2415,2168,1745,634,551,83,12
2101,43272,0,1719,2220,2463,2666,3014,2427,2180,1733,534,639,-105,-17
2102,43272,2,1706,2199,2450,2645,3001,2406,2167,1712,515,571,-56,-9
2103,43272,4,1717,2206,2439,2638,3012,2413,2156,1705,547,550,-3,-1
2104,43272,6,1722,2203,2444,2635,3007,2416,2151,1708,371,339,32,4
2105,43273,0,1731,2202,2435,2636,2998,2417,2160,1707,346,591,-245,-38
2106,43273,2,1762,2247,2466,2681,3029,2462,2191,1752,626,623,3,0
2107,43273,3,1762,2247,2466,2681,3029,2462,2191,1752,602,558,44,6
2108,43273,5,1762,2259,2478,2681,3017,2462,2191,1740,371,575,-204,-32
2109,43273,7,1801,2234,2503,2642,2978,2487,2166,1779,515,547,-32,-5
2110,43274,1,1795,2238,2507,2636,2982,2481,2160,1783,542,535,7,1
2111,43274,3,1805,2250,2495,2626,2992,2493,2148,1773,619,543,76,11
2112,43274,5,1821,2244,2489,2642,2998,2477,2132,1779,531,639,-108,-17
2113,43274,6,1804,2261,2472,2659,3015,2460,2149,1762,527,574,-47,-8
2114,43275,0,1795,2254,2481,2666,3024,2467,2140,1755,514,603,-89,-14
2115,43275,2,1809,2268,2495,2680,3038,2481,2154,1769,575,606,-31,-5
2116,43275,4,1804,2263,2500,2685,3033,2476,2159,1774,566,515,51,7
2117,43275,6,1809,2272,2505,2694,3028,2467,2154,1765,551,382,169,25
2118,43276,0,1790,2241,2524,2725,3047,2498,2135,1734,355,382,-27,-5
2119,43276,1,1785,2236,2519,2720,3042,2493,2130,1729,338,338,0,0
2120,43276,3,1784,2235,2520,2721,3041,2492,2131,1730,346,374,-28,-5
2121,43276,5,1755,2216,2501,2692,3060,2521,2160,1749,330,351,-21,-4
2122,43276,7,1746,2215,2502,2701,3069,2522,2159,1740,354,338,16,2
2123,43277,1,1743,2216,2503,2698,3070,2519,2156,1741,330,367,-37,-6
2124,43277,2,1737,2222,2497,2704,3064,2525,2150,1747,363,343,20,3
2125,43277,4,1741,2224,2493,2702,3068,2527,2146,1745,343,338,5,0
2126,43277,6,1741,2224,2493,2702,3068,2527,2146,1745,307,370,-63,-10
2127,43278,0,1752,2233,2482,2693,3057,2518,2157,1754,523,530,-7,-2
2128,43278,2,1750,2231,2480,2691,3055,2516,2155,1752,607,594,13,1
2129,43278,4,1751,2228,2479,2694,3056,2513,2154,1755,590,614,-24,-4
2130,43278,5,1755,2232,2483,2698,3052,2509,2150,1751,515,614,-99,-16
2131,43278,7,1736,2245,2470,2717,3071,2496,2163,1732,582,583,-1,-1
2132,43279,1,1739,2246,2471,2720,3072,2499,2166,1733,611,614,-3,-1
2133,43279,3,1755,2264,2453,2704,3088,2517,2148,1717,526,634,-108,-17
2134,43279,5,1781,2256,2445,2730,3096,2491,2122,1725,590,582,8,1
2135,43279,7,1776,2253,2448,2735,3101,2494,2119,1720,607,559,48,7
2136,43280,0,1783,2246,2441,2742,3094,2501,2126,1713,586,575,11,1
2137,43280,2,1782,2249,2440,2745,3093,2504,2125,1716,618,539,79,12
2138,43280,4,1778,2229,2444,2765,3089,2484,2129,1736,550,606,-56,-9
2139,43280,6,1791,2234,2457,2770,3076,2479,2116,1731,542,615,-73,-12
2140,43281,0,1781,2220,2467,2784,3086,2493,2106,1717,523,570,-47,-8
2141,43281,2,1784,2233,2470,2797,3089,2506,2109,1730,774,618,156,23
2142,43281,3,1807,2256,2447,2774,3112,2529,2086,1707,591,566,25,3
2143,43281,5,1810,2265,2456,2777,3103,2526,2083,1698,559,554,5,0
2144,43281,7,1810,2265,2456,2777,3103,2526,2083,1698,795,818,-23,-4
2145,43282,1,1836,2299,2490,2803,3137,2552,2109,1732,567,571,-4,-1
2146,43282,3,1839,2300,2489,2800,3140,2553,2108,1729,622,827,-205,-32
2147,43282,5,1810,2335,2524,2771,3105,2582,2137,1694,778,595,183,27
2148,43282,6,1837,2308,2551,2744,3078,2609,2110,1721,574,555,19,2
2149,43283,0,1845,2304,2543,2748,3070,2613,2118,1717,567,543,24,3
2150,43283,2,1841,2302,2539,2746,3066,2611,2114,1715,615,582,33,5
2151,43283,4,1846,2307,2534,2741,3071,2616,2109,1710,595,574,21,3
2152,43283,6,1841,2318,2529,2752,3076,2605,2114,1699,546,542,4,0
2153,43284,0,1829,2330,2541,2740,3088,2593,2102,1711,579,551,28,4
2154,43284,2,1831,2336,2543,2746,3090,2599,2104,1717,574,538,36,5
2155,43284,4,1819,2338,2555,2744,3078,2601,2116,1715,614,606,8,1
2156,43284,6,1813,2342,2549,2748,3084,2597,2122,1711,598,602,-4,-1
2157,43285,0,1805,2348,2557,2742,3092,2591,2114,1717,514,615,-101,-16
2158,43285,1,1821,2364,2573,2758,3108,2607,2130,1733,619,587,32,4
2159,43285,3,1832,2367,2570,2747,3119,2610,2127,1722,603,623,-20,-4
2160,43285,5,1836,2363,2566,2751,3123,2606,2123,1726,570,527,43,6
2161,43285,7,1828,2367,2562,2759,3131,2602,2127,1718,631,582,49,7
2162,43286,1,1838,2363,2558,2769,3127,2612,2137,1714,523,607,-84,-13
2163,43286,2,1851,2350,2571,2756,3140,2599,2150,1701,610,627,-17,-3
2164,43286,4,1850,2357,2572,2749,3139,2606,2151,1694,514,530,-16,-3
2165,43286,6,1851,2362,2573,2754,3138,2601,2150,1689,522,543,-21,-4
2166,43287,0,1845,2360,2579,2756,3144,2603,2144,1687,539,571,-32,-5
2167,43287,2,1826,2389,2560,2785,3125,2632,2125,1716,807,822,-15,-3
2168,43287,4,1822,2387,2564,2787,3121,2630,2129,1718,882,775,107,16
2169,43287,5,1838,2403,2580,2803,3105,2614,2113,1702,882,887,-5,-1
2170,43287,7,1843,2406,2577,2798,3100,2611,2116,1707,814,811,3,0
2171,43288,1,1865,2428,2599,2820,3122,2633,2138,1729,582,550,32,4
2172,43288,3,1861,2432,2595,2824,3118,2637,2134,1733,639,615,24,3
2173,43288,5,1863,2428,2591,2826,3122,2635,2132,1737,547,538,9,1
2174,43288,7,1868,2431,2588,2821,3117,2632,2135,1742,599,583,16,2
2175,43289,0,1866,2433,2590,2819,3119,2630,2133,1744,563,554,9,1
2176,43289,2,1871,2426,2595,2812,3124,2623,2138,1737,543,539,4,0
2177,43289,4,1873,2424,2593,2814,3126,2621,2136,1739,562,551,11,1
2178,43289,6,1886,2413,2606,2803,3113,2632,2123,1750,550,555,-5,-1
2179,43290,0,1880,2421,2612,2795,3119,2624,2117,1758,774,598,176,26
2180,43290,2,1933,2420,2665,2794,3172,2623,2170,1757,795,782,13,1
2181,43290,3,1932,2419,2666,2795,3171,2622,2171,1758,779,795,-16,-3
2182,43290,5,1926,2419,2666,2789,3171,2628,2177,1758,619,591,28,4
2183,43290,7,1925,2410,2675,2790,3172,2637,2168,1757,618,634,-16,-3
2184,43291,1,1908,2387,2652,2773,3149,2620,2151,1734,775,630,145,22
2185,43291,3,1934,2369,2670,2747,3175,2602,2169,1708,818,802,16,2
2186,43291,5,1929,2368,2669,2742,3176,2607,2174,1709,894,770,124,18
2187,43291,6,1911,2386,2651,2760,3194,2589,2192,1691,778,895,-117,-18
2188,43292,0,1942,2391,2620,2755,3163,2584,2223,1696,846,834,12,1
2189,43292,2,1943,2392,2621,2756,3164,2585,2224,1697,782,770,12,1
2190,43292,4,1934,2399,2630,2749,3155,2592,2233,1690,786,806,-20,-4
2191,43292,6,1966,2375,2662,2725,3123,2616,2201,1714,567,539,28,4
2192,43293,0,1967,2382,2661,2718,3122,2609,2202,1721,634,558,76,11
2193,43293,2,1954,2373,2648,2709,3109,2600,2189,1712,622,639,-17,-3
2194,43293,3,1951,2370,2651,2712,3106,2597,2192,1715,594,515,79,12
2195,43293,5,1939,2382,2663,2700,3094,2609,2204,1703,514,618,-104,-16
2196,43293,7,1957,2368,2677,2682,3076,2623,2190,1721,539,531,8,1
2197,43294,1,1956,2365,2674,2681,3073,2622,2189,1718,558,590,-32,-5
2198,43294,3,1955,2354,2685,2682,3072,2611,2200,1719,583,582,1,0
2199,43294,5,1955,2354,2685,2682,3072,2611,2200,1719,638,634,4,0
2200,43294,6,1955,2354,2685,2682,3072,2611,2200,1719,535,555,-20,-4
2201,43295,0,1966,2335,2674,2701,3061,2630,2211,1700,606,578,28,4
2202,43295,2,1957,2336,2665,2702,3052,2631,2202,1701,622,594,28,4
2203,43295,4,1962,2339,2660,2699,3057,2634,2197,1698,614,582,32,4
2204,43295,6,1962,2347,2660,2707,3057,2626,2197,1690,538,558,-20,-4
2205,43296,0,1961,2356,2661,2698,3058,2617,2196,1699,611,586,25,3
2206,43296,1,1964,2359,2664,2701,3061,2620,2199,1702,542,539,3,0
2207,43296,3,1937,2332,2691,2728,3034,2593,2226,1729,566,570,-4,-1
2208,43296,5,1943,2340,2699,2734,3026,2587,2220,1721,610,599,11,1
2209,43296,7,1939,2334,2705,2738,3030,2593,2214,1717,522,542,-20,-4
2210,43297,1,1942,2329,2700,2741,3025,2596,2217,1712,547,539,8,1
2211,43297,3,1945,2330,2699,2738,3028,2597,2216,1709,607,539,68,10
2212,43297,4,1935,2340,2709,2728,3018,2607,2226,1699,586,579,7,1
2213,43297,6,1935,2342,2709,2730,3018,2605,2226,1697,554,574,-20,-4
2214,43298,0,1906,2379,2738,2693,3047,2568,2197,1734,815,859,-44,-7
2215,43298,2,1898,2373,2730,2687,3039,2562,2189,1728,634,603,31,4
2216,43298,4,1895,2368,2733,2692,3036,2557,2192,1733,610,539,71,10
2217,43298,6,1871,2372,2709,2696,3060,2553,2216,1729,606,615,-9,-2
2218,43299,0,1891,2348,2689,2720,3040,2577,2236,1705,818,819,-1,-1
2219,43299,2,1890,2351,2688,2723,3039,2580,2235,1708,795,775,20,3
2220,43299,4,1890,2357,2688,2717,3039,2586,2235,1702,607,770,-163,-25
2221,43299,5,1865,2332,2663,2692,3064,2611,2260,1727,614,574,40,6
2222,43299,7,1856,2335,2660,2701,3073,2608,2263,1718,570,582,-12,-2
2223,43300,1,1855,2338,2663,2700,3076,2607,2262,1721,539,598,-59,-10
2224,43300,3,1862,2325,2676,2693,3083,2594,2275,1714,554,594,-40,-7
2225,43300,5,1860,2337,2688,2691,3071,2596,2277,1702,603,603,0,0
2226,43300,7,1859,2336,2689,2692,3072,2597,2276,1701,527,611,-84,-13
2227,43301,0,1872,2323,2676,2705,3059,2610,2289,1688,550,519,31,4
2228,43301,2,1862,2325,2666,2707,3049,2612,2279,1690,542,611,-69,-11
2229,43301,4,1839,2326,2689,2706,3026,2613,2302,1689,575,555,20,3
2230,43301,6,1844,2327,2694,2707,3021,2612,2297,1688,559,522,37,5
2231,43302,0,1833,2328,2705,2706,3032,2611,2286,1689,611,515,96,14
2232,43302,2,1846,2343,2718,2721,3045,2626,2299,1704,526,626,-100,-16
2233,43302,3,1862,2359,2702,2705,3061,2642,2283,1688,614,586,28,4
2234,43302,5,1872,2361,2704,2715,3059,2632,2273,1686,606,635,-29,-5
2235,43302,7,1883,2382,2683,2704,3048,2611,2294,1697,638,578,60,9
2236,43304,0,1876,2389,2676,2699,3043,2592,2281,1706,627,587,40,6
2237,43304,2,1897,2380,2697,2690,3064,2583,2302,1697,519,594,-75,-12
2238,43304,4,1908,2393,2686,2677,3075,2596,2291,1684,526,530,-4,-1
2239,43304,6,1906,2397,2684,2681,3077,2592,2293,1680,562,559,3,0
2240,43305,0,1902,2401,2688,2677,3081,2588,2289,1684,546,562,-16,-3
2241,43305,1,1905,2404,2691,2680,3084,2591,2292,1687,623,523,100,15
2242,43305,3,1915,2384,2711,2670,3094,2571,2312,1677,562,631,-69,-11
2243,43305,5,1910,2357,2684,2665,3121,2576,2317,1704,514,555,-41,-7
2244,43305,7,1919,2352,2689,2656,3112,2581,2312,1713,519,623,-104,-16
2245,43306,1,1909,2374,2711,2646,3134,2571,2302,1735,594,583,11,1
2246,43306,3,1904,2371,2714,2651,3129,2568,2305,1740,374,319,55,8
2247,43306,4,1912,2363,2706,2659,3137,2560,2297,1748,318,363,-45,-7
2248,43306,6,1917,2372,2711,2668,3132,2551,2292,1739,375,355,20,3
2249,43307,0,1920,2375,2708,2665,3129,2548,2295,1742,347,522,-175,-27
2250,43307,2,1971,2378,2759,2668,3180,2551,2346,1745,330,530,-200,-31
2251,43307,4,1940,2347,2790,2699,3149,2520,2377,1776,350,343,7,1
2252,43307,6,1945,2344,2795,2696,3144,2523,2372,1779,527,558,-31,-5
2253,43307,7,1950,2349,2790,2691,3139,2518,2377,1784,594,598,-4,-1
2254,43308,1,1954,2355,2796,2695,3145,2522,2381,1790,623,587,36,5
2255,43308,3,1946,2357,2794,2703,3137,2524,2379,1798,574,527,47,7
2256,43308,5,1960,2357,2794,2717,3137,2510,2365,1798,578,623,-45,-7
2257,43308,7,1960,2371,2780,2717,3137,2496,2379,1798,370,523,-153,-24
2258,43309,1,1978,2341,2750,2735,3107,2514,2397,1768,318,523,-205,-32
2259,43309,2,1946,2373,2718,2767,3075,2546,2365,1800,343,366,-23,-4
2260,43309,4,1967,2344,2697,2796,3096,2517,2344,1829,570,606,-36,-6
2261,43309,6,1979,2320,2709,2772,3084,2541,2332,1853,602,515,87,13
2262,43310,0,1957,2316,2731,2776,3106,2545,2310,1849,551,631,-80,-13
2263,43310,2,1960,2287,2734,2747,3109,2516,2313,1820,610,579,31,4
2264,43310,4,1956,2283,2738,2751,3105,2512,2317,1824,575,586,-11,-2
2265,43310,5,1958,2285,2740,2753,3103,2510,2315,1822,630,630,0,0
2266,43310,7,1958,2285,2740,2753,3103,2510,2315,1822,638,631,7,1
2267,43311,1,1932,2261,2716,2727,3079,2484,2289,1798,627,615,12,1
2268,43311,3,1939,2266,2711,2720,3086,2489,2284,1791,546,518,28,4
2269,43311,5,1948,2283,2728,2729,3069,2480,2275,1774,599,599,0,0
2270,43311,7,1974,2309,2702,2703,3043,2454,2301,1800,795,771,24,3
2271,43312,0,1977,2306,2699,2706,3040,2457,2304,1797,634,610,24,3
2272,43312,2,1982,2307,2704,2707,3045,2458,2309,1798,626,599,27,4
2273,43312,4,1978,2303,2708,2711,3041,2454,2313,1802,610,615,-5,-1
2274,43312,6,1985,2298,2715,2706,3034,2459,2306,1807,611,603,8,1
2275,43313,0,1983,2302,2717,2702,3036,2455,2304,1811,546,514,32,4
2276,43313,2,1978,2299,2712,2699,3031,2452,2299,1808,522,523,-1,-1
2277,43313,4,1981,2294,2709,2704,3034,2447,2296,1813,526,554,-28,-5
2278,43313,5,1976,2289,2704,2699,3039,2452,2301,1818,590,630,-40,-7
2279,43313,7,1961,2260,2733,2714,3054,2481,2272,1803,787,627,160,24
2280,43314,2,1989,2242,2713,2744,3034,2511,2300,1785,542,595,-53,-9
2281,43314,4,1991,2258,2711,2728,3036,2527,2298,1769,566,546,20,3
2282,43314,6,1989,2254,2709,2724,3038,2531,2300,1773,570,566,4,0
2283,43314,7,1989,2254,2709,2724,3038,2531,2300,1773,558,535,23,3
2284,43315,1,1994,2265,2720,2729,3049,2536,2305,1784,562,571,-9,-2
2285,43315,3,2009,2284,2701,2714,3064,2555,2286,1769,578,570,8,1
2286,43315,5,2013,2290,2707,2718,3058,2551,2282,1763,590,546,44,6
2287,43315,7,2034,2323,2674,2697,3037,2518,2315,1784,626,803,-177,-28
2288,43316,0,2006,2351,2702,2669,3065,2490,2287,1812,774,575,199,30
2289,43316,2,2024,2393,2720,2711,3083,2532,2305,1854,567,638,-71,-11
2290,43316,4,2030,2409,2714,2695,3089,2548,2299,1838,602,798,-196,-30
2291,43316,6,2067,2432,2751,2718,3052,2525,2262,1815,550,551,-1,-1
2292,43317,0,2066,2431,2752,2719,3053,2526,2261,1814,551,522,29,4
2293,43317,2,2074,2415,2760,2703,3061,2510,2269,1798,514,559,-45,-7
2294,43317,3,2067,2408,2767,2710,3054,2503,2276,1805,546,558,-12,-2
2295,43317,5,2069,2406,2765,2712,3056,2501,2274,1807,566,634,-68,-11
2296,43317,7,2079,2394,2777,2702,3046,2513,2262,1817,639,626,13,1
2297,43318,1,2076,2389,2772,2699,3041,2510,2259,1812,591,530,61,9
2298,43318,3,2065,2396,2765,2710,3030,2517,2252,1823,631,583,48,7
2299,43318,4,2072,2389,2758,2717,3037,2510,2245,1830,546,567,-21,-4
2300,43318,6,2073,2396,2759,2724,3036,2503,2244,1823,567,566,1,0
2301,43319,0,2065,2404,2767,2716,3044,2495,2236,1831,535,550,-15,-3
2302,43319,2,2068,2407,2770,2719,3047,2498,2239,1834,543,562,-19,-3
2303,43319,4,2064,2405,2774,2721,3043,2496,2243,1836,558,578,-20,-4
2304,43319,6,2055,2406,2765,2722,3052,2495,2252,1835,626,594,32,4
2305,43319,7,2051,2402,2769,2726,3056,2499,2248,1831,586,579,7,1
2306,43320,1,2053,2402,2769,2728,3056,2501,2250,1831,566,602,-36,-6
2307,43320,3,2061,2398,2773,2720,3064,2497,2254,1823,570,626,-56,-9
2308,43320,5,2038,2393,2768,2697,3069,2520,2277,1828,550,534,16,2
2309,43320,7,2041,2392,2769,2694,3066,2521,2276,1831,594,586,8,1
2310,43321,1,2030,2383,2760,2683,3057,2510,2265,1822,566,566,0,0
2311,43321,3,2027,2380,2763,2686,3054,2507,2268,1825,611,522,89,13
2312,43321,5,2007,2386,2769,2666,3048,2527,2288,1819,566,527,39,5
2313,43321,7,1993,2382,2773,2680,3062,2531,2284,1805,526,562,-36,-6
2314,43322,1,1987,2388,2779,2674,3068,2525,2278,1811,538,559,-21,-4
2315,43322,3,1984,2377,2790,2677,3065,2514,2289,1814,522,542,-20,-4
2316,43322,5,1978,2379,2792,2671,3063,2520,2295,1812,531,631,-100,-16
2317,43322,6,1962,2395,2776,2687,3079,2504,2311,1796,578,547,31,4
2318,43323,0,1941,2424,2797,2658,3100,2475,2290,1825,515,343,172,26
2319,43323,3,1914,2407,2762,2633,3073,2458,2255,1800,358,299,59,9
2320,43323,5,1893,2404,2759,2612,3076,2479,2276,1803,263,382,-119,-19
2321,43323,6,1912,2385,2778,2593,3057,2498,2257,1822,275,275,0,0
2322,43324,0,1907,2390,2783,2588,3062,2493,2252,1827,522,526,-4,-1
2323,43324,2,1899,2396,2775,2594,3054,2499,2244,1833,287,306,-19,-3
2324,43324,4,1900,2401,2774,2589,3055,2504,2243,1828,303,263,40,6
2325,43324,6,1900,2389,2774,2577,3055,2516,2243,1840,370,338,32,4
2326,43325,0,1900,2397,2774,2569,3055,2508,2243,1848,310,299,11,1
2327,43325,2,1897,2398,2771,2570,3052,2509,2240,1849,339,363,-24,-4
2328,43325,4,1892,2395,2776,2573,3047,2506,2245,1852,367,374,-7,-2
2329,43325,6,1890,2393,2774,2571,3049,2508,2247,1854,375,330,45,6
2330,43326,0,1885,2386,2779,2578,3054,2515,2242,1847,547,550,-3,-1
2331,43326,2,1857,2412,2751,2604,3026,2541,2214,1873,530,518,12,1
2332,43326,3,1856,2411,2752,2605,3025,2540,2215,1874,359,383,-24,-4
2333,43326,5,1852,2415,2756,2601,3021,2544,2219,1870,546,566,-20,-4
2334,43326,7,1847,2418,2753,2606,3026,2541,2222,1865,635,514,121,18
2335,43327,1,1826,2433,2768,2585,3041,2520,2201,1880,566,566,0,0
2336,43327,3,1820,2427,2774,2591,3035,2514,2207,1886,587,543,44,6
2337,43327,5,1814,2433,2780,2585,3029,2520,2213,1880,542,546,-4,-1
2338,43327,7,1818,2435,2778,2581,3025,2518,2215,1884,615,614,1,0
2339,43328,1,1818,2435,2778,2581,3025,2518,2215,1884,606,582,24,3
2340,43328,3,1817,2440,2773,2582,3024,2523,2210,1885,558,558,0,0
2341,43328,5,1812,2435,2768,2577,3029,2528,2215,1890,555,582,-27,-5
2342,43328,6,1807,2440,2763,2582,3034,2523,2220,1885,531,530,1,0
2343,43329,1,1822,2435,2758,2597,3029,2538,2235,1880,570,639,-69,-11
2344,43329,3,1806,2441,2752,2613,3013,2544,2229,1896,579,614,-35,-6
2345,43329,5,1815,2438,2749,2622,3016,2535,2220,1899,530,519,11,1
2346,43329,7,1812,2437,2750,2625,3019,2536,2219,1896,603,567,36,5
2347,43330,1,1816,2431,2744,2629,3013,2540,2223,1890,567,546,21,3
2348,43330,3,1814,2435,2740,2631,3011,2544,2219,1892,575,614,-39,-6
2349,43330,4,1808,2441,2746,2625,3005,2550,2225,1886,587,583,4,0
2350,43330,6,1809,2440,2747,2624,3004,2551,2224,1887,595,615,-20,-4
2351,43331,1,1806,2437,2752,2629,3009,2556,2221,1884,631,638,-7,-2
2352,43331,3,1804,2439,2750,2631,3007,2558,2219,1886,514,631,-117,-18
2353,43331,4,1822,2421,2732,2649,3025,2540,2201,1904,630,630,0,0
2354,43331,6,1819,2424,2729,2652,3028,2537,2204,1901,615,611,4,0
2355,43332,0,1834,2409,2714,2667,3013,2552,2219,1886,606,563,43,6
2356,43332,2,1837,2418,2717,2676,3016,2561,2222,1895,375,562,-187,-29
2357,43332,4,1865,2448,2689,2646,3044,2591,2194,1865,558,531,27,4
2358,43332,6,1859,2446,2683,2644,3050,2593,2200,1867,578,602,-24,-4
2359,43333,1,1860,2435,2680,2653,3047,2602,2201,1856,623,515,108,16
2360,43333,3,1875,2418,2697,2638,3062,2585,2218,1841,618,611,7,1
2361,43333,5,1875,2420,2699,2638,3060,2585,2218,1839,614,563,51,7
2362,43333,7,1873,2432,2687,2640,3062,2573,2230,1837,631,635,-4,-1
2363,43334,1,1900,2461,2716,2667,3091,2600,2257,1866,546,562,-16,-3
2364,43334,3,1908,2463,2714,2659,3099,2602,2255,1858,570,535,35,5
2365,43334,5,1917,2462,2713,2668,3100,2593,2246,1859,582,627,-45,-7
2366,43334,6,1910,2469,2706,2675,3107,2586,2253,1852,606,627,-21,-4
2367,43335,1,1903,2462,2707,2676,3108,2587,2246,1845,578,535,43,6
2368,43335,3,1907,2454,2715,2672,3112,2579,2254,1841,638,526,112,17
2369,43335,5,1891,2472,2733,2656,3094,2595,2270,1823,607,555,52,7
2370,43335,6,1884,2479,2726,2663,3101,2588,2277,1816,550,574,-24,-4
2371,43336,0,1892,2479,2718,2663,3093,2588,2285,1816,379,523,-144,-22
2372,43336,2,1893,2434,2719,2618,3094,2543,2286,1771,378,519,-141,-22
2373,43336,4,1914,2457,2698,2595,3115,2566,2265,1748,514,566,-52,-8
2374,43336,6,1925,2462,2709,2600,3104,2561,2254,1743,558,578,-20,-4
2375,43337,0,1923,2456,2711,2606,3106,2567,2252,1737,535,570,-35,-6
2376,43337,2,1934,2457,2722,2607,3117,2568,2263,1738,514,519,-5,-1
2377,43337,4,1929,2460,2727,2604,3112,2571,2268,1735,567,583,-16,-3
2378,43337,6,1933,2450,2731,2594,3108,2581,2264,1745,590,602,-12,-2
2379,43338,0,1961,2426,2703,2618,3080,2605,2292,1721,359,523,-164,-26
2380,43338,1,1935,2400,2677,2592,3054,2579,2266,1695,555,558,-3,-1
2381,43338,3,1937,2400,2677,2590,3056,2579,2266,1693,550,543,7,1
2382,43338,5,1935,2396,2673,2588,3060,2581,2268,1697,607,619,-12,-2
2383,43339,0,1928,2395,2676,2593,3067,2582,2265,1692,627,583,44,6
2384,43339,1,1922,2389,2670,2587,3061,2576,2259,1686,618,630,-12,-2
2385,43339,3,1913,2384,2675,2596,3052,2571,2264,1695,610,586,24,3
2386,43339,5,1913,2390,2681,2596,3046,2571,2264,1689,615,570,45,6
2387,43339,7,1906,2395,2676,2603,3053,2566,2269,1682,567,543,24,3
2388,43340,1,1900,2383,2664,2597,3041,2560,2263,1670,551,531,20,3
2389,43340,3,1895,2384,2663,2602,3036,2561,2262,1675,595,631,-36,-6
2390,43340,4,1889,2390,2669,2596,3030,2567,2268,1669,586,594,-8,-2
2391,43340,7,1890,2363,2700,2599,3029,2594,2237,1666,527,582,-55,-9
2392,43341,1,1895,2350,2687,2604,3016,2599,2242,1653,514,547,-33,-6
2393,43341,3,1890,2357,2680,2609,3011,2606,2235,1658,535,534,1,0
2394,43341,4,1890,2357,2680,2609,3011,2606,2235,1658,526,543,-17,-3
2395,43341,6,1887,2354,2677,2606,3014,2609,2238,1661,374,330,44,6
2396,43342,0,1879,2350,2685,2610,3022,2613,2230,1657,322,286,36,5
2397,43342,2,1893,2346,2699,2606,3036,2609,2244,1653,347,310,37,5
2398,43342,4,1908,2321,2684,2631,3051,2584,2229,1678,382,518,-136,-21
2399,43342,6,1957,2314,2733,2624,3002,2591,2180,1685,354,351,3,0
2400,43343,0,1947,2324,2743,2614,3012,2581,2170,1695,274,259,15,2
2401,43343,2,1944,2323,2740,2613,3009,2580,2167,1694,326,350,-24,-4
2402,43343,4,1940,2319,2744,2617,3005,2576,2171,1698,358,367,-9,-2
2403,43343,6,1938,2317,2742,2615,3007,2578,2173,1700,346,366,-20,-4
2404,43344,0,1942,2321,2738,2611,3003,2574,2177,1704,563,591,-28,-5
2405,43344,1,1937,2316,2733,2606,2998,2569,2172,1699,578,546,32,4
2406,43344,3,1907,2294,2755,2636,2968,2547,2194,1729,590,550,40,6
2407,43344,6,1920,2301,2756,2655,2967,2528,2181,1722,554,527,27,4
2408,43345,0,1923,2306,2753,2650,2964,2523,2184,1727,518,522,-4,-1
2409,43345,2,1922,2309,2752,2653,2963,2526,2183,1730,551,543,8,1
2410,43345,4,1922,2311,2752,2651,2963,2528,2183,1728,631,543,88,13
2411,43345,6,1929,2330,2759,2670,2956,2509,2176,1709,526,527,-1,-1
2412,43345,7,1930,2331,2758,2669,2955,2508,2177,1710,514,619,-105,-17
2413,43346,1,1915,2350,2777,2654,2974,2493,2162,1729,586,639,-53,-9
2414,43346,3,1924,2341,2786,2645,2983,2484,2171,1720,630,519,111,16
2415,43346,6,1938,2331,2768,2667,3001,2462,2157,1730,619,619,0,0
2416,43346,7,1938,2331,2768,2667,3001,2462,2157,1730,599,570,29,4
2417,43347,1,1912,2313,2750,2641,2983,2436,2131,1712,566,522,44,6
2418,43347,3,1919,2308,2755,2634,2990,2431,2136,1705,522,519,3,0
2419,43347,5,1926,2315,2762,2641,2983,2424,2129,1698,559,555,4,0
2420,43347,7,1918,2307,2770,2649,2991,2432,2121,1690,519,567,-48,-8
2421,43348,1,1918,2323,2786,2649,3007,2432,2121,1706,614,579,35,5
2422,43348,3,1915,2330,2779,2652,3004,2439,2114,1709,583,594,-11,-2
2423,43348,5,1912,2331,2780,2649,3003,2442,2117,1708,611,631,-20,-4
2424,43348,7,1913,2340,2771,2648,3002,2433,2126,1709,518,542,-24,-4
2425,43349,1,1914,2333,2764,2649,2995,2434,2127,1702,522,534,-12,-2
2426,43349,3,1907,2330,2767,2656,2988,2431,2130,1709,570,554,16,2
2427,43349,4,1905,2332,2769,2654,2986,2433,2132,1707,378,358,20,3
2428,43349,6,1905,2338,2769,2660,2986,2427,2132,1701,567,590,-23,-4
2429,43350,0,1909,2342,2765,2656,2982,2423,2136,1705,590,607,-17,-3
2430,43350,2,1906,2339,2762,2653,2979,2420,2133,1702,595,567,28,4
2431,43350,4,1902,2335,2766,2657,2975,2416,2137,1706,363,326,37,5
2432,43350,6,1897,2330,2761,2652,2980,2421,2142,1711,515,367,148,22
2433,43351,0,1922,2349,2736,2633,2955,2402,2167,1730,555,587,-32,-5
2434,43351,2,1917,2364,2731,2648,2950,2417,2162,1745,563,562,1,0
2435,43351,4,1914,2367,2734,2645,2947,2420,2165,1742,563,590,-27,-5
2436,43351,6,1913,2358,2733,2636,2948,2429,2166,1751,558,527,31,4
2437,43351,7,1909,2354,2737,2640,2952,2433,2162,1747,542,555,-13,-2
2438,43352,1,1912,2361,2744,2643,2959,2436,2165,1754,327,318,9,1
2439,43352,4,1900,2361,2754,2645,2947,2436,2175,1756,374,330,44,6
2440,43352,6,1894,2355,2748,2639,2953,2442,2181,1762,531,566,-35,-6
2441,43352,7,1888,2349,2754,2645,2959,2448,2175,1756,523,526,-3,-1
2442,43353,1,1863,2322,2727,2620,2932,2423,2150,1729,362,342,20,3
2443,43353,3,1860,2313,2736,2623,2929,2414,2159,1732,370,346,24,3
2444,43353,5,1852,2311,2734,2615,2931,2422,2167,1734,302,366,-64,-10
2445,43353,7,1863,2302,2743,2604,2920,2431,2158,1745,375,383,-8,-2
2446,43354,1,1856,2299,2740,2597,2917,2424,2151,1742,278,370,-92,-15
2447,43354,3,1874,2287,2752,2579,2935,2412,2163,1724,287,319,-32,-5
2448,43354,5,1872,2295,2760,2577,2927,2414,2165,1716,367,535,-168,-26
2449,43354,7,1846,2321,2734,2603,2953,2388,2191,1690,539,522,17,2
2450,43355,1,1850,2329,2742,2607,2961,2392,2195,1698,591,631,-40,-7
2451,43355,2,1843,2336,2735,2614,2954,2399,2188,1705,615,603,12,1
2452,43355,4,1834,2347,2744,2603,2945,2410,2197,1694,603,530,73,11
2453,43355,6,1840,2363,2750,2619,2939,2394,2191,1678,607,614,-7,-2
2454,43356,0,1837,2370,2753,2612,2942,2387,2188,1685,530,543,-13,-2
2455,43356,2,1848,2355,2764,2597,2953,2372,2199,1670,638,630,8,1
2456,43356,4,1844,2357,2768,2595,2949,2374,2203,1668,575,547,28,4
2457,43356,6,1852,2341,2776,2579,2941,2390,2195,1684,519,551,-32,-5
2458,43357,0,1858,2325,2770,2595,2935,2406,2201,1668,627,634,-7,-2
2459,43357,2,1856,2331,2768,2601,2933,2412,2199,1674,554,614,-60,-10
2460,43357,4,1863,2304,2761,2628,2940,2385,2192,1701,523,515,8,1
2461,43357,5,1864,2305,2762,2629,2939,2384,2191,1700,527,603,-76,-12
2462,43357,7,1870,2287,2780,2623,2933,2402,2173,1706,534,546,-12,-2
2463,43358,2,1862,2297,2776,2629,2929,2408,2165,1716,515,550,-35,-6
2464,43358,4,1869,2302,2769,2624,2936,2413,2158,1711,610,603,7,1
2465,43358,5,1868,2301,2768,2623,2937,2414,2159,1712,590,551,39,5
2466,43358,7,1866,2289,2780,2625,2939,2426,2147,1710,539,374,165,25
2467,43359,1,1841,2314,2805,2600,2964,2401,2122,1735,299,310,-11,-2
2468,43359,3,1826,2303,2816,2615,2949,2390,2133,1750,362,342,20,3
2469,43359,5,1839,2322,2835,2628,2930,2377,2120,1731,263,330,-67,-11
2470,43359,7,1838,2299,2858,2629,2931,2400,2097,1730,367,358,9,1
2471,43360,3,1851,2284,2893,2640,2942,2387,2134,1739,302,327,-25,-4
2472,43360,5,1842,2283,2892,2631,2943,2396,2143,1740,330,343,-13,-2
2473,43360,7,1836,2281,2894,2637,2949,2398,2141,1734,335,275,60,9
2474,43361,1,1826,2289,2902,2627,2957,2388,2131,1742,286,382,-96,-15
2475,43361,3,1813,2306,2885,2640,2944,2405,2114,1755,287,346,-59,-10
2476,43361,4,1823,2296,2875,2650,2954,2395,2104,1765,358,363,-5,-1
2477,43361,6,1823,2294,2875,2648,2954,2397,2104,1767,362,351,11,1
2478,43362,0,1837,2278,2861,2664,2940,2413,2118,1751,275,294,-19,-3
2479,43362,3,1839,2264,2869,2656,2942,2399,2126,1743,318,342,-24,-4
2480,43362,4,1835,2268,2873,2652,2938,2403,2130,1739,363,374,-11,-2
2481,43362,6,1810,2297,2848,2681,2963,2374,2155,1710,383,578,-195,-30
2482,43363,0,1781,2266,2877,2712,2992,2405,2126,1679,602,546,56,8
2483,43363,2,1786,2245,2882,2691,2997,2384,2131,1658,543,619,-76,-12
2484,43363,4,1776,2231,2892,2705,2987,2370,2141,1672,614,635,-21,-4
2485,43363,6,1760,2239,2876,2713,3003,2362,2157,1664,555,555,0,0
2486,43363,7,1760,2239,2876,2713,3003,2362,2157,1664,591,587,4,0
2487,43364,2,1775,2224,2891,2698,3018,2347,2172,1649,546,590,-44,-7
2488,43364,4,1783,2230,2883,2692,3026,2353,2164,1643,571,567,4,0
2489,43364,6,1777,2236,2877,2698,3032,2347,2170,1637,782,595,187,28
2490,43364,7,1805,2264,2849,2670,3004,2319,2198,1665,618,607,11,1
2491,43365,1,1798,2259,2844,2663,2999,2312,2191,1660,775,623,152,23
2492,43365,3,1827,2242,2861,2634,3028,2295,2208,1631,519,586,-67,-11
2493,43365,5,1840,2233,2852,2647,3037,2282,2195,1640,598,623,-25,-4
2494,43365,7,1843,2228,2857,2644,3034,2287,2190,1643,602,578,24,3
2495,43366,1,1879,2258,2887,2680,3064,2323,2226,1673,307,311,-4,-1
2496,43366,3,1878,2255,2890,2681,3063,2320,2229,1674,282,262,20,3
2497,43366,5,1881,2252,2887,2684,3066,2317,2226,1677,358,266,92,14
2498,43366,7,1888,2231,2908,2677,3059,2338,2205,1684,311,311,0,0
2499,43367,1,1892,2235,2912,2681,3063,2342,2209,1688,315,374,-59,-10
2500,43367,3,1882,2245,2902,2691,3053,2352,2199,1698,314,275,39,5
2501,43367,4,1877,2250,2907,2686,3048,2357,2204,1693,302,342,-40,-7
2502,43367,6,1864,2249,2894,2685,3061,2358,2217,1694,283,267,16,2
2503,43368,1,1882,2275,2924,2707,3091,2380,2235,1720,530,367,163,24
2504,43368,2,1858,2299,2900,2731,3067,2404,2211,1744,367,354,13,1
2505,43368,4,1857,2298,2901,2732,3066,2403,2212,1745,383,554,-171,-27
2506,43368,6,1853,2356,2897,2790,3070,2345,2216,1687,595,534,61,9
2507,43369,0,1877,2350,2873,2796,3046,2351,2240,1681,602,599,3,0
2508,43369,2,1887,2340,2883,2786,3056,2341,2250,1671,598,779,-181,-28
2509,43369,4,1857,2314,2913,2812,3026,2315,2280,1697,586,550,36,5
2510,43369,6,1876,2305,2932,2803,3007,2324,2261,1706,542,558,-16,-3
2511,43370,0,1875,2312,2933,2796,3008,2317,2260,1713,566,546,20,3
2512,43370,2,1872,2321,2930,2805,3005,2326,2257,1722,587,595,-8,-2
2513,43370,4,1877,2320,2925,2806,3010,2325,2252,1723,586,599,-13,-2
2514,43370,6,1877,2324,2925,2810,3010,2321,2252,1719,586,543,43,6
2515,43370,7,1883,2330,2919,2804,3004,2315,2258,1725,562,570,-8,-2
2516,43371,1,1878,2321,2910,2799,2995,2310,2253,1716,515,615,-100,-16
2517,43371,3,1862,2337,2894,2815,2979,2326,2237,1732,630,630,0,0
2518,43371,5,1847,2322,2879,2800,2994,2341,2252,1747,626,614,12,1
2519,43371,7,1845,2322,2879,2802,2996,2341,2252,1745,638,630,8,1
2520,43372,1,1845,2320,2877,2802,2994,2341,2252,1743,571,559,12,1
2521,43372,3,1849,2326,2871,2798,2998,2347,2246,1739,550,627,-77,-12
2522,43372,5,1821,2322,2867,2770,3002,2375,2274,1743,527,514,13,1
2523,43372,7,1830,2329,2860,2761,2993,2368,2281,1752,583,562,21,3
2524,43373,1,1829,2334,2865,2760,2998,2367,2280,1757,366,331,35,5
2525,43373,3,1838,2333,2866,2751,3007,2366,2281,1748,303,283,20,3
2526,43373,4,1835,2336,2869,2748,3004,2369,2284,1745,311,290,21,3
2527,43373,7,1855,2354,2857,2734,2984,2351,2296,1759,274,383,-109,-17
2528,43374,1,1830,2363,2866,2709,2993,2326,2271,1768,330,315,15,2
2529,43374,3,1834,2371,2858,2705,2997,2334,2263,1764,522,315,207,31
2530,43374,4,1865,2340,2827,2736,3028,2303,2232,1795,347,283,64,9
2531,43374,6,1857,2330,2819,2726,3036,2313,2240,1805,291,270,21,3
2532,43375,0,1875,2318,2801,2738,3018,2325,2258,1793,371,378,-7,-2
2533,43375,2,1876,2321,2802,2741,3019,2328,2259,1796,366,299,67,10
2534,43375,4,1895,2322,2783,2740,3038,2329,2240,1795,338,370,-32,-5
2535,43375,6,1890,2317,2778,2735,3043,2334,2245,1800,366,306,60,9
2536,43376,1,1871,2298,2777,2734,3042,2333,2226,1781,319,310,9,1
2537,43376,2,1870,2299,2776,2735,3041,2334,2225,1782,346,335,11,1
2538,43376,4,1838,2329,2808,2705,3009,2364,2257,1752,515,374,141,21
2539,43376,6,1816,2309,2786,2685,3031,2384,2279,1772,323,318,5,0
2540,43377,0,1814,2311,2788,2683,3033,2382,2277,1774,354,330,24,3
2541,43377,2,1807,2312,2781,2684,3026,2383,2270,1775,278,323,-45,-7
2542,43377,4,1801,2304,2787,2692,3020,2375,2276,1783,378,367,11,1
2543,43377,6,1797,2310,2783,2698,3024,2369,2280,1777,343,375,-32,-5
2544,43378,0,1800,2317,2780,2691,3021,2362,2283,1784,358,355,3,0
2545,43378,2,1793,2324,2773,2698,3014,2369,2276,1791,298,259,39,5
2546,43378,4,1792,2315,2774,2707,3013,2360,2277,1800,378,350,28,4
2547,43378,5,1788,2311,2770,2703,3017,2364,2281,1804,363,258,105,16
2548,43378,7,1795,2286,2795,2696,3010,2389,2256,1811,334,355,-21,-4
2549,43379,1,1801,2284,2793,2702,3008,2395,2262,1809,527,563,-36,-6
2550,43379,3,1799,2294,2783,2704,3006,2405,2252,1811,563,598,-35,-6
2551,43379,5,1807,2290,2779,2712,3010,2397,2244,1815,523,531,-8,-2
2552,43379,7,1784,2263,2806,2735,3033,2424,2217,1792,531,562,-31,-5
2553,43380,1,1779,2268,2811,2730,3038,2419,2212,1797,631,590,41,6
2554,43380,3,1767,2268,2811,2742,3026,2419,2212,1809,563,578,-15,-3
2555,43380,5,1775,2282,2825,2750,3012,2411,2204,1795,586,538,48,7
2556,43380,7,1776,2269,2838,2749,3011,2424,2191,1796,591,623,-32,-5
2557,43381,0,1781,2264,2833,2754,3006,2429,2196,1791,519,634,-115,-18
2558,43381,2,1800,2281,2852,2771,3025,2446,2215,1808,639,627,12,1
2559,43381,5,1804,2279,2848,2773,3029,2444,2211,1810,559,530,29,4
2560,43381,6,1800,2283,2844,2777,3033,2440,2215,1806,630,527,103,15
2561,43382,0,1799,2254,2845,2806,3034,2469,2214,1777,639,634,5,0
2562,43382,2,1788,2265,2834,2817,3023,2480,2203,1788,583,526,57,8
2563,43382,4,1772,2265,2850,2817,3007,2480,2219,1788,574,567,7,1
2564,43382,6,1775,2260,2853,2812,3004,2485,2216,1793,534,639,-105,-17
2565,43383,0,1752,2249,2876,2823,3027,2496,2193,1782,630,522,108,16
2566,43383,2,1739,2230,2863,2804,3014,2477,2180,1763,530,534,-4,-1
2567,43383,5,1728,2227,2862,2795,3015,2486,2191,1766,626,515,111,16
2568,43383,7,1711,2242,2847,2812,3032,2471,2206,1749,582,590,-8,-2
2569,43384,1,1707,2242,2847,2808,3032,2467,2202,1749,582,542,40,6
2570,43384,2,1701,2248,2841,2814,3026,2473,2196,1755,575,371,204,31
2571,43384,4,1694,2193,2848,2869,3019,2418,2203,1810,335,342,-7,-2
2572,43384,6,1696,2195,2850,2871,3017,2416,2201,1808,359,310,49,7
2573,43385,0,1702,2203,2844,2863,3011,2408,2207,1816,279,262,17,2
2574,43385,2,1699,2202,2841,2862,3008,2407,2204,1815,263,374,-111,-17
2575,43385,6,1698,2197,2874,2891,2975,2378,2205,1820,378,262,116,17
2576,43385,7,1681,2180,2891,2908,2992,2395,2188,1803,371,263,108,16
2577,43386,1,1693,2160,2871,2920,2972,2407,2200,1783,367,378,-11,-2
2578,43386,3,1698,2161,2870,2915,2977,2408,2199,1778,579,618,-39,-6
2579,43386,5,1683,2158,2867,2900,2980,2423,2214,1781,366,551,-185,-29
2580,43386,7,1674,2207,2818,2909,2989,2374,2263,1772,374,543,-169,-26
2581,43387,1,1675,2156,2767,2910,2938,2375,2264,1721,351,383,-32,-5
2582,43387,3,1675,2166,2757,2910,2938,2385,2254,1721,534,586,-52,-8
2583,43387,5,1657,2132,2723,2892,2972,2403,2272,1755,531,543,-12,-2
2584,43387,7,1688,2159,2696,2861,2941,2376,2299,1786,550,575,-25,-4
2585,43388,1,1691,2170,2707,2864,2952,2379,2302,1797,539,538,1,0
2586,43388,2,1691,2170,2707,2864,2952,2379,2302,1797,534,350,184,28
2587,43388,4,1670,2135,2728,2899,2931,2344,2323,1832,306,342,-36,-6
2588,43388,6,1649,2168,2707,2932,2952,2311,2344,1799,591,586,5,0
2589,43389,0,1623,2194,2733,2906,2978,2285,2318,1825,354,523,-169,-26
2590,43389,2,1650,2219,2760,2931,3005,2310,2345,1850,370,514,-144,-22
2591,43389,4,1631,2194,2779,2956,2986,2285,2364,1875,535,555,-20,-4
2592,43389,6,1619,2198,2767,2960,2998,2281,2376,1871,582,518,64,9
2593,43390,0,1611,2188,2775,2970,3006,2291,2368,1861,618,610,8,1
2594,43390,2,1613,2188,2777,2970,3008,2291,2370,1861,566,534,32,4
2595,43390,4,1625,2168,2765,2990,3020,2271,2358,1881,538,535,3,0
2596,43390,6,1625,2168,2765,2990,3020,2271,2358,1881,527,623,-96,-15
2597,43390,7,1610,2153,2780,3005,3035,2286,2343,1866,563,574,-11,-2
2598,43391,1,1612,2151,2778,3007,3033,2288,2345,1864,615,530,85,12
2599,43391,4,1637,2148,2777,2986,3058,2285,2344,1843,535,527,8,1
2600,43391,6,1637,2150,2777,2988,3058,2283,2344,1841,562,582,-20,-4
2601,43392,0,1634,2161,2780,2977,3061,2272,2341,1852,598,610,-12,-2
2602,43392,2,1630,2161,2776,2977,3057,2272,2337,1852,623,795,-172,-27
2603,43392,4,1658,2187,2748,2951,3085,2298,2309,1826,639,823,-184,-29
2604,43392,6,1708,2195,2798,2959,3035,2290,2259,1818,610,599,11,1
2605,43392,7,1709,2196,2797,2958,3034,2289,2260,1819,615,567,48,7
2606,43393,1,1702,2203,2804,2951,3041,2282,2253,1826,634,630,4,0
2607,43393,4,1697,2196,2809,2958,3036,2275,2258,1833,626,778,-152,-24
2608,43393,6,1696,2149,2808,2911,3037,2322,2259,1880,779,779,0,0
2609,43393,7,1696,2149,2808,2911,3037,2322,2259,1880,779,771,8,1
2610,43394,1,1692,2143,2802,2907,3031,2318,2255,1874,846,786,60,9
2611,43394,3,1708,2177,2768,2891,3047,2352,2221,1858,811,815,-4,-1
2612,43394,5,1710,2181,2772,2893,3043,2350,2219,1854,807,611,196,29
2613,43394,7,1729,2142,2811,2874,3024,2389,2180,1873,554,582,-28,-5
2614,43395,1,1748,2151,2820,2893,3033,2408,2199,1882,559,563,-4,-1
2615,43395,3,1747,2152,2819,2894,3032,2409,2198,1883,523,363,160,24
2616,43395,5,1721,2174,2841,2868,3010,2435,2224,1861,526,522,4,0
2617,43395,7,1726,2179,2836,2863,3005,2430,2229,1866,542,558,-16,-3
2618,43396,1,1727,2186,2843,2864,3012,2431,2230,1873,382,547,-165,-26
2619,43396,2,1753,2160,2869,2838,3038,2405,2256,1847,551,618,-67,-11
2620,43396,4,1776,2159,2846,2839,3061,2404,2233,1848,599,570,29,4
2621,43396,6,1757,2170,2827,2850,3080,2393,2252,1837,638,543,95,14
2622,43397,0,1769,2186,2815,2834,3068,2377,2264,1853,626,615,11,1
2623,43397,2,1762,2191,2808,2839,3061,2382,2257,1858,622,595,27,4
2624,43397,4,1774,2187,2796,2843,3073,2378,2245,1862,570,543,27,4
2625,43397,6,1788,2181,2810,2837,3059,2384,2231,1868,771,631,140,21
2626,43398,0,1770,2157,2828,2861,3077,2408,2213,1844,622,855,-233,-36
2627,43398,2,1728,2127,2786,2831,3035,2378,2171,1814,846,799,47,7
2628,43398,4,1753,2088,2761,2870,3060,2339,2146,1853,583,554,29,4
2629,43398,6,1736,2097,2744,2879,3077,2330,2163,1844,531,531,0,0
2630,43398,7,1736,2097,2744,2879,3077,2330,2163,1844,530,550,-20,-4
2631,43399,2,1747,2116,2747,2906,3080,2357,2174,1863,570,535,35,5
2632,43399,4,1729,2144,2765,2878,3062,2385,2192,1835,550,554,-4,-1
2633,43399,6,1724,2147,2760,2881,3067,2382,2197,1832,546,554,-8,-2
2634,43399,7,1726,2149,2758,2879,3065,2380,2199,1834,554,538,16,2
2635,43400,1,1729,2148,2757,2882,3064,2383,2202,1833,366,306,60,9
2636,43400,3,1715,2152,2753,2896,3050,2387,2198,1847,270,271,-1,-1
2637,43400,5,1717,2156,2757,2898,3046,2385,2196,1843,347,259,88,13
2638,43400,7,1723,2136,2777,2892,3040,2405,2176,1849,298,282,16,2
2639,43401,1,1720,2137,2778,2889,3041,2402,2173,1850,338,351,-13,-2
2640,43401,3,1724,2145,2770,2885,3045,2410,2165,1846,322,542,-220,-34
2641,43401,7,1750,2113,2722,2915,3087,2374,2145,1884,554,558,-4,-1
2642,43402,1,1754,2119,2728,2919,3093,2378,2149,1890,575,551,24,3
2643,43402,2,1751,2122,2725,2922,3090,2381,2146,1893,570,550,20,3
2644,43402,4,1746,2121,2730,2923,3085,2380,2151,1894,591,607,-16,-3
2645,43402,6,1749,2124,2733,2926,3082,2377,2148,1891,514,639,-125,-20
2646,43403,0,1731,2102,2751,2948,3100,2399,2130,1869,534,534,0,0
2647,43403,3,1721,2122,2731,2958,3090,2419,2110,1879,543,523,20,3
2648,43403,4,1718,2125,2734,2955,3087,2422,2113,1876,626,522,104,15
2649,43403,6,1733,2140,2749,2970,3072,2407,2098,1861,606,578,28,4
2650,43404,0,1726,2139,2756,2971,3079,2408,2091,1860,614,607,7,1
2651,43404,2,1722,2145,2752,2977,3075,2414,2087,1866,578,519,59,9
2652,43404,4,1716,2133,2758,2989,3069,2402,2093,1878,351,359,-8,-2
2653,43404,5,1718,2135,2760,2991,3067,2400,2091,1876,362,534,-172,-27
2654,43404,7,1717,2188,2707,2992,3068,2347,2144,1875,375,382,-7,-2
2655,43405,2,1722,2191,2708,2999,3069,2354,2149,1878,607,611,-4,-1
2656,43405,4,1736,2175,2694,3015,3083,2338,2135,1894,591,595,-4,-1
2657,43405,5,1735,2174,2693,3014,3084,2339,2136,1895,543,626,-83,-13
2658,43405,7,1754,2167,2700,2995,3065,2346,2129,1914,570,575,-5,-1
2659,43406,1,1753,2168,2701,2994,3066,2345,2128,1915,583,606,-23,-4
2660,43406,3,1754,2161,2708,2993,3067,2338,2135,1914,574,562,12,1
2661,43406,5,1750,2155,2702,2989,3073,2342,2139,1920,615,611,4,0
2662,43406,7,1744,2149,2708,2995,3079,2348,2133,1914,578,634,-56,-9
2663,43407,1,1746,2133,2692,2997,3063,2350,2135,1898,570,370,200,30
2664,43407,3,1772,2099,2726,2971,3089,2316,2169,1872,551,594,-43,-7
2665,43407,5,1776,2089,2716,2975,3099,2312,2165,1882,523,622,-99,-16
2666,43407,7,1800,2081,2724,2951,3075,2320,2157,1906,547,531,16,2
2667,43408,1,1788,2065,2708,2939,3059,2308,2145,1890,578,559,19,2
2668,43408,3,1791,2072,2701,2936,3062,2315,2138,1887,622,778,-156,-24
2669,43408,5,1772,2101,2730,2917,3033,2334,2157,1858,855,818,37,5
2670,43408,6,1777,2096,2735,2912,3028,2339,2152,1863,638,639,-1,-1
2671,43409,1,1787,2096,2737,2924,3030,2351,2162,1863,631,779,-148,-23
2672,43409,3,1792,2147,2686,2919,3035,2402,2111,1858,599,618,-19,-3
2673,43409,4,1795,2144,2683,2922,3038,2399,2108,1861,622,795,-173,-27
2674,43409,6,1776,2109,2664,2887,3057,2434,2127,1896,843,823,20,3
2675,43410,0,1774,2105,2666,2891,3059,2438,2125,1892,802,894,-92,-15
2676,43410,2,1761,2088,2653,2874,3046,2421,2112,1875,858,843,15,2
2677,43410,4,1784,2061,2630,2901,3069,2394,2089,1902,583,582,1,0
2678,43410,6,1797,2048,2643,2888,3056,2407,2076,1915,558,571,-13,-2
2679,43411,1,1789,2040,2639,2884,3052,2403,2068,1907,623,622,1,0
2680,43411,3,1815,2066,2613,2858,3078,2429,2042,1881,314,295,19,2
2681,43411,5,1784,2039,2586,2827,3105,2460,2073,1908,543,583,-40,-7
2682,43411,7,1793,2034,2591,2818,3096,2465,2068,1917,607,515,92,14
2683,43412,1,1798,2011,2568,2823,3073,2470,2073,1894,539,515,24,3
2684,43412,3,1804,2023,2556,2817,3079,2482,2061,1888,603,634,-31,-5
2685,43412,4,1799,2028,2561,2812,3074,2487,2066,1883,614,626,-12,-2
2686,43412,6,1805,2026,2567,2810,3068,2489,2060,1885,531,583,-52,-8
2687,43413,1,1796,2019,2576,2817,3077,2496,2051,1878,374,343,31,4
2688,43413,2,1800,2015,2580,2813,3081,2492,2055,1874,359,338,21,3
2689,43413,4,1829,1992,2551,2836,3110,2469,2026,1897,567,570,-3,-1
2690,43413,6,1830,1989,2552,2833,3109,2472,2025,1900,579,607,-28,-5
2691,43414,0,1846,1983,2536,2839,3093,2478,2041,1894,623,526,97,14
2692,43414,2,1860,1997,2550,2853,3107,2492,2055,1908,542,570,-28,-5
2693,43414,4,1862,2005,2548,2845,3109,2500,2053,1900,603,635,-32,-5
2694,43414,5,1867,2010,2553,2850,3104,2495,2048,1895,619,606,13,1
2695,43415,0,1867,2008,2555,2850,3104,2497,2046,1895,855,878,-23,-4
2696,43415,2,1870,2013,2558,2855,3107,2502,2049,1900,887,870,17,2
2697,43415,4,1873,2014,2555,2854,3110,2503,2046,1899,867,823,44,6
2698,43415,5,1879,2020,2561,2860,3104,2497,2040,1893,639,771,-132,-21
2699,43415,7,1923,2022,2559,2816,3060,2495,2042,1937,771,790,-19,-3
2700,43416,1,1924,2029,2566,2817,3067,2496,2043,1944,634,794,-160,-25
2701,43416,3,1973,2028,2567,2768,3116,2495,2044,1895,775,611,164,25
2702,43416,5,1993,1998,2537,2788,3146,2475,2024,1925,562,547,15,2
2703,43416,7,1993,1994,2541,2788,3146,2479,2020,1925,595,619,-24,-4
2704,43417,1,1976,1969,2516,2771,3121,2462,2003,1900,795,819,-24,-4
2705,43417,3,1998,1999,2486,2749,3143,2492,1973,1878,611,590,21,3
2706,43417,5,1970,1977,2464,2721,3165,2520,2001,1900,630,771,-141,-22
2707,43417,6,1992,1955,2486,2699,3143,2542,1979,1922,810,623,187,28
2708,43418,0,1934,1957,2544,2697,3201,2540,1921,1924,823,790,33,5
2709,43418,2,1943,1958,2553,2698,3210,2541,1930,1925,811,807,4,0
2710,43418,4,1966,1935,2530,2721,3233,2518,1907,1948,602,786,-184,-29
2711,43418,6,1971,1988,2535,2774,3228,2465,1902,1895,603,594,9,1
2712,43419,0,1971,1990,2535,2772,3228,2463,1902,1897,610,587,23,3
2713,43419,2,1968,1987,2532,2769,3225,2460,1899,1894,622,790,-168,-26
2714,43419,4,1971,1932,2529,2824,3228,2405,1896,1949,795,610,185,28
2715,43419,6,1996,1963,2554,2855,3203,2374,1871,1918,555,579,-24,-4
2716,43419,7,2000,1967,2550,2851,3199,2370,1875,1922,594,602,-8,-2
2717,43420,1,2001,1972,2555,2852,3204,2371,1876,1927,563,539,24,3
2718,43420,3,1997,1974,2553,2856,3200,2373,1874,1931,606,590,16,2
2719,43420,6,2005,1982,2557,2868,3196,2361,1866,1923,519,550,-31,-5
2720,43420,7,2000,1977,2562,2873,3201,2366,1861,1918,535,538,-3,-1
2721,43421,1,2008,1983,2568,2881,3207,2374,1869,1924,623,634,-11,-2
2722,43421,3,2007,1986,2565,2882,3206,2377,1866,1925,615,591,24,3
2723,43421,5,2002,1987,2566,2877,3205,2382,1871,1924,627,775,-148,-23
2724,43421,7,1995,1934,2619,2884,3212,2435,1818,1917,611,611,0,0
2725,43422,1,1992,1931,2616,2881,3209,2432,1815,1914,547,543,4,0
2726,43422,2,1992,1931,2616,2881,3209,2432,1815,1914,578,591,-13,-2
2727,43422,7,1975,1914,2623,2920,3246,2437,1788,1887,770,619,151,23
2728,43423,1,1923,1908,2617,2868,3240,2385,1736,1881,574,595,-21,-4
2729,43423,3,1912,1905,2620,2879,3229,2382,1739,1892,638,775,-137,-21
2730,43423,5,1929,1880,2595,2896,3254,2365,1722,1917,598,631,-33,-6
2731,43423,7,1933,1872,2603,2892,3250,2373,1714,1921,826,770,56,8
2732,43424,1,1941,1864,2595,2900,3242,2381,1722,1913,879,874,5,0
2733,43424,3,1946,1869,2590,2895,3247,2386,1717,1908,794,794,0,0
2734,43424,5,1942,1865,2586,2891,3251,2390,1721,1912,783,894,-111,-17
2735,43424,7,1911,1868,2583,2922,5,2387,1724,1881,847,890,-43,-7
2736,43425,1,1901,1844,2559,2912,3258,2377,1714,1857,783,895,-112,-18
2737,43425,3,1883,1862,2541,2930,3240,2395,1696,1875,798,798,0,0
2738,43425,4,1883,1862,2541,2930,3240,2395,1696,1875,886,1062,-176,-27
2739,43425,6,1855,1836,2513,2904,3268,2421,1724,1901,1139,1102,37,5
2740,43426,0,1848,1833,2520,2907,3275,2424,1717,1898,1039,1066,-27,-5
2741,43426,2,1844,1827,2516,2901,3271,2418,1713,1892,1026,1122,-96,-15
2742,43426,4,1862,1839,2498,2889,12,2430,1695,1880,1038,886,152,23
2743,43426,6,1836,1819,2472,2869,38,2450,1721,1900,1046,1050,-4,-1
2744,43427,0,1835,1818,2473,2870,39,2451,1720,1899,1066,1058,8,1
2745,43427,2,1832,1819,2470,2871,36,2452,1717,1900,1134,1118,16,2
2746,43427,4,1830,1825,2472,2865,34,2458,1719,1894,1042,1039,3,0
2747,43427,6,1834,1821,2476,2861,30,2462,1715,1898,1046,1046,0,0
2748,43427,7,1834,1821,2476,2861,30,2462,1715,1898,1034,890,144,21
2749,43428,1,1853,1798,2453,2880,7,2481,1734,1875,1043,1054,-11,-2
2750,43428,3,1856,1797,2454,2877,10,2480,1735,1872,1103,1115,-12,-2
2751,43428,5,1850,1795,2452,2871,12,2486,1741,1874,1102,1099,3,0
2752,43428,7,1855,1800,2447,2866,7,2481,1746,1879,1043,883,160,24
2753,43429,1,1822,1815,2462,2833,22,2448,1713,1894,862,827,35,5
2754,43429,3,1831,1814,2463,2824,31,2447,1714,1885,858,810,48,7
2755,43429,5,1833,1830,2479,2826,15,2445,1712,1869,871,891,-20,-4
2756,43429,7,1839,1828,2481,2820,9,2447,1710,1875,1151,1030,121,18
2757,43430,0,1857,1810,2463,2838,3268,2465,1728,1857,1082,1047,35,5
2758,43430,2,1853,1824,2459,2852,3264,2479,1724,1871,790,779,11,1
2759,43430,5,1862,1827,2464,2863,3259,2468,1715,1868,839,803,36,5
2760,43430,7,1879,1834,2457,2846,3242,2461,1722,1885,890,890,0,0
2761,43431,0,1879,1834,2457,2846,3242,2461,1722,1885,843,791,52,7
2762,43431,2,1870,1829,2448,2841,3233,2456,1713,1880,843,775,68,10
2763,43431,4,1879,1840,2439,2830,3242,2467,1704,1869,818,826,-8,-2
2764,43431,6,1876,1839,2436,2829,3245,2468,1707,1870,815,835,-20,-4
2765,43432,0,1865,1858,2447,2810,3256,2449,1696,1889,867,882,-15,-3
2766,43432,1,1862,1855,2444,2807,3253,2446,1693,1886,871,827,44,6
2767,43432,4,1851,1866,2443,2808,3242,2457,1692,1887,867,1034,-167,-26
2768,43432,6,1851,1918,2443,2860,3242,2405,1692,1835,1075,1095,-20,-4
2769,43433,0,1820,1941,2474,2837,3273,2382,1661,1858,839,826,13,1
2770,43433,1,1819,1940,2473,2836,3272,2381,1660,1857,783,815,-32,-5
2771,43433,3,1814,1945,2468,2841,3267,2386,1655,1862,818,795,23,3
2772,43433,5,1801,1938,2461,2828,3274,2399,1668,1869,838,806,32,4
2773,43433,7,1799,1944,2455,2830,3276,2393,1674,1867,827,806,21,3
2774,43434,1,1807,1946,2457,2838,1,2401,1682,1869,823,834,-11,-2
2775,43434,3,1807,1942,2461,2838,1,2397,1686,1869,770,802,-32,-5
2776,43434,5,1802,1947,2466,2833,3273,2402,1691,1864,838,847,-9,-2
2777,43434,7,1803,1952,2461,2832,3272,2397,1696,1865,802,798,4,0
2778,43435,1,1809,1958,2467,2838,1,2403,1702,1871,855,887,-32,-5
2779,43435,3,1804,1963,2462,2843,3273,2408,1697,1876,890,850,40,6
2780,43435,4,1798,1969,2468,2837,3267,2414,1703,1870,839,818,21,3
2781,43435,6,1803,1970,2473,2838,3262,2413,1698,1869,870,1054,-184,-29
2782,43436,0,1837,1994,2439,2814,3228,2389,1732,1893,834,846,-12,-2
2783,43436,3,1848,1971,2458,2799,3239,2366,1751,1878,855,862,-7,-2
2784,43436,4,1846,1973,2460,2797,3237,2368,1753,1876,830,802,28,4
2785,43436,6,1836,1975,2450,2799,3247,2366,1763,1874,806,806,0,0
2786,43437,0,1832,1979,2454,2795,3251,2362,1759,1878,806,782,24,3
2787,43437,2,1831,1974,2453,2790,3250,2357,1758,1873,802,783,19,2
2788,43437,4,1836,1973,2448,2791,3255,2356,1753,1874,811,787,24,3
2789,43437,5,1839,1976,2451,2794,3252,2353,1750,1871,822,770,52,7
2790,43437,7,1833,1984,2443,2800,3258,2345,1758,1865,606,639,-33,-6
2791,43438,3,1835,2002,2443,2792,3272,2351,1746,1869,634,790,-156,-24
2792,43438,6,1803,2028,2459,2770,3256,2373,1778,1843,610,638,-28,-5
2793,43438,7,1798,2023,2464,2775,3261,2378,1773,1838,771,794,-23,-4
2794,43439,1,1776,1993,2434,2753,3231,2356,1751,1808,575,630,-55,-9
2795,43439,3,1769,2004,2423,2760,3224,2367,1740,1815,523,623,-100,-16
2796,43439,5,1798,2001,2420,2789,3227,2338,1711,1818,614,550,64,9
2797,43439,7,1807,2028,2393,2780,3218,2311,1738,1827,610,583,27,4
2798,43440,1,1807,2020,2385,2780,3210,2311,1738,1819,582,578,4,0
2799,43440,3,1814,2027,2378,2773,3217,2318,1731,1812,586,575,11,1
2800,43440,5,1847,2058,2409,2806,3186,2285,1698,1781,627,567,60,9
2801,43440,7,1859,2052,2415,2794,3174,2291,1692,1793,607,590,17,2
2802,43441,0,1857,2054,2417,2792,3176,2289,1690,1795,567,627,-60,-10
2803,43441,2,1838,2093,2398,2831,3157,2328,1671,1834,802,835,-33,-6
2804,43441,4,1827,2092,2409,2832,3146,2327,1682,1835,854,823,31,4
2805,43441,6,1833,2094,2415,2834,3140,2325,1676,1833,791,791,0,0
2806,43442,0,1804,2123,2444,2805,3169,2296,1647,1862,775,803,-28,-5
2807,43442,2,1805,2112,2445,2794,3170,2285,1648,1851,818,806,12,1
2808,43442,4,1806,2109,2444,2797,3171,2282,1647,1854,627,778,-151,-24
2809,43442,6,1833,2130,2471,2818,3144,2261,1620,1833,770,615,155,23
2810,43443,0,1855,2154,2449,2794,3122,2237,1642,1857,778,638,140,21
2811,43443,1,1834,2133,2428,2773,3101,2216,1621,1836,618,630,-12,-2
2812,43443,3,1826,2129,2432,2781,3093,2212,1625,1844,631,566,65,9
2813,43443,5,1823,2144,2447,2778,3078,2215,1628,1829,578,587,-9,-2
2814,43443,7,1826,2143,2448,2775,3075,2216,1627,1832,574,571,3,0
2815,43444,1,1833,2150,2455,2782,3082,2223,1634,1839,542,550,-8,-2
2816,43444,3,1851,2164,2441,2764,3100,2237,1620,1821,587,615,-28,-5
2817,43444,5,1846,2169,2446,2759,3095,2242,1625,1816,602,515,87,13
2818,43444,7,1863,2160,2455,2742,3078,2251,1616,1833,578,554,24,3
2819,43445,1,1857,2160,2455,2736,3078,2245,1610,1833,354,379,-25,-4
2820,43445,3,1877,2188,2427,2716,3098,2273,1582,1813,350,371,-21,-4
2821,43445,5,1859,2162,2401,2698,3124,2291,1600,1839,579,543,36,5
2822,43445,6,1854,2167,2396,2703,3129,2286,1605,1834,575,514,61,9
2823,43446,1,1792,2157,2404,2659,3137,2242,1543,1824,526,523,3,0
2824,43446,3,1785,2150,2411,2666,3130,2235,1550,1831,374,555,-181,-28
2825,43446,5,1752,2173,2434,2633,3107,2268,1583,1808,538,546,-8,-2
2826,43446,6,1750,2175,2432,2635,3109,2266,1585,1806,370,530,-160,-25
2827,43447,0,1727,2148,2455,2662,3132,2293,1562,1779,359,358,1,0
2828,43447,2,1726,2149,2454,2663,3131,2294,1561,1780,347,538,-191,-30
2829,43447,4,1720,2095,2460,2717,3125,2240,1567,1834,551,579,-28,-5
2830,43447,6,1699,2106,2439,2728,3146,2229,1588,1823,599,611,-12,-2
2831,43448,1,1705,2114,2443,2730,3150,2231,1594,1831,543,574,-31,-5
2832,43448,3,1695,2094,2463,2740,3140,2211,1614,1841,615,514,101,15
2833,43448,5,1697,2066,2435,2742,3168,2209,1612,1869,523,522,1,0
2834,43448,6,1697,2066,2435,2742,3168,2209,1612,1869,538,618,-80,-13
2835,43449,0,1692,2045,2440,2763,3173,2230,1607,1848,598,547,51,7
2836,43449,2,1675,2048,2423,2766,3156,2233,1590,1851,635,611,24,3
2837,43449,4,1674,2055,2424,2759,3155,2240,1591,1844,622,618,4,0
2838,43449,6,1671,2058,2421,2762,3158,2237,1594,1841,634,583,51,7
2839,43450,0,1669,2046,2423,2774,3160,2249,1592,1829,515,590,-75,-12
2840,43450,2,1648,2043,2402,2771,3139,2246,1571,1826,518,587,-69,-11
2841,43450,4,1664,2049,2386,2765,3155,2252,1555,1820,603,627,-24,-4
2842,43450,6,1668,2053,2390,2769,3151,2248,1551,1816,619,591,28,4
2843,43450,7,1672,2057,2386,2765,3147,2244,1555,1820,570,563,7,1
2844,43451,1,1677,2064,2393,2770,3154,2249,1560,1827,586,566,20,3
2845,43451,3,1681,2062,2395,2766,3158,2247,1562,1823,551,579,-28,-5
2846,43451,5,1685,2056,2389,2770,3164,2243,1558,1829,635,799,-164,-26
2847,43452,0,1669,2032,2457,2742,3180,2267,1490,1857,786,622,164,25
2848,43452,2,1697,2054,2485,2764,3208,2289,1518,1879,779,638,141,21
2849,43452,4,1699,2010,2483,2808,3210,2245,1516,1923,595,610,-15,-3
2850,43452,6,1703,2012,2487,2810,3206,2243,1512,1921,559,542,17,2
2851,43452,7,1705,2014,2485,2808,3204,2241,1514,1923,566,534,32,4
2852,43453,1,1704,2021,2492,2807,3211,2240,1513,1930,603,626,-23,-4
2853,43453,3,1692,2017,2496,2819,3199,2236,1517,1942,630,618,12,1
2854,43453,5,1688,2015,2494,2815,3201,2240,1521,1944,799,826,-27,-5
2855,43453,7,1692,2009,2500,2811,3197,2246,1515,1948,814,819,-5,-1
2856,43454,2,1675,2038,2485,2838,3182,2273,1498,1977,614,614,0,0
2857,43454,4,1677,2036,2483,2840,3184,2271,1496,1979,587,782,-195,-30
2858,43454,5,1707,2066,2513,2870,3154,2241,1466,1949,627,606,21,3
2859,43454,7,1706,2059,2520,2871,3155,2248,1459,1948,622,626,-4,-1
2860,43455,1,1681,2032,2493,2846,3128,2223,1434,1921,611,574,37,5
2861,43455,3,1683,2024,2501,2844,3130,2215,1442,1919,542,631,-89,-14
2862,43455,5,1695,2008,2485,2856,3146,2203,1430,1935,530,555,-25,-4
2863,43455,7,1699,2004,2489,2852,3142,2207,1426,1939,610,630,-20,-4
2864,43456,1,1693,2006,2491,2846,3144,2201,1420,1941,575,614,-39,-6
2865,43456,3,1695,1996,2501,2844,3146,2191,1430,1939,530,567,-37,-6
2866,43456,5,1694,2007,2512,2843,3135,2192,1431,1928,562,627,-65,-10
2867,43456,7,1681,2014,2505,2856,3148,2185,1438,1915,562,579,-17,-3
2868,43457,0,1684,2011,2502,2859,3145,2188,1441,1912,575,574,1,0
2869,43457,2,1681,2014,2499,2862,3142,2191,1438,1915,606,582,24,3
2870,43457,4,1697,2004,2483,2872,3158,2181,1422,1925,627,547,80,12
2871,43457,6,1716,2009,2502,2877,3139,2176,1403,1920,599,578,21,3
2872,43458,0,1708,2011,2510,2875,3147,2174,1395,1922,539,555,-16,-3
2873,43458,2,1711,2002,2513,2866,3150,2165,1398,1913,618,591,27,4
2874,43458,4,1716,1989,2508,2879,3155,2152,1393,1926,531,535,-4,-1
2875,43458,6,1725,1982,2517,2872,3146,2159,1384,1933,567,538,29,4
2876,43459,0,1729,1986,2513,2868,3142,2155,1388,1937,614,783,-169,-26
2877,43459,1,1755,2012,2539,2894,3168,2181,1414,1963,807,799,8,1
2878,43459,3,1761,2016,2535,2888,3174,2185,1410,1957,638,798,-160,-25
2879,43459,6,1807,1964,2531,2886,3178,2187,1364,2009,623,771,-148,-23
2880,43460,0,1830,1987,2508,2863,3155,2164,1387,2032,779,634,145,22
2881,43460,1,1852,2009,2530,2885,3177,2186,1409,2054,626,618,8,1
2882,43460,3,1847,2006,2533,2890,3172,2183,1412,2059,563,574,-11,-2
2883,43460,5,1853,2016,2543,2896,3162,2177,1406,2049,782,770,12,1
2884,43460,7,1847,2008,2551,2902,3168,2185,1398,2043,814,783,31,4
2885,43461,1,1873,2042,2585,2928,3202,2211,1424,2077,815,842,-27,-5
2886,43461,3,1866,2045,2582,2935,3195,2214,1421,2084,850,811,39,5
2887,43461,5,1836,2025,2562,2905,3215,2244,1451,2104,798,778,20,3
2888,43461,7,1835,2030,2557,2906,3216,2239,1456,2103,638,635,3,0
2889,43462,1,1836,2031,2558,2907,3217,2240,1457,2104,526,547,-21,-4
2890,43462,3,1842,2029,2560,2901,3223,2238,1459,2098,522,638,-116,-18
2891,43462,4,1824,2047,2578,2883,3205,2256,1477,2080,626,535,91,13
2892,43462,6,1811,2034,2565,2870,3218,2269,1490,2093,627,586,41,6
2893,43463,0,1808,2049,2568,2855,3221,2254,1487,2108,558,559,-1,-1
2894,43463,2,1802,2057,2562,2863,3215,2262,1481,2116,779,626,153,23
2895,43463,6,1830,2081,2538,2847,3239,2278,1453,2092,538,514,24,3
2896,43463,7,1827,2078,2541,2850,3242,2281,1450,2089,515,631,-116,-18
2897,43464,1,1804,2091,2554,2827,3255,2258,1427,2102,575,622,-47,-8
2898,43464,3,1809,2080,2565,2822,3260,2247,1438,2097,531,635,-104,-16
2899,43464,5,1793,2096,2581,2806,3244,2263,1454,2081,631,546,85,12
2900,43464,7,1803,2082,2595,2796,3234,2277,1440,2091,599,563,36,5
2901,43465,1,1809,2098,2611,2802,3250,2283,1446,2107,778,798,-20,-4
2902,43465,3,1796,2093,2616,2815,3237,2278,1451,2120,890,886,4,0
2903,43465,5,1799,2096,2619,2818,3234,2275,1448,2117,799,782,17,2
2904,43465,7,1782,2083,2632,2835,3251,2288,1435,2100,803,822,-19,-3
2905,43466,1,1778,2085,2634,2831,3253,2284,1431,2102,807,867,-60,-10
2906,43466,2,1788,2075,2644,2821,3263,2274,1441,2092,895,847,48,7
2907,43466,4,1778,2071,2654,2825,3253,2270,1451,2096,831,831,0,0
2908,43466,6,1784,2065,2660,2819,3247,2276,1445,2102,847,811,36,5
2909,43467,0,1789,2070,2655,2814,3242,2271,1450,2107,782,779,3,0
2910,43467,2,1789,2070,2655,2814,3242,2271,1450,2107,619,786,-167,-26
2911,43467,4,1765,2042,2679,2842,3218,2243,1474,2135,611,554,57,8
2912,43467,6,1773,2050,2687,2850,3210,2235,1466,2127,606,626,-20,-4
2913,43468,0,1771,2060,2689,2840,3212,2225,1464,2137,774,799,-25,-4
2914,43468,2,1764,2059,2682,2839,3205,2224,1457,2136,630,775,-145,-23
2915,43468,4,1788,2081,2658,2817,3229,2246,1433,2114,554,623,-69,-11
2916,43468,5,1799,2092,2669,2828,3218,2235,1422,2103,515,535,-20,-4
2917,43468,7,1795,2096,2665,2832,3222,2231,1426,2099,562,583,-21,-4
2918,43469,1,1809,2102,2671,2846,3228,2245,1440,2105,798,870,-72,-11
2919,43469,3,1799,2114,2659,2856,3218,2257,1428,2115,778,895,-117,-18
2920,43469,6,1844,2093,2668,2871,3209,2242,1383,2136,851,798,53,8
2921,43470,0,1833,2088,2679,2876,3220,2247,1372,2131,803,791,12,1
2922,43470,2,1833,2090,2679,2878,3220,2249,1372,2133,775,582,193,29
2923,43470,3,1804,2061,2708,2907,3191,2220,1401,2162,626,799,-173,-27
2924,43470,5,1782,2093,2740,2885,3159,2242,1423,2130,834,859,-25,-4
2925,43470,7,1785,2104,2729,2882,3156,2231,1434,2133,618,619,-1,-1
2926,43471,1,1788,2105,2730,2885,3157,2234,1437,2134,590,559,31,4
2927,43471,3,1786,2095,2740,2887,3155,2224,1447,2136,598,570,28,4
2928,43471,5,1791,2108,2753,2892,3142,2219,1442,2123,610,626,-16,-3
2929,43471,7,1791,2102,2759,2892,3142,2225,1436,2123,578,583,-5,-1
2930,43472,1,1790,2103,2760,2891,3143,2224,1435,2124,583,587,-4,-1
2931,43472,3,1798,2109,2754,2883,3151,2230,1429,2116,563,579,-16,-3
2932,43472,4,1795,2112,2757,2880,3148,2233,1432,2113,598,618,-20,-4
2933,43472,6,1793,2122,2755,2890,3150,2223,1434,2103,595,598,-3,-1
2934,43473,0,1823,2090,2725,2922,3120,2255,1464,2071,826,811,15,2
2935,43473,3,1801,2082,2729,2940,3098,2247,1468,2089,858,838,20,3
2936,43473,4,1798,2085,2732,2937,3095,2250,1471,2086,818,818,0,0
2937,43473,6,1804,2079,2738,2931,3089,2256,1465,2092,814,847,-33,-6
2938,43474,0,1811,2084,2731,2926,3082,2251,1472,2097,879,843,36,5
2939,43474,2,1810,2095,2730,2937,3081,2262,1471,2108,587,587,0,0
2940,43474,4,1809,2096,2731,2936,3080,2263,1472,2107,518,558,-40,-7
2941,43474,6,1812,2107,2734,2947,3077,2252,1469,2096,539,634,-95,-15
2942,43474,7,1797,2092,2749,2962,3092,2267,1454,2081,558,623,-65,-10
2943,43475,2,1802,2073,2734,2963,3077,2268,1459,2062,603,619,-16,-3
2944,43475,4,1803,2066,2733,2970,3078,2261,1458,2069,578,614,-36,-6
2945,43475,5,1797,2060,2727,2964,3084,2267,1464,2075,619,615,4,0
2946,43475,7,1804,2067,2720,2957,3077,2260,1471,2082,770,590,180,27
2947,43476,1,1825,2034,2687,2978,3044,2281,1492,2049,779,790,-11,-2
2948,43476,3,1827,2032,2689,2976,3046,2279,1494,2047,798,822,-24,-4
2949,43476,5,1819,2032,2689,2968,3046,2287,1502,2047,791,850,-59,-10
2950,43476,7,1834,2067,2654,2953,3031,2252,1537,2062,823,810,13,1
2951,43477,1,1839,2074,2661,2958,3038,2257,1542,2069,830,811,19,2
2952,43477,3,1841,2072,2663,2956,3040,2255,1544,2067,775,810,-35,-6
2953,43477,5,1851,2070,2661,2966,3042,2245,1534,2069,799,799,0,0
2954,43477,7,1826,2045,2686,2991,3067,2270,1509,2044,622,627,-5,-1
2955,43478,0,1825,2046,2687,2990,3068,2269,1508,2045,583,615,-32,-5
2956,43478,2,1822,2039,2684,2983,3065,2262,1505,2038,526,634,-108,-17
2957,43478,4,1836,2059,2670,2963,3079,2282,1491,2018,567,579,-12,-2
2958,43478,6,1837,2062,2671,2966,3078,2279,1490,2015,614,610,4,0
2959,43479,0,1833,2066,2675,2962,3082,2275,1486,2019,559,547,12,1
2960,43479,2,1834,2063,2676,2959,3083,2272,1487,2016,595,594,1,0
2961,43479,4,1839,2058,2671,2964,3088,2267,1482,2021,590,571,19,2
2962,43479,6,1840,2061,2672,2967,3087,2264,1481,2018,530,518,12,1
2963,43480,0,1834,2065,2678,2963,3093,2260,1475,2022,566,583,-17,-3
2964,43480,2,1832,2061,2676,2959,3091,2256,1473,2018,614,611,3,0
2965,43480,3,1832,2061,2676,2959,3091,2256,1473,2018,639,523,116,17
2966,43480,5,1837,2032,2647,2964,3120,2251,1468,2047,534,559,-25,-4
2967,43481,0,1825,2022,2651,2982,3132,2261,1464,2029,631,614,17,2
2968,43481,1,1823,2020,2649,2980,3130,2259,1462,2027,619,622,-3,-1
2969,43481,3,1820,2019,2650,2983,3127,2258,1463,2030,603,606,-3,-1
2970,43481,5,1838,2035,2666,3001,3111,2240,1445,2014,634,543,91,13
2971,43481,7,1843,2066,2635,2996,3106,2209,1476,2019,523,554,-31,-5
2972,43482,1,1839,2072,2641,2992,3112,2205,1472,2025,559,551,8,1
2973,43482,3,1840,2075,2638,2991,3113,2208,1469,2024,531,526,5,0
2974,43482,4,1840,2075,2638,2991,3113,2208,1469,2024,619,602,17,2
2975,43482,7,1822,2051,2658,3005,3131,2232,1449,2010,551,526,25,3
2976,43483,1,1813,2048,2655,2996,3128,2223,1440,2007,619,602,17,2
2977,43483,3,1807,2038,2665,3002,3122,2213,1450,2013,538,558,-20,-4
2978,43483,4,1811,2034,2661,3006,3126,2209,1446,2017,543,554,-11,-2
2979,43483,6,1799,2042,2649,3014,3138,2201,1458,2009,530,574,-44,-7
2980,43484,0,1792,2063,2656,2993,3145,2180,1451,2030,639,535,104,15
2981,43484,2,1804,2081,2668,3011,3157,2198,1463,2048,594,586,8,1
2982,43484,4,1802,2081,2670,3011,3155,2198,1465,2048,582,598,-16,-3
2983,43484,6,1801,2088,2669,3018,3156,2191,1466,2041,634,619,15,2
2984,43485,1,1790,2093,2670,3003,3157,2176,1455,2046,606,606,0,0
2985,43485,2,1790,2093,2670,3003,3157,2176,1455,2046,782,802,-20,-4
2986,43485,4,1787,2088,2673,3008,3154,2171,1458,2051,790,782,8,1
2987,43485,6,1786,2091,2672,3011,3155,2168,1459,2048,774,627,147,22
2988,43486,0,1766,2067,2692,3035,3175,2192,1439,2024,562,639,-77,-12
2989,43486,2,1756,2053,2682,3021,3165,2178,1429,2010,623,583,40,6
2990,43486,4,1745,2052,2693,3022,3154,2177,1440,2011,606,630,-24,-4
2991,43486,6,1751,2054,2699,3024,3148,2175,1434,2009,594,583,11,1
2992,43487,0,1728,2079,2722,2999,3171,2150,1411,2034,335,350,-15,-3
2993,43487,2,1727,2086,2721,3006,3170,2157,1410,2041,342,327,15,2
2994,43487,4,1728,2089,2720,3003,3171,2160,1409,2038,382,271,111,16
2995,43487,5,1744,2105,2736,3019,3155,2144,1393,2022,283,263,20,3
2996,43487,7,1747,2114,2727,3016,3152,2135,1402,2025,347,370,-23,-4
2997,43488,1,1750,2125,2738,3019,3163,2138,1405,2036,354,362,-8,-2
2998,43488,3,1753,2124,2739,3016,3166,2137,1406,2033,367,370,-3,-1
2999,43488,7,1747,2132,2731,3018,3170,2131,1416,2029,378,550,-172,-27
3000,43489,0,1774,2105,2704,3045,3143,2158,1443,2002,527,522,5,0
3001,43489,2,1774,2105,2704,3045,3143,2158,1443,2002,302,274,28,4
3002,43489,4,1783,2104,2695,3046,3152,2157,1434,2003,326,362,-36,-6
3003,43489,6,1776,2099,2688,3041,3159,2162,1441,2008,374,374,0,0
3004,43490,0,1775,2100,2689,3040,3160,2161,1440,2009,283,270,13,1
3005,43490,2,1761,2116,2675,3056,3146,2177,1426,2025,282,383,-101,-16
3006,43490,3,1777,2132,2659,3040,3162,2193,1410,2009,290,294,-4,-1
3007,43490,6,1810,2167,2694,3073,3127,2160,1377,1974,563,586,-23,-4
3008,43491,0,1832,2137,2672,3103,3105,2190,1399,1944,554,522,32,4
3009,43491,2,1826,2135,2666,3101,3099,2188,1393,1942,367,359,8,1
3010,43491,4,1824,2139,2668,3097,3097,2192,1395,1938,339,314,25,3
3011,43491,5,1827,2142,2671,3100,3094,2189,1392,1935,330,370,-40,-7
3012,43491,7,1864,2165,2648,3063,3057,2166,1415,1972,550,547,3,0
3013,43492,1,1863,2164,2647,3062,3056,2165,1414,1971,526,550,-24,-4
3014,43492,3,1866,2159,2652,3059,3059,2160,1419,1968,555,615,-60,-10
3015,43492,5,1855,2168,2661,3048,3050,2171,1430,1959,547,546,1,0
3016,43492,7,1851,2164,2665,3052,3054,2175,1426,1955,530,587,-57,-9
3017,43493,1,1862,2157,2658,3063,3047,2186,1437,1948,603,626,-23,-4
3018,43493,3,1854,2157,2658,3071,3039,2186,1437,1956,595,595,0,0
3019,43493,5,1865,2168,2669,3082,3028,2175,1426,1945,638,579,59,9
3020,43493,7,1862,2183,2654,3085,3031,2160,1441,1942,610,574,36,5
3021,43494,0,1867,2178,2649,3090,3026,2165,1446,1937,514,542,-28,-5
3022,43494,2,1877,2158,2659,3070,3036,2145,1456,1917,534,551,-17,-3
3023,43494,5,1880,2153,2648,3067,3047,2148,1453,1922,611,587,24,3
3024,43494,6,1883,2150,2651,3064,3044,2151,1450,1925,563,519,44,6
3025,43495,0,1896,2149,2638,3065,3031,2152,1463,1924,631,623,8,1
3026,43495,2,1898,2145,2640,3061,3033,2148,1465,1920,543,566,-23,-4
3027,43495,4,1891,2144,2647,3062,3026,2147,1472,1921,542,615,-73,-12
3028,43495,6,1877,2134,2633,3052,3040,2157,1486,1931,578,603,-25,-4
3029,43496,0,1886,2133,2624,3053,3031,2158,1495,1930,530,354,176,26
3030,43496,1,1912,2159,2650,3079,3057,2184,1521,1956,335,354,-19,-3
3031,43496,4,1913,2160,2655,3072,3058,2185,1526,1949,526,535,-9,-2
3032,43496,6,1916,2161,2658,3073,3055,2184,1523,1948,523,566,-43,-7
3033,43497,0,1909,2154,2665,3080,3062,2191,1516,1941,578,595,-17,-3
3034,43497,1,1912,2157,2668,3083,3065,2194,1519,1944,618,538,80,12
3035,43497,3,1907,2128,2697,3088,3060,2165,1548,1949,635,522,113,17
3036,43497,5,1872,2127,2696,3053,3061,2200,1583,1950,631,551,80,12
3037,43497,7,1856,2135,2688,3069,3077,2192,1591,1934,554,543,11,1
3038,43498,1,1850,2127,2680,3063,3069,2186,1585,1926,594,598,-4,-1
3039,43498,3,1843,2118,2689,3070,3062,2177,1594,1933,583,571,12,1
3040,43498,5,1845,2118,2689,3072,3062,2175,1592,1933,619,783,-164,-26
3041,43498,7,1809,2134,2673,3108,3098,2159,1608,1897,850,811,39,5
3042,43499,1,1829,2164,2703,3128,3128,2179,1628,1927,814,786,28,4
3043,43499,3,1831,2158,2709,3126,3130,2173,1634,1925,630,579,51,7
3044,43499,4,1824,2165,2716,3119,3123,2180,1641,1918,562,527,35,5
3045,43499,6,1831,2168,2723,3122,3116,2177,1634,1915,635,627,8,1
3046,43500,0,1833,2164,2721,3126,3114,2181,1636,1911,567,599,-32,-5
3047,43501,2,1849,2192,2687,3112,3062,2165,1646,1933,570,535,35,5
3048,43501,5,1901,2200,2685,3154,3064,2123,1594,1925,355,382,-27,-5
3049,43501,7,1932,2221,2664,3123,3033,2102,1615,1956,526,531,-5,-1
3050,43502,1,1934,2225,2668,3125,3037,2104,1617,1960,539,559,-20,-4
3051,43502,3,1913,2196,2697,3146,3016,2075,1646,1981,547,582,-35,-6
3052,43502,5,1903,2198,2699,3136,3014,2085,1656,1979,571,515,56,8
3053,43502,6,1911,2190,2707,3128,3006,2093,1648,1987,530,558,-28,-5
3054,43503,0,1904,2187,2714,3131,3013,2096,1641,1984,526,543,-17,-3
3055,43503,3,1912,2187,2720,3129,3021,2096,1647,1982,615,575,40,6
3056,43503,4,1906,2193,2726,3123,3015,2102,1653,1976,583,586,-3,-1
3057,43503,6,1907,2190,2727,3120,3014,2105,1652,1979,634,626,8,1
3058,43504,0,1904,2191,2730,3119,3017,2104,1649,1980,823,787,36,5
3059,43504,2,1887,2218,2713,3146,3000,2131,1632,2007,803,826,-23,-4
3060,43504,4,1891,2222,2709,3142,3004,2135,1628,2003,787,782,5,0
3061,43504,6,1892,2221,2710,3141,3003,2136,1627,2004,598,566,32,4
3062,43505,0,1898,2223,2704,3139,2997,2134,1633,2006,570,558,12,1
3063,43505,2,1893,2226,2699,3142,2992,2137,1628,2009,546,518,28,4
3064,43505,4,1899,2228,2693,3140,2998,2139,1622,2007,623,631,-8,-2
3065,43505,6,1898,2225,2692,3137,2999,2142,1623,2010,527,526,1,0
3066,43506,0,1891,2232,2699,3130,3006,2135,1616,2017,591,778,-187,-29
3067,43506,1,1862,2203,2670,3101,2977,2106,1587,1988,631,615,16,2
3068,43506,3,1851,2196,2677,3112,2966,2099,1594,1999,610,551,59,9
3069,43506,5,1864,2191,2672,3125,2971,2086,1581,2004,770,638,132,20
3070,43506,7,1884,2171,2692,3105,2951,2106,1561,2024,558,530,28,4
3071,43507,1,1880,2175,2696,3101,2955,2102,1557,2028,515,607,-92,-15
3072,43507,3,1882,2207,2664,3099,2957,2134,1525,2026,638,594,44,6
3073,43507,5,1876,2213,2670,3093,2951,2140,1531,2020,550,530,20,3
3074,43507,7,1875,2218,2665,3094,2952,2135,1536,2019,370,523,-153,-24
3075,43508,1,1845,2236,2683,3064,2970,2105,1506,2037,582,602,-20,-4
3076,43508,3,1855,2238,2681,3054,2980,2107,1504,2027,623,623,0,0
3077,43508,5,1859,2242,2685,3058,2976,2103,1500,2023,542,523,19,2
3078,43508,6,1861,2240,2687,3056,2974,2105,1498,2025,622,631,-9,-2
3079,43509,1,1853,2234,2685,3052,2972,2101,1490,2019,559,554,5,0
3080,43509,3,1847,2228,2691,3058,2966,2095,1496,2025,527,631,-104,-16
3081,43509,5,1854,2203,2666,3065,2991,2088,1489,2050,606,795,-189,-29
3082,43509,6,1883,2174,2695,3036,2962,2117,1460,2079,783,615,168,25
3083,43510,0,1831,2176,2747,3034,3014,2115,1408,2081,798,627,171,26
3084,43510,2,1846,2213,2762,3071,3029,2152,1423,2118,619,606,13,1
3085,43510,4,1848,2209,2760,3075,3031,2148,1421,2122,570,550,20,3
3086,43510,6,1835,2216,2747,3082,3044,2141,1434,2115,519,383,136,20
3087,43511,0,1857,2234,2725,3064,3022,2123,1456,2133,547,519,28,4
3088,43511,2,1874,2209,2742,3039,3039,2098,1473,2108,330,330,0,0
3089,43511,4,1872,2211,2744,3037,3037,2100,1475,2106,338,350,-12,-2
3090,43511,6,1876,2203,2748,3029,3033,2108,1471,2114,519,358,161,24
3091,43511,7,1852,2179,2772,3053,3057,2132,1447,2090,523,383,140,21
3092,43512,1,1868,2153,2746,3069,3031,2148,1463,2064,583,634,-51,-8
3093,43512,3,1874,2143,2756,3063,3037,2138,1473,2058,523,622,-99,-16
3094,43512,5,1866,2167,2780,3055,3013,2146,1481,2034,598,562,36,5
3095,43513,0,1883,2146,2773,3066,2996,2167,1488,2023,587,570,17,2
3096,43513,2,1874,2151,2764,3071,2987,2172,1479,2028,586,602,-16,-3
3097,43513,4,1877,2142,2761,3080,2990,2163,1476,2037,623,602,21,3
3098,43513,6,1876,2149,2760,3087,2991,2156,1477,2030,598,558,40,6
3099,43514,0,1870,2143,2766,3093,2997,2162,1471,2024,551,586,-35,-6
3100,43514,1,1864,2137,2760,3087,2991,2156,1465,2018,619,523,96,14
3101,43514,3,1851,2152,2745,3100,2978,2171,1450,2031,566,575,-9,-2
3102,43514,5,1866,2171,2764,3115,2959,2156,1435,2012,602,582,20,3
3103,43515,0,1863,2170,2773,3110,2962,2157,1426,2017,635,622,13,1
3104,43515,1,1862,2169,2772,3109,2961,2156,1425,2016,619,618,1,0
3105,43515,3,1846,2153,2788,3125,2945,2140,1441,2032,519,515,4,0
3106,43515,5,1844,2151,2786,3123,2947,2142,1443,2034,526,607,-81,-13
3107,43515,7,1856,2137,2800,3111,2935,2156,1429,2046,615,602,13,1
3108,43516,1,1859,2138,2801,3114,2936,2159,1432,2047,610,550,60,9
3109,43516,3,1849,2146,2793,3124,2926,2167,1424,2057,550,563,-13,-2
3110,43516,4,1847,2148,2795,3122,2924,2169,1426,2055,574,555,19,2
3111,43517,0,1841,2146,2803,3114,2930,2171,1418,2063,286,551,-265,-41
3112,43517,3,1873,2204,2827,3164,2962,2229,1442,2113,579,551,28,4
3113,43517,5,1867,2206,2829,3158,2960,2235,1448,2111,626,618,8,1
3114,43517,6,1866,2207,2828,3159,2961,2234,1449,2110,606,555,51,7
3115,43518,0,1866,2193,2828,3173,2961,2248,1449,2096,531,531,0,0
3116,43518,2,1865,2194,2827,3174,2960,2249,1448,2097,570,547,23,3
3117,43518,4,1860,2193,2832,3175,2955,2248,1453,2098,583,555,28,4
3118,43518,6,1854,2191,2826,3173,2961,2250,1459,2100,563,554,9,1
3119,43519,0,1866,2181,2814,3183,2949,2260,1471,2090,530,618,-88,-14
3120,43519,2,1879,2196,2827,3198,2962,2275,1484,2105,623,526,97,14
3121,43519,4,1897,2206,2809,3188,2980,2285,1466,2095,611,635,-24,-4
3122,43519,6,1915,2180,2827,3162,2962,2311,1448,2121,798,863,-65,-10
3123,43520,0,1929,2186,2813,3156,2948,2305,1462,2127,790,815,-25,-4
3124,43520,1,1925,2182,2809,3152,2944,2301,1458,2123,803,787,16,2
3125,43520,3,1897,2158,2833,3180,2916,2277,1482,2151,546,514,32,4
3126,43520,5,1900,2153,2828,3183,2921,2274,1479,2156,607,519,88,13
3127,43520,7,1925,2152,2829,3158,2896,2275,1478,2181,542,550,-8,-2
3128,43521,1,1927,2150,2827,3160,2894,2277,1480,2179,638,619,19,2
3129,43521,3,1939,2158,2819,3148,2906,2285,1472,2167,563,571,-8,-2
3130,43521,5,1941,2156,2817,3150,2908,2283,1470,2169,603,615,-12,-2
3131,43521,7,1948,2159,2814,3143,2901,2280,1473,2176,783,618,165,25
3132,43522,1,1974,2135,2790,3169,2877,2306,1499,2152,779,815,-36,-6
3133,43522,2,1980,2129,2796,3163,2883,2300,1505,2146,814,774,40,6
3134,43522,4,1968,2129,2808,3163,2871,2300,1517,2146,799,619,180,27
3135,43522,7,1941,2110,2773,3136,2898,2319,1552,2173,547,602,-55,-9
3136,43523,1,1949,2100,2763,3144,2888,2327,1560,2163,526,586,-60,-10
3137,43523,2,1939,2110,2753,3154,2878,2337,1550,2173,583,630,-47,-8
3138,43523,4,1955,2078,2737,3186,2894,2305,1534,2205,783,819,-36,-6
3139,43523,6,1951,2070,2733,3178,2898,2313,1538,2213,630,802,-172,-27
3140,43524,0,1978,2097,2706,3151,2871,2286,1565,2240,806,819,-13,-2
3141,43524,2,1980,2091,2708,3145,2873,2280,1567,2234,794,639,155,23
3142,43524,4,1961,2064,2727,3172,2854,2253,1586,2261,558,579,-21,-4
3143,43524,6,1939,2094,2705,3202,2876,2223,1608,2231,630,814,-184,-29
3144,43525,0,1909,2066,2735,3230,2906,2251,1578,2203,806,630,176,26
3145,43525,2,1908,2015,2734,3179,2905,2200,1577,2152,602,583,19,2
3146,43525,3,1910,2017,2732,3177,2907,2202,1575,2150,639,626,13,1
3147,43525,5,1902,2011,2726,3169,2913,2210,1583,2156,834,862,-28,-5
3148,43525,7,1911,2010,2727,3160,2904,2211,1582,2165,843,830,13,1
3149,43526,1,1912,2009,2726,3161,2903,2212,1583,2164,619,771,-152,-24
3150,43526,3,1930,1979,2756,3143,2921,2182,1613,2146,526,543,-17,-3
3151,43526,5,1924,1979,2756,3137,2921,2188,1619,2146,638,515,123,18
3152,43526,7,1937,1956,2779,3124,2908,2211,1596,2159,779,770,9,1
3153,43527,1,1933,1954,2777,3120,2906,2207,1592,2157,811,626,185,28
3154,43527,3,1961,1926,2805,3092,2934,2179,1620,2129,803,795,8,1
3155,43527,5,1983,1950,2829,3114,2910,2157,1598,2105,618,543,75,11
3156,43527,6,1972,1961,2818,3125,2921,2146,1609,2094,518,562,-44,-7
3157,43528,0,1972,1975,2818,3111,2921,2132,1609,2108,778,622,156,23
3158,43528,2,1998,1995,2844,3131,2947,2152,1635,2128,775,615,160,24
3159,43528,5,1955,2006,2903,3136,2888,2147,1678,2117,855,851,4,0
3160,43528,6,1955,2006,2903,3136,2888,2147,1678,2117,814,799,15,2
3161,43529,0,1965,2000,2893,3142,2878,2153,1688,2111,847,842,5,0
3162,43529,2,1963,2002,2891,3144,2876,2155,1686,2113,846,806,40,6
3163,43529,4,1974,2003,2880,3143,2887,2156,1675,2112,831,802,29,4
3164,43529,6,1973,2012,2879,3152,2888,2147,1676,2103,838,854,-16,-3
3165,43530,0,1978,2013,2874,3151,2883,2146,1681,2104,878,862,16,2
3166,43530,1,1980,2015,2876,3153,2885,2148,1683,2106,866,818,48,7
3167,43530,4,1973,2026,2869,3156,2878,2159,1676,2109,822,811,11,1
3168,43530,6,1974,2023,2870,3153,2877,2162,1675,2112,638,778,-140,-22
3169,43530,7,1952,2001,2892,3175,2899,2184,1653,2090,771,627,144,21
3170,43531,1,1931,2022,2913,3154,2920,2163,1632,2111,887,883,4,0
3171,43531,3,1929,2020,2915,3156,2918,2161,1634,2113,782,802,-20,-4
3172,43531,5,1951,2034,2929,3178,2904,2139,1612,2099,771,895,-124,-19
3173,43531,7,1967,2012,2951,3162,2888,2161,1590,2115,774,806,-32,-5
3174,43532,1,1961,2016,2955,3156,2892,2155,1584,2119,802,858,-56,-9
3175,43532,5,1983,2028,2937,3112,2928,2181,1580,2089,814,782,32,4
3176,43533,0,1997,2014,2931,3118,2914,2195,1586,2083,874,886,-12,-2
3177,43533,1,1999,2016,2933,3120,2916,2197,1588,2085,894,1034,-140,-22
3178,43533,3,1978,2039,2910,3141,2895,2220,1565,2106,1046,1034,12,1
3179,43533,5,1977,2040,2911,3140,2894,2221,1566,2105,1054,1070,-16,-3
3180,43533,7,1975,2032,2919,3142,2896,2229,1558,2103,1043,1070,-27,-5
3181,43534,1,1964,2031,2918,3131,2895,2218,1547,2102,883,878,5,0
3182,43534,3,1964,2031,2918,3131,2895,2218,1547,2102,1034,1115,-81,-13
3183,43534,5,1950,2043,2930,3117,2883,2232,1561,2090,1127,1111,16,2
3184,43534,7,1944,2033,2940,3123,2889,2242,1551,2084,1027,827,200,30
3185,43535,1,1943,2092,2999,3122,2948,2241,1550,2143,1035,1039,-4,-1
3186,43535,2,1942,2093,2998,3123,2947,2242,1549,2144,863,890,-27,-5
3187,43535,4,1938,2087,3002,3129,2943,2236,1553,2150,846,814,32,4
3188,43535,6,1956,2077,3020,3119,2925,2246,1535,2160,871,790,81,12
3189,43536,0,1930,2079,3046,3117,2951,2244,1509,2162,866,1030,-164,-26
3190,43536,2,1900,2057,3016,3095,2921,2222,1479,2140,855,850,5,0
3191,43536,4,1914,2043,3002,3109,2935,2208,1465,2154,883,878,5,0
3192,43536,6,1910,2047,2998,3113,2939,2204,1469,2150,819,839,-20,-4
3193,43537,0,1899,2050,3009,3110,2950,2201,1458,2153,895,878,17,2
3194,43537,2,1911,2034,3021,3094,2962,2185,1470,2137,771,879,-108,-17
3195,43537,4,1911,2000,3021,3128,2962,2151,1470,2171,875,811,64,9
3196,43537,5,1920,2009,3030,3137,2953,2142,1461,2162,882,827,55,8
3197,43537,7,1905,2010,3029,3152,2968,2141,1462,2147,814,806,8,1
3198,43538,1,1909,2012,3031,3156,2970,2145,1466,2149,622,774,-152,-24
3199,43538,4,1945,1990,3043,3130,3006,2123,1478,2123,815,782,33,5
3200,43538,5,1940,1985,3038,3125,3011,2128,1483,2128,779,878,-99,-16
3201,43538,7,1951,2028,2995,3114,3000,2085,1526,2139,1035,879,156,23
3202,43539,1,1920,2043,3010,3083,3015,2054,1495,2154,794,862,-68,-11
3203,43539,3,1934,2079,2974,3069,3029,2090,1459,2140,627,623,4,0
3204,43539,5,1910,2055,2950,3045,3053,2114,1483,2164,615,619,-4,-1
3205,43539,7,1921,2064,2941,3034,3042,2105,1492,2175,839,851,-12,-2
3206,43540,0,1919,2066,2943,3032,3044,2103,1490,2177,802,811,-9,-2
3207,43540,3,1887,2098,2907,3060,3012,2135,1454,2205,574,567,7,1
3208,43540,5,1887,2096,2905,3060,3014,2135,1454,2207,550,771,-221,-34
3209,43540,7,1856,2133,2868,3091,3045,2098,1491,2176,550,538,12,1
3210,43541,0,1855,2134,2869,3090,3046,2097,1490,2177,539,619,-80,-13
3211,43541,2,1867,2148,2881,3104,3058,2111,1502,2191,611,638,-27,-5
3212,43541,4,1860,2145,2888,3107,3051,2108,1509,2194,515,551,-36,-6
3213,43541,6,1857,2136,2885,3098,3054,2117,1512,2203,595,606,-11,-2
3214,43542,0,1854,2143,2888,3091,3057,2110,1509,2210,883,843,40,6
3215,43542,3,1855,2158,2885,3102,3058,2125,1506,2221,535,563,-28,-5
3216,43542,5,1846,2159,2886,3093,3057,2134,1515,2220,558,547,11,1
3217,43542,7,1845,2156,2889,3094,3058,2137,1512,2219,611,622,-11,-2
3218,43543,1,1844,2151,2884,3093,3053,2136,1511,2214,634,787,-153,-24
3219,43543,3,1820,2175,2860,3117,3029,2160,1487,2238,614,607,7,1
3220,43543,5,1817,2174,2859,3114,3030,2163,1490,2239,615,591,24,3
3221,43543,6,1814,2177,2856,3117,3033,2160,1493,2236,583,579,4,0
3222,43544,0,1783,2208,2887,3086,3064,2129,1462,2267,790,779,11,1
3223,43544,3,1781,2214,2883,3090,3062,2135,1458,2271,879,786,93,14
3224,43544,5,1804,2209,2878,3113,3067,2112,1435,2276,882,791,91,13
3225,43544,6,1817,2196,2891,3100,3054,2125,1422,2289,850,811,39,5
3226,43545,0,1796,2227,2912,3069,3075,2094,1401,2320,770,615,155,23
3227,43545,2,1765,2212,2881,3054,3044,2079,1370,2305,607,826,-219,-34
3228,43545,4,1731,2178,2915,3088,3010,2045,1404,2339,798,787,11,1
3229,43545,6,1705,2206,2889,3116,3036,2017,1430,2311,771,623,148,22
3230,43546,0,1693,2174,2901,3148,3048,2049,1418,2279,547,554,-7,-2
3231,43546,2,1695,2168,2903,3142,3050,2043,1420,2273,586,558,28,4
3232,43546,4,1694,2161,2904,3149,3049,2036,1421,2280,527,530,-3,-1
3233,43546,6,1691,2166,2901,3154,3052,2031,1424,2275,523,531,-8,-2
3234,43547,0,1690,2163,2902,3157,3053,2034,1423,2272,622,635,-13,-2
3235,43547,2,1695,2162,2907,3156,3058,2033,1428,2271,554,542,12,1
3236,43547,4,1696,2163,2906,3155,3059,2034,1427,2270,578,602,-24,-4
3237,43547,5,1692,2159,2902,3151,3063,2038,1431,2274,579,570,9,1
3238,43547,7,1695,2164,2897,3148,3060,2033,1436,2277,514,610,-96,-15
3239,43548,2,1683,2190,2915,3144,3078,2029,1424,2303,570,603,-33,-6
3240,43548,4,1689,2196,2909,3138,3084,2035,1418,2297,607,526,81,12
3241,43548,6,1691,2170,2911,3112,3082,2061,1416,2323,586,602,-16,-3
3242,43549,0,1684,2171,2918,3111,3089,2060,1409,2324,523,382,141,21
3243,43549,2,1670,2143,2904,3083,3075,2032,1395,2296,302,326,-24,-4
3244,43549,3,1666,2139,2908,3087,3071,2028,1399,2300,355,326,29,4
3245,43549,5,1657,2138,2907,3078,3072,2037,1408,2301,366,515,-149,-23
3246,43549,7,1702,2137,2908,3033,3027,2038,1407,2346,530,559,-29,-5
3247,43550,2,1696,2137,2912,3023,3031,2028,1401,2346,591,579,12,1
3248,43550,3,1695,2136,2913,3024,3030,2027,1402,2347,587,582,5,0
3249,43550,5,1692,2133,2910,3021,3033,2030,1405,2350,591,578,13,1
3250,43550,7,1694,2133,2910,3019,3031,2030,1405,2352,578,546,32,4
3251,43551,1,1690,2137,2914,3015,3035,2026,1401,2356,526,527,-1,-1
3252,43551,3,1710,2159,2892,2995,3055,2048,1379,2336,531,559,-28,-5
3253,43551,4,1715,2154,2887,3000,3060,2043,1374,2341,574,518,56,8
3254,43551,6,1724,2161,2896,3007,3051,2036,1365,2334,542,554,-12,-2
3255,43552,1,1724,2193,2924,3003,3079,2032,1365,2366,606,598,8,1
3256,43552,3,1705,2176,2941,3022,3060,2015,1382,2385,634,546,88,13
3257,43552,4,1718,2163,2928,3035,3073,2002,1369,2398,547,567,-20,-4
3258,43552,6,1720,2169,2930,3041,3071,1996,1367,2392,598,582,16,2
3259,43553,0,1723,2170,2927,3040,3068,1995,1370,2393,615,794,-179,-28
3260,43553,2,1744,2205,2948,3075,3089,2030,1391,2428,623,598,25,3
3261,43553,4,1751,2204,2941,3076,3096,2029,1384,2429,586,614,-28,-5
3262,43553,6,1743,2202,2933,3074,3104,2031,1392,2431,542,539,3,0
3263,43554,0,1744,2201,2932,3075,3103,2032,1393,2430,607,619,-12,-2
3264,43554,2,1741,2200,2929,3074,3100,2031,1390,2429,618,614,4,0
3265,43554,4,1723,2218,2947,3056,3082,2049,1408,2411,630,607,23,3
3266,43554,5,1720,2215,2944,3053,3085,2052,1411,2414,515,634,-119,-19
3267,43554,7,1705,2238,2921,3068,3100,2029,1434,2399,602,639,-37,-6
3268,43555,1,1718,2239,2922,3081,3101,2042,1447,2400,626,586,40,6
3269,43555,3,1727,2236,2925,3072,3110,2039,1450,2391,383,374,9,1
3270,43555,5,1725,2236,2925,3070,3110,2041,1452,2391,379,526,-147,-23
3271,43555,7,1748,2213,2948,3047,3087,2064,1429,2414,599,566,33,5
3272,43556,1,1754,2209,2944,3053,3083,2070,1435,2410,598,535,63,9
3273,43556,3,1746,2219,2934,3061,3075,2080,1425,2418,578,578,0,0
3274,43556,5,1744,2217,2932,3059,3077,2082,1427,2420,578,550,28,4
3275,43556,7,1748,2213,2936,3055,3073,2086,1423,2424,582,538,44,6
3276,43557,0,1742,2219,2942,3049,3079,2080,1417,2430,523,607,-84,-13
3277,43557,2,1762,2225,2962,3055,3099,2086,1437,2436,522,619,-97,-15
3278,43557,4,1747,2210,2977,3070,3084,2071,1452,2451,615,598,17,2
3279,43557,6,1747,2214,2977,3074,3084,2067,1452,2447,563,594,-31,-5
3280,43558,0,1748,2223,2976,3065,3083,2058,1453,2456,574,591,-17,-3
3281,43558,2,1747,2218,2975,3060,3082,2053,1452,2451,579,606,-27,-5
3282,43558,4,1753,2222,2969,3056,3088,2057,1446,2447,563,514,49,7
3283,43558,6,1764,2197,2980,3031,3077,2082,1435,2472,615,514,101,15
3284,43559,0,1790,2201,2954,3027,3051,2078,1461,2476,562,518,44,6
3285,43559,1,1784,2195,2948,3021,3045,2072,1455,2470,638,630,8,1
3286,43559,3,1787,2196,2947,3018,3048,2073,1454,2467,594,635,-41,-7
3287,43559,6,1784,2189,2930,3025,3065,2066,1457,2474,594,567,27,4
3288,43560,0,1781,2184,2933,3030,3068,2071,1454,2469,530,591,-61,-10
3289,43560,1,1771,2174,2923,3020,3058,2061,1444,2459,595,770,-175,-27
3290,43560,3,1793,2142,2955,2998,3080,2029,1476,2437,562,594,-32,-5
3291,43560,5,1784,2143,2956,2989,3079,2038,1485,2436,531,634,-103,-16
3292,43560,7,1758,2149,2950,3015,3105,2032,1491,2410,590,631,-41,-7
3293,43561,1,1766,2143,2944,3023,3099,2040,1499,2404,527,606,-79,-13
3294,43561,3,1753,2156,2931,3036,3086,2053,1486,2417,615,611,4,0
3295,43561,5,1755,2158,2933,3038,3084,2051,1484,2415,542,611,-69,-11
3296,43561,7,1797,2178,2913,2996,3042,2031,1504,2457,842,859,-17,-3
3297,43562,1,1795,2182,2917,2994,3046,2029,1502,2461,862,794,68,10
3298,43562,2,1785,2192,2907,3004,3036,2039,1492,2471,770,778,-8,-2
3299,43562,4,1784,2197,2908,2999,3035,2044,1493,2466,551,543,8,1
3300,43562,6,1768,2211,2892,3013,3051,2030,1509,2452,610,598,12,1
3301,43563,0,1752,2229,2908,2995,3067,2012,1493,2470,522,634,-112,-18
3302,43563,2,1771,2246,2927,3012,3086,2029,1512,2487,526,567,-41,-7
3303,43563,4,1768,2235,2930,3023,3083,2018,1515,2498,591,539,52,7
3304,43563,7,1821,2240,2939,2984,3030,2013,1506,2537,598,599,-1,-1
3305,43564,0,1820,2241,2940,2983,3031,2012,1505,2538,559,582,-23,-4
3306,43564,2,1810,2243,2930,2985,3021,2014,1495,2540,531,603,-72,-11
3307,43564,4,1818,2257,2922,2971,3029,2028,1487,2526,583,550,33,5
3308,43564,6,1809,2256,2913,2970,3038,2029,1496,2527,574,590,-16,-3
3309,43565,0,1805,2254,2917,2972,3042,2031,1492,2525,623,626,-3,-1
3310,43565,2,1809,2252,2921,2970,3046,2029,1496,2523,578,558,20,3
3311,43565,4,1817,2250,2913,2972,3054,2027,1488,2525,542,538,4,0
3312,43565,6,1815,2252,2911,2974,3056,2025,1490,2523,554,550,4,0
3313,43566,0,1840,2227,2886,2999,3031,2050,1515,2498,518,559,-41,-7
3314,43566,2,1827,2226,2873,2998,3018,2049,1502,2497,598,587,11,1
3315,43566,3,1826,2225,2874,2999,3017,2048,1503,2498,634,527,107,16
3316,43566,5,1856,2223,2872,3029,3019,2018,1473,2500,639,623,16,2
3317,43566,7,1858,2221,2874,3027,3017,2020,1471,2502,555,567,-12,-2
3318,43567,1,1846,2205,2858,3015,3001,2008,1459,2486,586,571,15,2
3319,43567,5,1826,2189,2858,3003,3005,2016,1483,2498,578,551,27,4
3320,43567,6,1822,2193,2854,3007,3009,2012,1487,2494,611,578,33,5
3321,43568,0,1814,2191,2862,3009,3017,2014,1479,2492,574,551,23,3
3322,43568,2,1825,2186,2873,3004,3028,2009,1490,2487,627,531,96,14
3323,43568,4,1809,2174,2889,3016,3012,1997,1506,2499,815,786,29,4
3324,43568,6,1809,2166,2889,3008,3012,2005,1506,2507,543,515,28,4
3325,43569,0,1806,2177,2892,2997,3015,1994,1503,2518,598,535,63,9
3326,43569,1,1797,2168,2883,2988,3006,1985,1494,2509,611,587,24,3
3327,43569,4,1773,2192,2913,2958,2982,2009,1524,2479,370,534,-164,-26
3328,43569,6,1747,2166,2887,2932,3008,2035,1550,2505,606,623,-17,-3
3329,43570,0,1754,2165,2880,2933,3001,2036,1557,2504,594,586,8,1
3330,43570,1,1755,2166,2881,2934,3002,2037,1558,2505,554,523,31,4
3331,43570,3,1756,2175,2872,2933,3003,2046,1549,2504,518,339,179,27
3332,43570,5,1783,2148,2845,2960,3030,2019,1522,2531,363,515,-152,-24
3333,43570,7,1756,2169,2824,2987,3057,1998,1543,2504,318,314,4,0
3334,43571,1,1755,2168,2823,2986,3056,1997,1542,2503,311,323,-12,-2
3335,43571,3,1757,2174,2817,2984,3058,2003,1536,2501,338,359,-21,-4
3336,43571,5,1765,2174,2817,2992,3058,1995,1528,2501,346,542,-196,-30
3337,43571,7,1790,2139,2852,2967,3033,2030,1493,2526,595,607,-12,-2
3338,43572,1,1790,2143,2856,2967,3037,2030,1493,2530,547,563,-16,-3
3339,43572,2,1793,2140,2859,2964,3040,2027,1496,2527,578,582,-4,-1
3340,43572,4,1800,2135,2852,2969,3047,2022,1489,2532,543,563,-20,-4
3341,43572,6,1811,2132,2863,2966,3036,2025,1478,2535,563,558,5,0
3342,43573,0,1827,2116,2847,2982,3020,2041,1494,2519,579,579,0,0
3343,43573,2,1828,2115,2848,2981,3021,2040,1495,2518,610,579,31,4
3344,43573,4,1832,2119,2844,2977,3025,2044,1491,2514,363,562,-199,-31
3345,43573,6,1812,2077,2824,2935,3045,2086,1511,2556,539,639,-100,-16
3346,43574,0,1830,2091,2806,2921,3027,2072,1529,2570,610,578,32,4
3347,43574,2,1833,2096,2809,2926,3030,2077,1532,2575,558,558,0,0
3348,43574,4,1829,2100,2813,2922,3026,2081,1536,2571,547,571,-24,-4
3349,43574,5,1833,2104,2817,2926,3022,2077,1532,2567,554,571,-17,-3
3350,43574,7,1834,2111,2810,2925,3021,2070,1539,2568,522,311,211,32
3351,43575,2,1820,2155,2860,2905,3071,2050,1525,2612,322,295,27,4
3352,43575,4,1834,2149,2846,2911,3085,2044,1511,2618,266,274,-8,-2
3353,43575,5,1832,2147,2844,2909,3087,2046,1513,2620,286,291,-5,-1
3354,43575,7,1852,2165,2826,2889,3067,2028,1531,2640,307,307,0,0
3355,43576,1,1848,2161,2822,2885,3063,2024,1527,2636,382,375,7,1
3356,43576,3,1849,2164,2819,2884,3064,2027,1524,2635,542,375,167,25
3357,43576,5,1881,2146,2801,2916,3082,1995,1492,2653,579,554,25,3
3358,43576,7,1888,2147,2800,2909,3075,1994,1493,2660,334,315,19,2
3359,43577,2,1883,2144,2799,2902,3074,1987,1488,2657,315,290,25,3
3360,43577,3,1886,2147,2796,2899,3077,1990,1485,2654,291,354,-63,-10
3361,43577,5,1894,2135,2784,2907,3089,1982,1477,2666,543,555,-12,-2
3362,43577,7,1897,2134,2785,2904,3086,1983,1476,2669,543,546,-3,-1
3363,43578,1,1923,2162,2813,2930,3114,2009,1502,2697,375,346,29,4
3364,43578,3,1912,2159,2816,2941,3103,2006,1505,2708,279,331,-52,-8
3365,43578,5,1899,2162,2819,2928,3100,2019,1518,2705,366,326,40,6
3366,43578,6,1905,2156,2825,2922,3094,2025,1512,2711,323,334,-11,-2
3367,43579,1,1930,2127,2800,2951,3069,2054,1537,2682,527,370,157,23
3368,43579,3,1929,2080,2847,2952,3068,2007,1584,2683,531,558,-27,-5
3369,43579,5,1932,2073,2840,2955,3075,2004,1581,2690,590,595,-5,-1
3370,43579,7,1928,2067,2846,2959,3079,2010,1575,2686,538,535,3,0
3371,43580,1,1922,2061,2840,2953,3073,2004,1569,2680,514,618,-104,-16
3372,43580,3,1926,2033,2868,2949,3077,1976,1597,2676,538,538,0,0
3373,43580,4,1926,2033,2868,2949,3077,1976,1597,2676,547,586,-39,-6
3374,43580,6,1930,2041,2872,2957,3073,1968,1593,2668,523,595,-72,-11
3375,43581,1,1927,2032,2885,2976,3086,1987,1590,2659,610,514,96,14
3376,43581,3,1955,2032,2885,2948,3114,1987,1590,2631,554,578,-24,-4
3377,43581,4,1959,2028,2881,2952,3118,1983,1586,2635,623,619,4,0
3378,43581,6,1949,2038,2871,2962,3128,1973,1596,2625,538,527,11,1
3379,43582,0,1935,2050,2885,2950,3142,1961,1582,2637,594,606,-12,-2
3380,43582,2,1932,2049,2882,2949,3139,1960,1579,2636,594,563,31,4
3381,43582,4,1931,2042,2883,2956,3138,1953,1580,2643,551,534,17,2
3382,43582,6,1930,2039,2882,2953,3139,1956,1581,2646,547,522,25,3
3383,43583,0,1942,2033,2870,2959,3127,1962,1593,2640,554,595,-41,-7
3384,43583,2,1965,2024,2893,2950,3150,1953,1616,2631,602,554,48,7
3385,43583,4,1974,2029,2884,2945,3159,1958,1607,2626,562,551,11,1
3386,43583,6,1972,2033,2882,2949,3161,1954,1609,2622,539,559,-20,-4
3387,43583,7,1976,2037,2878,2945,3157,1950,1613,2626,554,614,-60,-10
3388,43584,1,1969,2050,2891,2938,3170,1943,1606,2639,542,550,-8,-2
3389,43584,3,1977,2054,2887,2930,3178,1947,1602,2631,594,783,-189,-29
3390,43584,5,1958,2093,2926,2911,3139,1966,1621,2592,830,850,-20,-4
3391,43584,7,1955,2098,2921,2914,3142,1961,1626,2589,835,823,12,1
3392,43585,1,1955,2100,2923,2914,3144,1961,1626,2591,846,803,43,6
3393,43585,3,1966,2099,2924,2903,3155,1960,1627,2580,843,850,-7,-2
3394,43585,5,1975,2104,2929,2912,3150,1951,1618,2575,827,770,57,8
3395,43585,7,1962,2107,2926,2925,3163,1948,1621,2562,871,863,8,1
3396,43586,0,1963,2106,2925,2926,3162,1949,1622,2561,895,826,69,10
3397,43586,2,1972,2117,2934,2937,3171,1960,1631,2572,779,794,-15,-3
3398,43586,4,1977,2118,2929,2936,3176,1961,1626,2571,814,863,-49,-8
3399,43586,7,1983,2138,2925,2946,3170,1941,1630,2561,882,886,-4,-1
3400,43587,0,1984,2137,2924,2947,3169,1942,1631,2560,878,834,44,6
3401,43587,2,1983,2126,2923,2936,3168,1931,1630,2549,842,883,-41,-7
3402,43587,4,1969,2126,2937,2936,3154,1931,1644,2549,854,634,220,33
3403,43587,6,2004,2157,2972,2967,3119,1900,1609,2518,782,787,-5,-1
3404,43588,0,2005,2158,2971,2966,3118,1899,1610,2519,882,807,75,11
3405,43588,2,2026,2159,2992,2967,3139,1900,1631,2520,859,847,12,1
3406,43588,3,2025,2158,2993,2968,3138,1899,1632,2521,799,622,177,27
3407,43588,6,2054,2133,2968,2997,3163,1870,1603,2546,598,555,43,6
3408,43589,0,2090,2109,2932,3021,3127,1894,1639,2522,614,590,24,3
3409,43589,1,2087,2106,2929,3018,3124,1891,1636,2519,594,798,-204,-32
3410,43589,3,2053,2136,2899,3052,3090,1921,1606,2553,611,774,-163,-25
3411,43589,5,2103,2136,2899,3102,3090,1871,1556,2553,630,594,36,5
3412,43589,7,2103,2146,2889,3102,3090,1861,1566,2553,787,639,148,22
3413,43590,1,2126,2125,2868,3125,3069,1884,1589,2532,618,599,19,2
3414,43590,3,2119,2122,2871,3132,3062,1881,1592,2539,567,583,-16,-3
3415,43590,5,2119,2128,2877,3132,3056,1881,1592,2533,614,611,3,0
3416,43590,7,2117,2126,2879,3134,3058,1883,1590,2531,626,787,-161,-25
3417,43591,1,2141,2100,2853,3158,3032,1907,1614,2505,887,803,84,12
3418,43591,3,2140,2075,2878,3159,3031,1882,1639,2506,878,882,-4,-1
3419,43591,4,2141,2074,2877,3160,3032,1881,1638,2507,882,782,100,15
3420,43591,6,2153,2092,2889,3178,3020,1863,1626,2489,854,858,-4,-1
3421,43592,0,2155,2092,2887,3178,3018,1863,1628,2489,882,779,103,15
3422,43592,2,2169,2108,2901,3194,3032,1879,1642,2505,871,771,100,15
3423,43592,4,2122,2125,2948,3177,2985,1896,1689,2488,851,859,-8,-2
3424,43592,6,2122,2129,2948,3181,2985,1892,1689,2484,835,847,-12,-2
3425,43593,0,2123,2124,2947,3186,2984,1897,1690,2479,867,818,49,7
3426,43593,2,2114,2119,2938,3181,2975,1892,1681,2474,823,630,193,29
3427,43593,4,2145,2146,2907,3154,3006,1919,1650,2447,871,778,93,14
3428,43593,6,2142,2177,2904,3185,3009,1888,1653,2416,851,826,25,3
3429,43593,7,2139,2174,2907,3188,3012,1891,1650,2413,799,775,24,3
3430,43594,1,2142,2171,2904,3191,3009,1894,1653,2410,863,827,36,5
3431,43594,5,2126,2173,2902,3191,3001,1904,1659,2418,546,558,-12,-2
3432,43594,7,2124,2175,2900,3193,3003,1902,1661,2416,638,618,20,3
3433,43595,1,2117,2174,2899,3186,3002,1895,1654,2415,583,606,-23,-4
3434,43595,3,2117,2182,2891,3186,3002,1903,1646,2415,582,606,-24,-4
3435,43595,5,2112,2169,2878,3181,3015,1908,1651,2428,831,847,-16,-3
3436,43595,7,2127,2178,2869,3166,3000,1899,1660,2443,799,782,17,2
3437,43596,1,2152,2199,2890,3191,3021,1924,1685,2464,615,770,-155,-24
3438,43596,2,2176,2175,2914,3167,3045,1900,1709,2440,619,606,13,1
3439,43596,5,2168,2181,2922,3161,3037,1906,1717,2434,839,786,53,8
3440,43596,7,2179,2176,2927,3150,3026,1911,1712,2445,626,806,-180,-28
3441,43597,1,2211,2152,2903,3182,3002,1943,1744,2421,886,782,104,15
3442,43597,2,2226,2137,2918,3167,3017,1928,1759,2406,803,810,-7,-2
3443,43597,4,2219,2140,2925,3164,3010,1931,1766,2403,846,862,-16,-3
3444,43597,6,2212,2141,2918,3165,3017,1930,1773,2402,850,818,32,4
3445,43598,0,2201,2144,2929,3162,3028,1927,1762,2405,867,855,12,1
3446,43598,2,2194,2153,2922,3171,3021,1936,1755,2414,791,799,-8,-2
3447,43598,4,2177,2174,2939,3150,3004,1957,1772,2393,850,863,-13,-2
3448,43598,6,2177,2178,2939,3154,3004,1953,1772,2389,870,839,31,4
3449,43599,2,2202,2153,2956,3121,3021,1920,1797,2364,771,607,164,25
3450,43599,4,2223,2182,2935,3092,3042,1949,1776,2335,594,559,35,5
3451,43599,5,2228,2187,2940,3097,3037,1944,1771,2330,546,638,-92,-15
3452,43599,7,2247,2176,2951,3078,3018,1955,1760,2349,595,611,-16,-3
3453,43600,1,2215,2150,2925,3046,2992,1923,1728,2323,631,774,-143,-22
3454,43600,3,2234,2125,2950,3027,3011,1898,1753,2304,618,627,-9,-2
3455,43600,5,2207,2102,2927,3000,3034,1925,1780,2327,607,567,40,6
3456,43600,7,2206,2089,2940,3001,3035,1938,1767,2326,591,534,57,8
3457,43601,1,2202,2101,2952,2997,3047,1934,1763,2338,587,586,1,0
3458,43601,3,2201,2100,2953,2998,3046,1933,1764,2339,778,602,176,26
3459,43601,5,2170,2121,2974,2967,3025,1964,1795,2318,555,635,-80,-13
3460,43601,7,2186,2111,2984,2951,3009,1974,1785,2334,583,615,-32,-5
3461,43602,0,2181,2116,2989,2946,3014,1969,1780,2339,599,791,-192,-30
3462,43602,2,2142,2095,2950,2925,2975,1948,1741,2318,839,839,0,0
3463,43602,5,2140,2099,2954,2923,2971,1950,1743,2314,630,638,-8,-2
3464,43602,7,2115,2078,2975,2948,2996,1971,1722,2289,815,823,-8,-2
3465,43603,0,2117,2076,2973,2950,2994,1973,1724,2287,786,590,196,29
3466,43603,2,2080,2055,2936,2929,2957,1952,1687,2266,571,530,41,6
3467,43603,4,2088,2059,2928,2925,2965,1956,1679,2262,606,771,-165,-26
3468,43603,6,2033,2062,2873,2928,3020,1953,1734,2259,795,635,160,24
3469,43604,0,2007,2040,2899,2950,3046,1975,1708,2237,590,627,-37,-6
3470,43604,2,2001,2034,2893,2944,3040,1969,1702,2231,795,814,-19,-3
3471,43604,4,2003,2038,2891,2940,3042,1973,1700,2227,603,583,20,3
3472,43604,6,1999,2036,2887,2938,3046,1975,1704,2229,638,615,23,3
3473,43605,0,1978,2063,2908,2911,3067,1948,1683,2256,638,611,27,4
3474,43605,2,1979,2054,2909,2902,3068,1939,1684,2247,599,599,0,0
3475,43605,3,1979,2054,2909,2902,3068,1939,1684,2247,583,571,12,1
3476,43605,5,1978,2055,2910,2901,3067,1940,1685,2246,582,587,-5,-1
3477,43605,7,1965,2040,2925,2914,3080,1955,1670,2233,618,514,104,15
3478,43606,1,1994,2039,2924,2943,3079,1984,1699,2232,559,571,-12,-2
3479,43606,4,2006,2043,2916,2935,3091,1988,1691,2224,590,562,28,4
3480,43606,5,2002,2039,2912,2931,3095,1992,1695,2228,535,530,5,0
3481,43606,7,2002,2039,2912,2931,3095,1992,1695,2228,578,587,-9,-2
3482,43607,1,2000,2033,2906,2929,3089,1990,1693,2222,566,574,-8,-2
3483,43607,3,2004,2041,2898,2925,3093,1998,1685,2218,379,543,-164,-26
3484,43607,5,2028,2013,2870,2949,3121,1974,1661,2246,603,527,76,11
3485,43607,7,2023,2030,2853,2954,3126,1957,1678,2241,538,571,-33,-6
3486,43608,1,2015,2034,2857,2946,3130,1949,1670,2245,559,635,-76,-12
3487,43608,3,2032,2027,2864,2929,3147,1942,1677,2228,571,563,8,1
3488,43608,5,2031,2024,2861,2928,3150,1943,1678,2231,606,619,-13,-2
3489,43608,7,2038,2035,2850,2921,3143,1932,1689,2238,591,574,17,2
3490,43609,0,2036,2037,2852,2919,3145,1930,1687,2240,586,635,-49,-8
3491,43609,2,2056,2033,2872,2915,3165,1926,1707,2236,842,830,12,1
3492,43609,4,2066,2025,2862,2923,3175,1918,1697,2244,791,895,-104,-16
3493,43609,6,2047,2012,2843,2910,3194,1931,1716,2257,882,859,23,3
3494,43610,0,2044,2009,2846,2913,3197,1934,1713,2254,775,871,-96,-15
3495,43610,2,2029,1994,2831,2898,3182,1919,1698,2239,847,778,69,10
3496,43610,5,2010,1985,2842,2899,3171,1918,1717,2248,778,867,-89,-14
3497,43610,6,1996,1999,2828,2913,3185,1904,1731,2234,890,871,19,2
3498,43611,0,1997,2002,2827,2910,3184,1901,1732,2237,791,811,-20,-4
3499,43611,2,1990,2017,2820,2925,3177,1916,1725,2252,859,839,20,3
3500,43611,4,1992,2021,2818,2921,3179,1920,1723,2248,786,634,152,23
3501,43611,6,2020,2039,2846,2939,3151,1902,1695,2230,803,795,8,1
3502,43612,0,2016,2041,2850,2937,3155,1900,1691,2232,814,770,44,6
3503,43612,2,2013,2056,2847,2952,3152,1915,1688,2247,850,871,-21,-4
3504,43612,4,2017,2060,2843,2948,3156,1919,1684,2243,850,863,-13,-2
3505,43612,6,1998,2083,2824,2971,3175,1896,1703,2220,843,834,9,1
3506,43613,0,1998,2085,2824,2969,3175,1894,1703,2222,838,859,-21,-4
3507,43613,1,2002,2089,2828,2973,3179,1898,1707,2226,870,838,32,4
3508,43613,3,2004,2083,2834,2971,3181,1892,1713,2224,831,894,-63,-10
3509,43613,5,2009,2068,2819,2976,3196,1887,1708,2239,850,815,35,5
3510,43613,7,2003,2072,2815,2982,3202,1883,1712,2233,887,883,4,0
3511,43614,1,2011,2080,2823,2990,3210,1891,1720,2241,839,842,-3,-1
3512,43614,3,2009,2076,2827,2992,3208,1887,1724,2243,783,635,148,22
3513,43614,5,2058,2081,2832,3041,3203,1838,1675,2238,827,771,56,8
3514,43614,7,2062,2069,2844,3037,3199,1850,1663,2242,799,846,-47,-8
3515,43615,1,2067,2058,2833,3042,3188,1855,1668,2231,838,863,-25,-4
3516,43615,2,2063,2062,2829,3046,3184,1859,1664,2235,835,771,64,9
3517,43615,4,2092,2051,2800,3057,3213,1848,1635,2246,794,890,-96,-15
3518,43615,6,2082,2031,2790,3037,3223,1868,1645,2266,1042,879,163,24
3519,43616,0,2031,2034,2841,3034,3274,1865,1594,2269,1079,1059,20,3
3520,43616,2,2028,2043,2838,3043,3271,1874,1591,2278,1043,1043,0,0
3521,43616,4,2035,2036,2831,3050,1,1867,1584,2285,891,779,112,17
3522,43616,6,2020,2017,2816,3031,16,1886,1599,2304,803,834,-31,-5
3523,43617,0,2022,2005,2814,3043,14,1898,1601,2292,822,803,19,2
3524,43617,2,2016,2007,2808,3045,8,1900,1595,2294,778,619,159,24
3525,43617,3,2040,2031,2784,3021,32,1924,1571,2270,834,827,7,1
3526,43617,5,2043,2036,2789,3024,27,1921,1568,2265,782,814,-32,-5
3527,43618,0,2058,2041,2784,3009,12,1916,1573,2280,883,846,37,5
3528,43618,2,2052,2057,2778,3025,6,1932,1567,2296,614,826,-212,-33
3529,43618,3,2085,2090,2745,2992,39,1965,1534,2263,891,771,120,18
3530,43618,5,2101,2070,2725,3008,59,1949,1518,2283,835,823,12,1
3531,43618,7,2106,2073,2722,3003,54,1946,1521,2288,631,610,21,3
3532,43619,1,2100,2073,2722,2997,54,1940,1515,2288,831,854,-23,-4
3533,43619,3,2093,2074,2721,3004,47,1941,1514,2295,874,842,32,4
3534,43619,4,2089,2078,2725,3000,43,1945,1518,2291,790,818,-28,-5
3535,43620,0,2092,2069,2724,2987,40,1954,1519,2304,775,783,-8,-2
3536,43620,2,2100,2057,2732,2975,48,1942,1527,2292,1042,838,204,31
3537,43620,4,2065,2030,2767,3002,13,1915,1562,2319,794,834,-40,-7
3538,43620,6,2075,2034,2777,3006,3,1911,1552,2315,783,822,-39,-6
3539,43621,0,2069,2028,2783,3012,9,1917,1546,2309,794,795,-1,-1
3540,43621,1,2070,2029,2784,3013,10,1918,1547,2310,815,819,-4,-1
3541,43621,3,2067,2028,2785,3016,7,1917,1548,2313,835,826,9,1
3542,43621,5,2063,2026,2783,3012,9,1921,1552,2315,811,779,32,4
3543,43622,0,2029,2066,2809,2980,43,1881,1526,2347,1030,895,135,20
3544,43622,1,2049,2086,2829,3000,63,1901,1546,2367,862,874,-12,-2
3545,43622,3,2048,2081,2834,3001,62,1896,1551,2368,890,886,4,0
3546,43622,5,2053,2086,2839,3006,57,1891,1546,2363,874,1047,-173,-27
3547,43622,7,2059,2146,2779,3000,51,1831,1606,2369,830,879,-49,-8
3548,43623,1,2074,2145,2778,3015,50,1846,1621,2368,1066,1047,19,2
3549,43623,2,2076,2143,2780,3013,52,1844,1623,2366,1054,883,171,26
3550,43623,4,2097,2174,2759,2982,73,1875,1602,2335,819,830,-11,-2
3551,43623,7,2081,2158,2771,2994,89,1891,1590,2323,786,890,-104,-16
3552,43624,1,2063,2172,2785,2976,103,1873,1572,2337,886,891,-5,-1
3553,43624,2,2064,2171,2786,2975,104,1872,1573,2336,858,867,-9,-2
3554,43624,4,2069,2170,2781,2976,109,1871,1568,2337,834,823,11,1
3555,43624,6,2071,2166,2783,2972,107,1875,1566,2341,866,814,52,7
3556,43625,0,2076,2175,2778,2963,102,1866,1571,2350,786,630,156,23
3557,43625,2,2076,2129,2778,2917,102,1820,1571,2304,595,599,-4,-1
3558,43625,4,2075,2128,2779,2918,101,1819,1572,2305,622,626,-4,-1
3559,43625,6,2080,2121,2784,2911,96,1826,1567,2312,806,826,-20,-4
3560,43626,0,2084,2125,2780,2907,92,1822,1571,2316,835,847,-12,-2
3561,43626,2,2077,2128,2773,2910,85,1825,1564,2319,866,838,28,4
3562,43626,4,2070,2127,2780,2911,78,1824,1571,2320,886,802,84,12
3563,43626,6,2056,2117,2766,2901,92,1834,1585,2330,862,847,15,2
3564,43627,0,2063,2114,2759,2904,85,1837,1592,2327,842,798,44,6
3565,43627,2,2052,2113,2748,2903,74,1836,1581,2326,607,603,4,0
3566,43627,3,2052,2113,2748,2903,74,1836,1581,2326,610,602,8,1
3567,43627,6,2028,2093,2726,2881,96,1858,1605,2346,806,846,-40,-7
3568,43628,0,2035,2100,2719,2874,89,1851,1612,2353,859,847,12,1
3569,43628,1,2036,2101,2720,2875,90,1852,1613,2354,858,770,88,13
3570,43628,3,2035,2126,2695,2876,89,1877,1588,2355,1058,1066,-8,-2
3571,43628,5,2033,2128,2697,2874,87,1879,1590,2353,867,830,37,5
3572,43628,7,2041,2126,2699,2866,79,1881,1588,2361,803,847,-44,-7
3573,43629,1,2060,2131,2704,2885,84,1900,1607,2366,823,886,-63,-10
3574,43629,3,2045,2136,2699,2900,69,1905,1602,2381,895,782,113,17
3575,43629,5,2026,2151,2714,2881,54,1924,1621,2366,878,863,15,2
3576,43629,7,2009,2138,2727,2898,71,1937,1608,2349,795,782,13,1
3577,43630,1,2007,2134,2723,2896,67,1935,1606,2345,790,891,-101,-16
3578,43630,2,2023,2118,2739,2880,83,1919,1622,2329,786,802,-16,-3
3579,43630,4,2025,2122,2737,2876,85,1923,1620,2325,786,790,-4,-1
3580,43630,6,2023,2126,2735,2880,87,1919,1622,2321,795,803,-8,-2
3581,43631,0,2020,2125,2738,2881,90,1920,1619,2320,818,782,36,5
3582,43631,2,1996,2139,2714,2895,66,1934,1595,2334,878,879,-1,-1
3583,43631,4,1991,2142,2719,2892,61,1937,1600,2331,614,571,43,6
3584,43631,6,2004,2141,2732,2891,48,1938,1587,2332,626,826,-200,-31
3585,43632,0,2038,2169,2698,2863,14,1910,1621,2360,858,838,20,3
3586,43632,2,2041,2172,2701,2866,17,1913,1624,2363,798,814,-16,-3
3587,43632,4,2042,2177,2700,2861,18,1918,1623,2358,806,867,-61,-10
3588,43632,5,2052,2187,2710,2871,8,1908,1613,2348,867,799,68,10
3589,43632,7,2063,2178,2719,2860,3274,1917,1604,2359,611,774,-163,-25
3590,43633,1,2063,2128,2669,2860,3224,1917,1604,2309,635,803,-168,-26
3591,43633,4,2034,2147,2646,2893,3195,1936,1581,2342,846,850,-4,-1
3592,43633,5,2033,2146,2645,2892,3196,1937,1582,2343,779,779,0,0
3593,43633,7,2029,2142,2649,2896,3200,1941,1578,2339,579,554,25,3
3594,43634,1,2019,2126,2633,2886,3184,1931,1568,2323,583,567,16,2
3595,43634,3,2016,2127,2632,2889,3181,1932,1567,2326,623,599,24,3
3596,43634,5,2021,2126,2631,2894,3182,1927,1562,2327,570,622,-52,-8
3597,43634,7,2005,2126,2631,2910,3198,1927,1562,2311,583,539,44,6
3598,43635,0,1999,2132,2637,2904,3204,1921,1556,2317,591,615,-24,-4
3599,43635,3,1999,2140,2637,2912,3204,1929,1556,2325,539,587,-48,-8
3600,43635,5,2007,2132,2629,2920,3212,1921,1548,2333,555,530,25,3
3601,43635,7,1996,2127,2634,2931,3223,1926,1543,2322,586,627,-41,-7
3602,43636,0,1989,2134,2641,2924,3230,1919,1536,2329,602,563,39,5
3603,43636,2,1996,2137,2648,2927,3237,1922,1543,2332,603,595,8,1
3604,43636,4,1999,2132,2645,2932,3240,1917,1540,2337,563,542,21,3
3605,43636,6,1995,2130,2641,2930,3244,1919,1544,2339,591,534,57,8
3606,43637,0,2008,2133,2628,2927,3231,1916,1557,2342,578,618,-40,-7
3607,43637,2,1991,2164,2611,2958,3214,1947,1540,2373,603,770,-167,-26
3608,43637,4,1960,2143,2642,2979,3183,1926,1571,2394,599,595,4,0
3609,43637,6,1965,2138,2647,2974,3178,1931,1566,2399,607,595,12,1
3610,43638,0,1968,2133,2644,2979,3175,1936,1569,2394,614,578,36,5
3611,43638,2,1972,2139,2648,2985,3179,1942,1573,2400,530,543,-13,-2
3612,43638,3,1974,2141,2646,2983,3181,1944,1571,2398,358,359,-1,-1
3613,43638,5,1974,2143,2648,2983,3179,1944,1571,2396,518,366,152,23
3614,43638,7,1987,2110,2681,2970,3166,1977,1538,2409,582,558,24,3
3615,43639,2,1991,2110,2691,2964,3176,1971,1542,2409,559,558,1,0
3616,43639,3,1991,2110,2691,2964,3176,1971,1542,2409,543,574,-31,-5
3617,43639,5,1996,2105,2686,2969,3181,1966,1537,2414,634,595,39,5
3618,43639,7,1997,2116,2675,2968,3180,1955,1548,2415,619,623,-4,-1
3619,43640,1,1996,2117,2676,2967,3181,1954,1547,2416,626,638,-12,-2
3620,43640,3,2001,2118,2675,2962,3186,1955,1546,2411,638,639,-1,-1
3621,43640,5,1998,2117,2674,2959,3187,1958,1549,2412,582,631,-49,-8
3622,43640,6,1990,2125,2666,2967,3195,1950,1557,2404,583,619,-36,-6
3623,43641,4,1984,2123,2682,2967,3215,1946,1547,2406,582,582,0,0
3624,43641,6,1991,2116,2689,2960,3208,1953,1540,2413,791,783,8,1
3625,43642,0,1993,2112,2687,2964,3206,1957,1542,2409,771,787,-16,-3
3626,43642,2,1968,2131,2662,2983,3181,1976,1517,2428,626,603,23,3
3627,43642,4,1937,2156,2693,2958,3150,2001,1548,2403,638,630,8,1
3628,43642,6,1931,2160,2687,2962,3156,1997,1554,2399,570,595,-25,-4
3629,43643,0,1921,2162,2697,2960,3166,1995,1544,2401,602,559,43,6
3630,43643,1,1915,2156,2691,2954,3160,1989,1538,2395,546,542,4,0
3631,43643,4,1912,2153,2694,2957,3157,1986,1541,2398,771,798,-27,-5
3632,43643,6,1906,2149,2688,2953,3163,1990,1547,2402,775,815,-40,-7
3633,43643,7,1913,2156,2681,2946,3156,1983,1554,2409,639,622,17,2
3634,43644,1,1915,2154,2679,2948,3154,1985,1556,2407,559,518,41,6
3635,43644,3,1925,2176,2657,2938,3164,2007,1534,2397,526,518,8,1
3636,43644,5,1924,2173,2654,2937,3167,2008,1535,2400,551,522,29,4
3637,43644,7,1925,2166,2661,2936,3166,2015,1528,2401,518,371,147,22
3638,43645,1,1928,2213,2708,2939,3213,2018,1531,2448,550,554,-4,-1
3639,43645,4,1934,2211,2700,2943,3219,2016,1523,2452,522,530,-8,-2
3640,43645,6,1929,2212,2695,2944,3224,2015,1528,2451,338,350,-12,-2
3641,43646,0,1907,2238,2717,2918,3246,1989,1506,2477,370,350,20,3
3642,43646,2,1901,2250,2711,2930,3240,2001,1500,2489,259,343,-84,-13
3643,43646,4,1912,2265,2700,2915,3251,2016,1489,2474,375,538,-163,-25
3644,43646,6,1913,2314,2701,2964,3250,1967,1488,2425,371,366,5,0
3645,43646,7,1913,2314,2701,2964,3250,1967,1488,2425,306,342,-36,-6
3646,43647,1,1914,2303,2690,2965,3239,1968,1489,2414,342,339,3,0
3647,43647,4,1885,2322,2719,2946,3210,1987,1518,2395,367,375,-8,-2
3648,43647,5,1883,2320,2717,2944,3212,1989,1520,2397,314,342,-28,-5
3649,43647,7,1891,2318,2719,2936,3204,1991,1518,2405,306,286,20,3
3650,43648,1,1893,2314,2715,2938,3200,1993,1520,2401,330,299,31,4
3651,43648,3,1893,2322,2707,2938,3200,2001,1512,2401,342,311,31,4
3652,43648,5,1898,2319,2704,2943,3203,1996,1507,2404,306,362,-56,-9
3653,43648,7,1890,2329,2694,2951,3211,1986,1517,2396,639,639,0,0
3654,43649,0,1890,2329,2694,2951,3211,1986,1517,2396,534,522,12,1
3655,43649,3,1917,2350,2671,2922,3238,2007,1494,2367,518,554,-36,-6
3656,43649,5,1947,2368,2689,2952,3220,1977,1464,2349,322,343,-21,-4
3657,43649,6,1951,2364,2693,2948,3216,1981,1460,2353,351,378,-27,-5
3658,43650,0,1952,2373,2692,2939,3215,1972,1461,2362,551,367,184,28
3659,43650,2,1983,2398,2723,2964,3246,1997,1492,2387,371,515,-144,-22
3660,43650,4,1976,2449,2730,2913,3239,2048,1499,2336,594,594,0,0
3661,43650,6,1976,2449,2730,2913,3239,2048,1499,2336,527,547,-20,-4
3662,43651,0,1966,2451,2740,2911,3249,2046,1489,2338,543,523,20,3
3663,43651,2,1975,2436,2749,2896,3258,2031,1498,2323,523,599,-76,-12
3664,43651,4,1961,2426,2763,2906,3244,2021,1512,2333,563,595,-32,-5
3665,43651,6,1956,2421,2758,2901,3249,2026,1517,2338,635,619,16,2
3666,43652,0,1957,2416,2757,2906,3248,2031,1518,2333,591,570,21,3
3667,43652,1,1960,2419,2760,2909,3251,2034,1521,2336,583,530,53,8
3668,43652,3,1967,2442,2737,2902,3258,2057,1498,2329,598,610,-12,-2
3669,43652,5,1962,2441,2736,2897,3259,2062,1503,2330,567,582,-15,-3
3670,43652,7,1966,2451,2726,2893,3255,2052,1513,2334,606,607,-1,-1
3671,43653,1,1971,2454,2729,2898,3258,2057,1518,2337,602,630,-28,-5
3672,43653,3,1977,2470,2713,2892,3264,2073,1502,2331,359,319,40,6
3673,43653,5,1967,2472,2715,2882,3262,2083,1512,2329,518,366,152,23
3674,43653,7,1945,2496,2691,2904,7,2059,1536,2307,527,542,-15,-3
3675,43654,1,1942,2499,2694,2901,10,2056,1533,2310,551,530,21,3
3676,43654,2,1939,2502,2691,2904,7,2059,1530,2313,554,546,8,1
3677,43654,4,1938,2501,2692,2905,6,2058,1531,2314,626,611,15,2
3678,43654,6,1936,2499,2690,2903,8,2060,1533,2316,610,615,-5,-1
3679,43655,1,1949,2504,2697,2918,15,2075,1546,2321,570,627,-57,-9
3680,43655,2,1940,2513,2688,2927,6,2084,1537,2330,626,778,-152,-24
3681,43655,4,1910,2495,2718,2945,3253,2066,1567,2348,514,526,-12,-2
3682,43655,6,1905,2496,2713,2946,3258,2065,1572,2347,522,555,-33,-6
3683,43656,0,1911,2502,2707,2940,3252,2059,1578,2353,614,626,-12,-2
3684,43656,2,1911,2498,2707,2936,3252,2055,1578,2349,515,514,1,0
3685,43656,4,1920,2489,2698,2945,3261,2046,1569,2358,591,547,44,6
3686,43656,5,1914,2483,2692,2939,3267,2052,1575,2364,527,534,-7,-2
3687,43657,0,1918,2487,2684,2939,3263,2048,1583,2364,362,523,-161,-25
3688,43657,2,1932,2523,2698,2975,0,2084,1597,2400,634,534,100,15
3689,43657,4,1964,2521,2666,2977,32,2082,1565,2402,635,551,84,12
3690,43657,6,1980,2529,2682,2985,16,2074,1549,2394,602,603,-1,-1
3691,43658,0,1982,2529,2680,2985,14,2074,1551,2394,559,603,-44,-7
3692,43658,2,1998,2499,2696,2955,30,2044,1567,2364,827,835,-8,-2
3693,43658,3,2000,2501,2694,2953,32,2046,1565,2362,850,894,-44,-7
3694,43658,5,1985,2500,2693,2938,33,2061,1580,2363,799,867,-68,-11
3695,43659,0,1980,2511,2676,2949,38,2050,1597,2352,862,839,23,3
3696,43659,2,1983,2502,2679,2940,41,2041,1600,2343,806,807,-1,-1
3697,43659,3,1982,2501,2680,2941,40,2040,1601,2344,779,890,-111,-17
3698,43659,5,2002,2487,2666,2961,54,2020,1581,2358,866,770,96,14
3699,43659,7,1987,2500,2653,2976,69,2007,1594,2343,851,843,8,1
3700,43660,1,1988,2499,2652,2977,68,2008,1595,2342,835,806,29,4
3701,43660,3,1956,2475,2676,3009,36,1984,1619,2374,574,614,-40,-7
3702,43660,5,1946,2479,2680,2999,32,1994,1629,2370,567,534,33,5
3703,43660,7,1945,2468,2691,3000,33,2005,1618,2369,638,595,43,6
3704,43661,1,1940,2475,2698,2995,40,2000,1613,2376,535,543,-8,-2
3705,43661,3,1936,2475,2698,2999,36,2000,1613,2380,631,534,97,14
3706,43661,5,1931,2498,2721,2994,13,2005,1618,2357,566,570,-4,-1
3707,43661,7,1934,2499,2720,2991,10,2004,1619,2360,567,630,-63,-10
3708,43662,0,1924,2509,2730,2981,20,1994,1609,2370,586,622,-36,-6
3709,43662,2,1918,2503,2724,2975,14,1988,1603,2364,775,634,141,21
3710,43662,4,1896,2483,2746,2995,3269,1968,1625,2384,791,635,156,23
3711,43662,7,1866,2455,2728,2979,22,1996,1643,2400,791,883,-92,-15
3712,43663,0,1881,2440,2713,2994,7,2011,1658,2385,795,850,-55,-9
3713,43663,2,1880,2459,2712,3013,6,2030,1657,2404,878,874,4,0
3714,43663,4,1881,2458,2711,3014,7,2029,1656,2405,886,842,44,6
3715,43663,6,1891,2460,2721,3016,3274,2027,1646,2403,878,867,11,1
3716,43664,0,1893,2456,2719,3020,3272,2031,1648,2399,891,863,28,4
3717,43664,1,1897,2460,2723,3024,3276,2035,1652,2403,847,858,-11,-2
3718,43664,3,1896,2455,2728,3025,3275,2030,1657,2404,810,782,28,4
3719,43664,6,1891,2456,2715,3034,11,2021,1662,2403,630,627,3,0
3720,43665,0,1896,2451,2710,3039,6,2026,1667,2398,771,638,133,20
3721,43665,1,1876,2431,2690,3019,3263,2006,1647,2378,775,802,-27,-5
3722,43665,3,1871,2436,2685,3024,3258,2011,1642,2383,607,790,-183,-28
3723,43665,5,1922,2431,2680,3075,3263,1960,1591,2388,599,570,29,4
3724,43665,7,1914,2431,2680,3083,3271,1960,1591,2380,562,535,27,4
3725,43666,1,1901,2410,2659,3070,3250,1947,1578,2359,535,527,8,1
3726,43666,3,1895,2406,2663,3076,3244,1943,1582,2365,559,835,-276,-43
3727,43666,5,1850,2447,2704,3031,3203,1988,1627,2324,806,798,8,1
3728,43666,7,1853,2448,2703,3028,3200,1987,1628,2327,594,602,-8,-2
3729,43667,1,1855,2446,2701,3030,3198,1989,1630,2325,562,574,-12,-2
3730,43667,2,1853,2448,2699,3032,3196,1991,1628,2327,514,634,-120,-19
3731,43667,4,1844,2419,2708,3061,3187,1962,1637,2356,583,554,29,4
3732,43667,6,1850,2421,2714,3063,3181,1960,1631,2354,618,571,47,7
3733,43668,0,1843,2414,2721,3070,3188,1967,1624,2347,591,591,0,0
3734,43668,2,1848,2409,2726,3065,3193,1962,1629,2342,587,579,8,1
3735,43668,4,1845,2410,2729,3064,3190,1963,1632,2341,635,534,101,15
3736,43668,6,1831,2394,2715,3048,3204,1979,1646,2357,571,630,-59,-10
3737,43669,0,1831,2374,2715,3068,3204,1999,1646,2337,630,606,24,3
3738,43669,2,1796,2403,2680,3097,3169,2028,1611,2366,623,603,20,3
3739,43669,4,1800,2405,2676,3095,3173,2030,1607,2364,827,802,25,3
3740,43669,5,1803,2408,2679,3098,3170,2027,1604,2361,855,826,29,4
3741,43669,7,1805,2418,2669,3096,3168,2017,1614,2363,795,878,-83,-13
3742,43670,1,1799,2438,2689,3090,3188,2011,1608,2383,791,790,1,0
3743,43670,4,1798,2387,2690,3141,3187,1960,1609,2434,607,583,24,3
3744,43670,5,1795,2384,2687,3138,3190,1963,1612,2437,563,586,-23,-4
3745,43670,7,1789,2386,2685,3144,3196,1961,1614,2431,566,547,19,2
3746,43671,1,1791,2392,2691,3146,3202,1963,1616,2437,586,523,63,9
3747,43671,3,1811,2394,2689,3126,3222,1965,1614,2417,551,514,37,5
3748,43671,5,1816,2409,2704,3131,3207,1960,1609,2402,550,595,-45,-7
3749,43671,7,1814,2393,2720,3133,3209,1976,1593,2400,634,514,120,18
3750,43672,0,1832,2375,2702,3151,3191,1994,1611,2382,547,579,-32,-5
3751,43672,4,1857,2350,2711,3122,3216,1969,1620,2353,814,794,20,3
3752,43672,7,1853,2352,2703,3120,3220,1967,1628,2355,806,774,32,4
3753,43673,0,1849,2356,2707,3116,3224,1963,1624,2359,834,850,-16,-3
3754,43673,2,1844,2367,2702,3127,3219,1974,1619,2370,871,870,1,0
3755,43673,4,1848,2363,2698,3131,3223,1970,1615,2374,879,890,-11,-2
3756,43673,6,1834,2373,2684,3141,3237,1960,1629,2364,770,879,-109,-17
3757,43674,0,1859,2382,2659,3132,3212,1951,1654,2373,838,806,32,4
3758,43674,2,1861,2388,2661,3138,3214,1957,1656,2379,602,615,-13,-2
3759,43674,4,1836,2417,2686,3109,3189,1986,1681,2350,610,611,-1,-1
3760,43674,6,1838,2417,2688,3109,3187,1986,1679,2350,607,622,-15,-3
3761,43675,0,1830,2419,2696,3107,3195,1984,1671,2352,626,634,-8,-2
3762,43675,1,1832,2421,2698,3109,3197,1986,1673,2354,618,634,-16,-3
3763,43675,3,1827,2422,2697,3114,3192,1987,1672,2359,811,794,17,2
3764,43675,5,1823,2422,2697,3110,3192,1991,1676,2359,794,774,20,3
3765,43675,7,1827,2432,2687,3106,3188,1981,1686,2363,774,838,-64,-10
3766,43676,1,1815,2440,2695,3094,3196,1969,1674,2371,858,823,35,5
3767,43676,3,1784,2419,2716,3125,3165,1948,1695,2402,635,638,-3,-1
3768,43676,5,1808,2445,2742,3149,3139,1924,1671,2376,814,819,-5,-1
3769,43676,7,1811,2450,2737,3146,3136,1919,1676,2379,618,639,-21,-4
3770,43677,1,1790,2421,2708,3125,3107,1898,1655,2350,823,831,-8,-2
3771,43677,3,1791,2426,2703,3124,3108,1903,1650,2349,614,566,48,7
3772,43677,4,1784,2433,2710,3117,3101,1910,1657,2342,595,623,-28,-5
3773,43677,6,1781,2426,2707,3110,3104,1917,1660,2349,630,807,-177,-28
3774,43678,0,1802,2461,2686,3075,3083,1882,1681,2384,802,606,196,29
3775,43678,2,1824,2497,2708,3111,3105,1918,1703,2420,551,554,-3,-1
3776,43678,4,1828,2495,2704,3113,3109,1916,1699,2422,607,547,60,9
3777,43678,6,1815,2490,2691,3108,3122,1921,1712,2427,514,378,136,20
3778,43679,0,1860,2485,2646,3113,3077,1926,1757,2422,579,559,20,3
3779,43679,2,1855,2484,2641,3112,3072,1925,1752,2421,631,627,4,0
3780,43679,4,1856,2483,2640,3113,3073,1924,1751,2422,634,602,32,4
3781,43679,5,1860,2487,2644,3117,3069,1920,1747,2418,638,535,103,15
3782,43679,7,1846,2503,2628,3131,3083,1904,1763,2404,514,523,-9,-2
3783,43680,2,1836,2503,2622,3127,3077,1900,1753,2404,518,638,-120,-19
3784,43680,3,1855,2522,2603,3108,3096,1919,1734,2385,522,566,-44,-7
3785,43680,5,1850,2531,2612,3103,3087,1924,1739,2376,606,630,-24,-4
3786,43680,7,1845,2534,2609,3108,3092,1921,1742,2371,590,623,-33,-6
3787,43681,1,1843,2520,2595,3106,3078,1919,1740,2357,586,614,-28,-5
3788,43681,3,1841,2528,2587,3108,3076,1927,1732,2359,566,551,15,2
3789,43681,5,1824,2515,2574,3091,3089,1944,1749,2372,623,534,89,13
3790,43681,6,1811,2528,2561,3104,3102,1931,1762,2359,535,614,-79,-13
3791,43682,1,1793,2572,2579,3060,3120,1887,1744,2403,810,874,-64,-10
3792,43682,3,1791,2550,2601,3062,3118,1865,1766,2405,803,791,12,1
3793,43682,5,1785,2542,2593,3056,3126,1871,1772,2413,831,823,8,1
3794,43682,6,1786,2541,2594,3055,3125,1872,1771,2414,855,822,33,5
3795,43683,0,1791,2546,2589,3050,3120,1867,1776,2419,862,890,-28,-5
3796,43683,2,1798,2549,2596,3053,3127,1870,1783,2422,859,866,-7,-2
3797,43683,4,1783,2560,2611,3042,3112,1881,1798,2411,806,634,172,26
3798,43683,6,1784,2611,2612,3093,3111,1830,1797,2360,543,551,-8,-2
3799,43684,0,1774,2625,2622,3079,3121,1816,1787,2374,807,810,-3,-1
3800,43684,2,1773,2624,2621,3078,3120,1815,1786,2373,630,595,35,5
3801,43684,4,1775,2612,2619,3090,3122,1803,1784,2385,563,630,-67,-11
3802,43684,6,1789,2620,2633,3098,3108,1795,1770,2377,526,551,-25,-4
3803,43684,7,1785,2616,2637,3102,3112,1799,1766,2373,542,602,-60,-10
3804,43685,1,1817,2628,2649,3134,3124,1831,1798,2385,771,594,177,27
3805,43685,3,1833,2590,2687,3118,3140,1793,1836,2369,783,635,148,22
3806,43685,5,1810,2611,2708,3095,3119,1816,1859,2348,570,547,23,3
3807,43685,7,1809,2616,2703,3096,3120,1811,1864,2347,586,794,-208,-32
3808,43686,1,1801,2672,2759,3088,3176,1803,1856,2403,627,578,49,7
3809,43686,3,1794,2679,2752,3095,3169,1810,1849,2410,790,806,-16,-3
3810,43686,5,1770,2661,2734,3071,3187,1834,1873,2428,626,567,59,9
3811,43686,7,1777,2650,2745,3064,3180,1845,1862,2435,586,571,15,2
3812,43687,1,1772,2649,2744,3059,3179,1840,1857,2434,567,546,21,3
3813,43687,2,1775,2646,2747,3056,3182,1837,1860,2431,619,538,81,12
3814,43687,4,1790,2655,2732,3047,3197,1846,1845,2422,534,550,-16,-3
3815,43687,7,1823,2678,2703,3008,3164,1823,1874,2461,838,799,39,5
3816,43688,1,1829,2674,2699,3014,3160,1829,1880,2457,806,818,-12,-2
3817,43688,3,1827,2668,2705,3016,3158,1823,1886,2459,891,827,64,9
3818,43688,5,1838,2661,2698,3027,3165,1812,1875,2466,838,867,-29,-5
3819,43688,7,1831,2664,2695,3034,3172,1809,1878,2459,818,791,27,4
3820,43689,0,1827,2668,2699,3030,3176,1805,1874,2463,778,799,-21,-4
3821,43689,2,1829,2674,2701,3036,3178,1811,1876,2469,887,862,25,3
3822,43689,4,1832,2677,2698,3033,3181,1814,1873,2466,862,826,36,5
3823,43689,7,1814,2657,2728,3061,3199,1834,1843,2438,787,775,12,1
3824,43690,0,1815,2656,2727,3062,3198,1835,1844,2437,798,795,3,0
3825,43690,2,1817,2654,2729,3060,3200,1833,1846,2435,798,810,-12,-2
3826,43690,4,1817,2658,2729,3056,3200,1837,1846,2431,842,775,67,10
3827,43690,6,1807,2648,2719,3046,3210,1847,1856,2441,822,807,15,2
3828,43691,0,1823,2636,2703,3058,3194,1859,1872,2429,831,810,21,3
3829,43691,2,1821,2632,2701,3054,3192,1855,1870,2425,583,559,24,3
3830,43691,3,1824,2635,2698,3051,3195,1858,1867,2422,567,567,0,0
3831,43691,6,1832,2633,2706,3049,3187,1860,1859,2424,582,598,-16,-3
3832,43692,0,1833,2638,2705,3044,3186,1855,1860,2429,619,807,-188,-29
3833,43692,1,1804,2609,2676,3015,3157,1826,1831,2400,639,819,-180,-28
3834,43692,3,1832,2581,2704,2987,3185,1798,1859,2372,795,831,-36,-6
3835,43692,5,1832,2593,2716,2987,3173,1798,1859,2360,843,826,17,2
3836,43692,7,1830,2587,2722,2989,3175,1804,1853,2358,771,610,161,24
3837,43693,1,1798,2603,2738,2957,3191,1772,1821,2374,542,563,-21,-4
3838,43693,3,1794,2607,2734,2961,3187,1776,1817,2378,598,554,44,6
3839,43693,5,1787,2612,2739,2954,3182,1783,1824,2373,534,554,-20,-4
3840,43693,7,1790,2607,2744,2951,3179,1788,1819,2376,610,803,-193,-30
3841,43694,1,1759,2636,2773,2920,3208,1757,1788,2405,814,811,3,0
3842,43694,3,1767,2644,2765,2912,3216,1765,1780,2397,875,895,-20,-4
3843,43694,4,1763,2648,2769,2908,3212,1769,1784,2393,855,879,-24,-4
3844,43694,6,1767,2652,2773,2912,3208,1765,1780,2389,830,791,39,5
3845,43695,0,1766,2663,2774,2901,3209,1754,1779,2400,794,871,-77,-12
3846,43695,2,1769,2684,2777,2922,3212,1775,1782,2421,827,795,32,4
3847,43695,4,1750,2711,2796,2895,3193,1802,1801,2394,799,811,-12,-2
3848,43695,6,1753,2704,2799,2888,3190,1809,1798,2401,859,822,37,5
3849,43696,0,1748,2699,2804,2893,3195,1814,1793,2396,639,787,-148,-23
3850,43696,2,1729,2672,2785,2866,3176,1787,1774,2369,802,639,163,24
3851,43696,4,1706,2647,2808,2891,3153,1762,1797,2394,638,619,19,2
3852,43696,6,1678,2671,2780,2915,3181,1738,1825,2370,806,802,4,0
3853,43696,7,1678,2671,2780,2915,3181,1738,1825,2370,791,835,-44,-7
3854,43697,1,1687,2666,2775,2924,3176,1747,1834,2365,831,850,-19,-3
3855,43697,7,1704,2683,2766,2911,3149,1736,1841,2384,786,895,-109,-17
3856,43698,0,1687,2700,2783,2894,3166,1719,1824,2401,799,795,4,0
3857,43698,2,1685,2702,2781,2896,3164,1721,1822,2403,850,871,-21,-4
3858,43698,4,1690,2705,2776,2893,3169,1724,1817,2400,771,891,-120,-19
3859,43698,6,1707,2726,2793,2914,3152,1703,1800,2379,846,838,8,1
3860,43699,0,1708,2727,2792,2913,3151,1702,1801,2380,895,798,97,14
3861,43699,1,1694,2713,2778,2899,3137,1688,1787,2366,859,855,4,0
3862,43699,3,1693,2712,2779,2900,3136,1687,1788,2367,866,838,28,4
3863,43699,6,1661,2732,2755,2912,3160,1675,1820,2347,615,627,-12,-2
3864,43700,0,1659,2738,2757,2906,3162,1669,1818,2353,858,883,-25,-4
3865,43700,2,1646,2743,2744,2911,3149,1674,1805,2358,794,882,-88,-14
3866,43700,3,1660,2757,2730,2897,3163,1688,1791,2344,838,1030,-192,-30
3867,43700,5,1629,2786,2759,2866,3134,1719,1822,2315,855,814,41,6
3868,43700,7,1633,2778,2767,2862,3130,1727,1814,2319,850,878,-28,-5
3869,43701,1,1641,2776,2765,2870,3128,1735,1822,2317,779,883,-104,-16
3870,43701,3,1622,2789,2752,2889,3109,1748,1809,2336,798,811,-13,-2
3871,43701,5,1630,2793,2756,2897,3105,1740,1801,2332,883,795,88,13
3872,43701,7,1619,2808,2741,2908,3116,1725,1816,2321,894,790,104,15
3873,43702,1,1626,2785,2718,2915,3093,1732,1823,2298,870,838,32,4
3874,43702,3,1626,2793,2710,2915,3093,1740,1815,2298,811,815,-4,-1
3875,43702,5,1625,2794,2711,2914,3092,1741,1816,2297,879,850,29,4
3876,43702,6,1629,2790,2715,2910,3088,1745,1812,2301,774,858,-84,-13
3877,43703,0,1596,2797,2748,2903,3121,1738,1779,2308,870,850,20,3
3878,43703,2,1593,2794,2745,2900,3118,1735,1776,2305,1042,882,160,24
3879,43703,4,1613,2822,2725,2872,3138,1763,1756,2277,811,798,13,1
3880,43703,7,1620,2821,2728,2867,3131,1764,1753,2282,859,886,-27,-5
3881,43704,1,1614,2825,2732,2861,3135,1758,1747,2286,866,775,91,13
3882,43704,3,1609,2846,2711,2866,3130,1779,1726,2291,1059,1082,-23,-4
3883,43704,4,1605,2850,2715,2862,3126,1783,1730,2287,1079,1098,-19,-3
3884,43704,6,1606,2855,2716,2867,3125,1778,1729,2282,1051,1119,-68,-11
3885,43705,0,1598,2841,2724,2881,3133,1792,1721,2268,1130,1095,35,5
3886,43705,2,1599,2830,2725,2870,3134,1781,1722,2257,831,851,-20,-4
3887,43705,5,1585,2822,2725,2864,3134,1787,1736,2265,842,882,-40,-7
3888,43705,7,1592,2815,2732,2857,3127,1794,1729,2272,854,842,12,1
3889,43706,1,1591,2812,2729,2856,3124,1793,1728,2269,1055,1043,12,1
3890,43706,2,1590,2813,2728,2857,3123,1794,1727,2270,1035,886,149,22
3891,43706,4,1571,2788,2747,2882,3104,1769,1746,2295,827,826,1,0
3892,43706,6,1575,2784,2751,2878,3100,1773,1742,2299,1051,1095,-44,-7
3893,43707,0,1566,2779,2760,2883,3109,1778,1733,2294,1134,1118,16,2
3894,43707,2,1568,2773,2762,2877,3111,1772,1735,2288,1038,1062,-24,-4
3895,43707,4,1566,2767,2764,2883,3109,1766,1737,2294,887,891,-4,-1
3896,43707,6,1566,2765,2764,2881,3109,1768,1737,2296,855,867,-12,-2
3897,43708,0,1565,2770,2765,2876,3110,1763,1736,2301,1090,1127,-37,-6
3898,43708,2,1554,2769,2754,2875,3099,1762,1725,2300,1079,887,192,29
3899,43708,4,1525,2740,2783,2904,3070,1733,1754,2329,850,831,19,2
3900,43708,6,1525,2736,2783,2900,3070,1737,1754,2333,806,826,-20,-4
3901,43708,7,1521,2732,2787,2904,3074,1741,1750,2329,807,875,-68,-11
3902,43709,1,1532,2721,2776,2915,3063,1752,1761,2318,799,799,0,0
3903,43709,4,1527,2728,2781,2908,3058,1759,1766,2311,846,826,20,3
3904,43709,5,1530,2731,2784,2911,3055,1756,1763,2308,846,783,63,9
3905,43709,7,1520,2739,2776,2921,3065,1748,1771,2298,823,778,45,6
3906,43710,1,1526,2733,2770,2927,3059,1754,1777,2292,854,870,-16,-3
3907,43710,3,1537,2738,2765,2916,3070,1759,1772,2281,886,1026,-140,-22
3908,43710,5,1515,2760,2787,2894,3048,1781,1794,2259,1050,882,168,25
3909,43710,7,1507,2702,2845,2902,3056,1839,1736,2251,1099,1054,45,6
3910,43711,0,1501,2708,2851,2896,3062,1833,1730,2257,1062,855,207,31
3911,43711,3,1464,2687,2810,2871,3025,1812,1689,2232,851,859,-8,-2
3912,43711,5,1468,2687,2810,2875,3025,1808,1685,2232,799,819,-20,-4
3913,43711,7,1474,2685,2812,2869,3019,1810,1683,2238,870,846,24,3
3914,43712,0,1477,2682,2809,2872,3016,1813,1686,2235,866,867,-1,-1
3915,43712,2,1477,2680,2809,2870,3016,1811,1686,2233,859,866,-7,-2
3916,43712,4,1477,2684,2809,2866,3016,1815,1686,2229,866,1027,-161,-25
3917,43712,6,1525,2686,2857,2868,2968,1813,1638,2227,814,811,3,0
3918,43713,0,1525,2686,2857,2868,2968,1813,1638,2227,802,894,-92,-15
3919,43713,2,1543,2698,2875,2880,2986,1825,1656,2239,879,858,21,3
3920,43713,4,1548,2699,2870,2879,2991,1826,1651,2238,831,774,57,8
3921,43713,6,1586,2677,2908,2857,2953,1848,1613,2260,1110,1054,56,8
3922,43714,0,1576,2671,2918,2863,2963,1854,1603,2254,1071,1035,36,5
3923,43714,2,1592,2665,2934,2857,2979,1848,1619,2248,1110,1111,-1,-1
3924,43714,3,1593,2666,2933,2856,2980,1849,1618,2247,1134,1122,12,1
3925,43714,5,1598,2669,2936,2861,2977,1844,1613,2244,1146,1099,47,7
3926,43714,7,1596,2653,2952,2863,2979,1860,1597,2242,1034,1127,-93,-15
3927,43715,2,1613,2638,2939,2878,2966,1875,1614,2227,1110,1291,-181,-28
3928,43715,3,1585,2610,2967,2906,2938,1847,1642,2255,1318,1351,-33,-6
3929,43715,5,1593,2606,2963,2914,2942,1839,1634,2259,1070,1095,-25,-4
3930,43715,7,1604,2609,2960,2903,2931,1836,1637,2270,1311,1298,13,1
3931,43716,1,1627,2630,2981,2926,2952,1859,1660,2291,1098,1146,-48,-8
3932,43716,3,1621,2608,3003,2932,2946,1837,1682,2297,1066,1082,-16,-3
3933,43716,5,1623,2616,3011,2934,2938,1835,1680,2289,1134,1311,-177,-28
3934,43716,6,1595,2644,2983,2962,2966,1807,1708,2261,1131,1123,8,1
3935,43717,1,1590,2647,2984,2955,2967,1800,1703,2264,1114,1118,-4,-1
3936,43717,3,1589,2648,2983,2956,2966,1801,1702,2265,1090,1027,63,9
3937,43717,4,1580,2657,2992,2947,2957,1810,1711,2256,1074,1067,7,1
3938,43717,6,1579,2660,2991,2950,2958,1807,1712,2253,1303,1307,-4,-1
3939,43718,0,1578,2663,2992,2947,2959,1804,1711,2256,1146,1131,15,2
3940,43718,2,1585,2660,2999,2944,2966,1801,1718,2253,1131,1147,-16,-3
3941,43718,4,1561,2690,3023,2914,2942,1831,1742,2223,1303,1291,12,1
3942,43718,6,1584,2665,3046,2889,2919,1856,1719,2248,1103,1111,-8,-2
3943,43719,0,1616,2629,3014,2925,2887,1892,1751,2212,1307,1302,5,0
3944,43719,2,1611,2634,3009,2930,2882,1897,1746,2217,1335,1299,36,5
3945,43719,4,1588,2667,3032,2897,2859,1930,1769,2184,1123,1135,-12,-2
3946,43719,6,1599,2652,3043,2882,2848,1945,1758,2199,1047,1114,-67,-11
3947,43720,0,1615,2658,3027,2876,2832,1939,1774,2205,1107,1118,-11,-2
3948,43720,2,1615,2654,3027,2872,2832,1935,1774,2201,1087,1122,-35,-6
3949,43720,4,1622,2659,3020,2867,2839,1940,1767,2196,1083,1055,28,4
3950,43720,6,1611,2662,3009,2870,2850,1937,1778,2193,1138,1335,-197,-31
3951,43721,0,1582,2629,3038,2903,2879,1970,1749,2160,1382,1334,48,7
3952,43721,2,1584,2613,3040,2887,2881,1954,1751,2144,1327,1394,-67,-11
3953,43721,4,1562,2613,3062,2887,2859,1954,1773,2144,1330,1395,-65,-10
3954,43721,5,1552,2603,3052,2877,2869,1964,1783,2154,1351,1350,1,0
3955,43721,7,1561,2612,3043,2868,2860,1955,1792,2163,1358,1327,31,4
3956,43722,1,1576,2619,3050,2883,2867,1970,1807,2170,1402,1402,0,0
3957,43722,3,1576,2619,3050,2883,2867,1970,1807,2170,1335,1327,8,1
3958,43722,5,1576,2617,3048,2883,2869,1970,1807,2172,1395,1286,109,16
3959,43723,1,1598,2599,3070,2881,2859,2000,1797,2186,1302,1403,-101,-16
3960,43723,2,1582,2615,3054,2897,2843,2016,1781,2202,1307,1318,-11,-2
3961,43723,4,1586,2607,3050,2905,2847,2008,1777,2210,1319,1287,32,4
3962,43723,6,1592,2609,3056,2907,2841,2006,1771,2208,1306,1342,-36,-6
3963,43724,0,1604,2609,3044,2907,2829,2006,1783,2208,1315,1355,-40,-7
3964,43724,2,1609,2590,3049,2888,2834,1987,1788,2189,1307,1314,-7,-2
3965,43724,4,1614,2589,3044,2889,2839,1986,1783,2190,1287,1358,-71,-11
3966,43724,5,1625,2600,3055,2900,2828,1975,1772,2179,1539,1570,-31,-5
3967,43725,0,1593,2628,3077,2882,2860,1947,1750,2197,1318,1338,-20,-4
3968,43725,2,1606,2623,3090,2877,2873,1942,1763,2192,1335,1318,17,2
3969,43725,3,1608,2625,3088,2875,2875,1944,1761,2190,1318,1347,-29,-5
3970,43725,5,1614,2621,3084,2881,2879,1938,1755,2194,1302,1406,-104,-16
3971,43725,7,1642,2617,3088,2853,2851,1942,1751,2222,1395,1378,17,2
3972,43726,1,1645,2616,3087,2856,2850,1945,1754,2221,1378,1330,48,7
3973,43726,3,1635,2620,3083,2866,2840,1949,1750,2231,1082,1091,-9,-2
3974,43726,5,1633,2622,3085,2864,2838,1951,1752,2229,1119,1070,49,7
3975,43726,7,1650,2625,3082,2847,2821,1948,1755,2246,1051,1146,-95,-15
3976,43727,1,1663,2608,3065,2860,2804,1961,1768,2229,1143,1099,44,6
3977,43727,3,1669,2602,3071,2854,2810,1955,1774,2223,1102,1062,40,6
3978,43727,5,1662,2607,3076,2847,2805,1962,1781,2218,1102,1115,-13,-2
3979,43727,6,1664,2605,3078,2845,2803,1964,1779,2220,1143,1127,16,2
3980,43728,0,1665,2600,3077,2850,2802,1969,1780,2215,1143,1142,1,0
3981,43728,2,1658,2607,3070,2857,2795,1976,1773,2222,1103,1135,-32,-5
3982,43728,4,1665,2610,3063,2854,2802,1979,1766,2219,1114,1134,-20,-4
3983,43728,7,1680,2605,3076,2847,2787,1984,1753,2226,1031,1135,-104,-16
3984,43729,0,1696,2589,3060,2863,2771,2000,1769,2210,1138,1090,48,7
3985,43729,2,1704,2567,3068,2841,2779,1978,1777,2188,1134,1038,96,14
3986,43729,4,1701,2598,3071,2810,2776,2009,1780,2157,1150,1031,119,18
3987,43729,6,1718,2617,3088,2829,2759,1990,1763,2138,1086,1054,32,4
3988,43730,0,1714,2613,3092,2833,2763,1994,1759,2134,1099,1146,-47,-8
3989,43730,2,1678,2633,3056,2853,2727,2014,1723,2154,1111,1151,-40,-7
3990,43730,3,1685,2640,3049,2846,2734,2021,1716,2147,1299,1131,168,25
3991,43730,6,1691,2642,3005,2898,2778,1969,1710,2145,1287,1119,168,25
3992,43731,0,1726,2657,2970,2883,2743,1954,1745,2160,1339,1286,53,8
3993,43731,2,1694,2673,2938,2899,2711,1970,1713,2176,1375,1366,9,1
3994,43731,3,1695,2674,2937,2898,2712,1971,1712,2175,1375,1310,65,9
3995,43731,5,1690,2687,2950,2893,2699,1976,1717,2162,1351,1346,5,0
3996,43731,7,1686,2683,2954,2897,2703,1980,1713,2158,1398,1334,64,9
3997,43732,1,1699,2678,2949,2910,2698,1993,1726,2153,1294,1295,-1,-1
3998,43732,3,1690,2667,2960,2919,2689,1982,1737,2162,1322,1287,35,5
3999,43732,5,1694,2661,2954,2923,2695,1978,1733,2168,1082,1070,12,1
4000,43732,7,1679,2644,2971,2938,2710,1995,1716,2153,1142,1151,-9,-2
4001,43733,1,1669,2630,2957,2928,2696,1985,1706,2139,1086,1078,8,1
4002,43733,3,1670,2629,2958,2927,2697,1984,1707,2138,1131,1083,48,7
4003,43733,4,1663,2636,2965,2920,2690,1991,1714,2131,1074,1087,-13,-2
4004,43733,6,1665,2630,2967,2914,2688,1997,1712,2137,1094,1087,7,1
4005,43734,0,1664,2629,2968,2915,2689,1998,1711,2136,1051,1142,-91,-14
4006,43734,2,1654,2611,2958,2897,2679,1980,1701,2118,1066,1071,-5,-1
4007,43734,4,1651,2616,2961,2892,2676,1985,1704,2113,1139,1310,-171,-27
4008,43734,7,1682,2651,2980,2915,2645,1950,1685,2090,1119,1290,-171,-27
4009,43735,1,1714,2629,2958,2947,2623,1982,1717,2068,1399,1306,93,14
4010,43735,2,1728,2615,2972,2933,2637,1968,1731,2054,1299,1395,-96,-15
4011,43735,4,1717,2596,2983,2952,2626,1949,1742,2073,1282,1310,-28,-5
4012,43735,6,1706,2597,2972,2953,2637,1948,1753,2072,1290,1314,-24,-4
4013,43736,0,1706,2605,2972,2945,2637,1940,1753,2080,1390,1374,16,2
4014,43736,2,1705,2610,2971,2950,2636,1945,1752,2085,1342,1379,-37,-6
4015,43736,4,1706,2621,2970,2939,2637,1956,1751,2074,1339,1298,41,6
4016,43736,6,1699,2616,2963,2934,2644,1961,1758,2079,1366,1315,51,7
4017,43737,0,1705,2624,2957,2926,2638,1953,1764,2087,1326,1327,-1,-1
4018,43737,2,1710,2621,2962,2923,2643,1950,1769,2084,1358,1362,-4,-1
4019,43737,4,1710,2619,2962,2925,2643,1948,1769,2086,1339,1350,-11,-2
4020,43737,5,1708,2617,2960,2923,2645,1950,1771,2088,1346,1319,27,4
4021,43737,7,1700,2617,2960,2931,2653,1950,1771,2080,1311,1342,-31,-5
4022,43738,1,1685,2612,2955,2916,2648,1935,1756,2075,1395,1542,-147,-23
4023,43738,4,1711,2588,2975,2894,2674,1911,1776,2053,1355,1358,-3,-1
4024,43738,5,1712,2589,2976,2895,2673,1910,1775,2052,1382,1378,4,0
4025,43738,7,1704,2581,2984,2903,2681,1918,1767,2044,1326,1299,27,4
4026,43739,1,1719,2604,3007,2918,2704,1933,1782,2067,1283,1339,-56,-9
4027,43739,3,1716,2619,2992,2921,2701,1948,1767,2070,1315,1302,13,1
4028,43739,5,1717,2622,2995,2922,2698,1947,1766,2067,1294,1383,-89,-14
4029,43739,7,1725,2602,3015,2914,2690,1967,1746,2075,1339,1330,9,1
4030,43740,0,1726,2601,3014,2915,2689,1968,1747,2074,1387,1306,81,12
4031,43740,3,1749,2598,3041,2916,2712,1965,1774,2075,1379,1299,80,12
4032,43740,5,1774,2599,3042,2941,2711,1940,1749,2074,1355,1386,-31,-5
4033,43740,6,1769,2604,3037,2946,2716,1935,1754,2069,1367,1355,12,1
4034,43741,0,1771,2604,3035,2946,2714,1935,1756,2069,1282,1398,-116,-18
4035,43741,2,1789,2622,3053,2964,2732,1953,1774,2087,1387,1399,-12,-2
4036,43741,4,1793,2614,3049,2972,2736,1945,1770,2095,1287,1315,-28,-5
4037,43741,6,1789,2608,3045,2966,2740,1951,1774,2101,1342,1326,16,2
4038,43742,0,1778,2615,3056,2959,2751,1944,1763,2108,1283,1382,-99,-16
4039,43742,2,1773,2588,3051,2932,2746,1917,1758,2081,1394,1323,71,10
4040,43742,4,1744,2597,3080,2923,2717,1926,1787,2072,1407,1286,121,18
4041,43742,6,1718,2587,3054,2913,2743,1936,1813,2082,1355,1355,0,0
4042,43743,0,1728,2577,3044,2923,2733,1946,1823,2072,1318,1147,171,26
4043,43743,1,1702,2551,3018,2897,2707,1920,1797,2046,1283,1291,-8,-2
4044,43743,3,1693,2546,3023,2906,2698,1915,1802,2055,1367,1391,-24,-4
4045,43743,5,1691,2536,3013,2904,2708,1917,1804,2065,1383,1343,40,6
4046,43743,7,1684,2541,3008,2911,2715,1912,1809,2058,1390,1391,-1,-1
4047,43744,1,1678,2537,3004,2905,2711,1906,1803,2054,1299,1294,5,0
4048,43744,3,1663,2522,3019,2920,2696,1891,1818,2069,1395,1407,-12,-2
4049,43744,5,1653,2516,3013,2910,2702,1901,1828,2075,1338,1363,-25,-4
4050,43744,7,1650,2521,3008,2913,2705,1896,1833,2072,1310,1306,4,0
4051,43745,1,1653,2524,3011,2916,2708,1899,1836,2075,1379,1347,32,4
4052,43745,2,1657,2520,3015,2912,2712,1895,1840,2071,1330,1343,-13,-2
4053,43745,4,1661,2512,3011,2920,2716,1887,1836,2079,1378,1363,15,2
4054,43745,6,1658,2519,3008,2927,2719,1880,1839,2072,1311,1298,13,1
4055,43746,1,1665,2512,3003,2936,2714,1889,1846,2065,1291,1382,-91,-14
4056,43746,2,1679,2498,3017,2922,2728,1875,1860,2051,1386,1299,87,13
4057,43746,4,1667,2484,3029,2936,2716,1861,1872,2065,1538,1351,187,28
4058,43746,6,1639,2456,3001,2908,2744,1889,1900,2093,1394,1303,91,13
4059,43747,0,1651,2470,2989,2894,2732,1875,1912,2107,1287,1286,1,0
4060,43747,2,1643,2478,2981,2902,2724,1883,1904,2115,1282,1351,-69,-11
4061,43747,4,1632,2467,2992,2913,2713,1872,1915,2126,1283,1386,-103,-16
4062,43747,5,1616,2451,2976,2897,2729,1888,1931,2142,1403,1327,76,11
4063,43748,0,1630,2491,2940,2879,2715,1848,1967,2160,1566,1543,23,3
4064,43748,2,1624,2503,2934,2891,2709,1860,1961,2172,1403,1359,44,6
4065,43748,3,1618,2497,2940,2897,2703,1854,1967,2178,1335,1339,-4,-1
4066,43748,5,1613,2494,2937,2892,2706,1859,1972,2181,1319,1318,1,0
4067,43748,7,1621,2502,2929,2884,2698,1851,1980,2189,1307,1394,-87,-14
4068,43749,1,1628,2481,2908,2891,2677,1858,1987,2168,1338,1359,-21,-4
4069,43749,3,1637,2498,2891,2882,2686,1875,1970,2159,1386,1342,44,6
4070,43749,5,1629,2502,2895,2874,2682,1883,1978,2155,1383,1283,100,15
4071,43750,3,1626,2469,2874,2935,2669,1892,2027,2114,1043,1035,8,1
4072,43750,5,1628,2469,2874,2937,2669,1890,2025,2114,1078,1078,0,0
4073,43750,6,1628,2469,2874,2937,2669,1890,2025,2114,1094,1106,-12,-2
4074,43751,0,1626,2467,2876,2939,2671,1892,2023,2112,1071,1075,-4,-1
4075,43751,2,1620,2475,2870,2947,2665,1900,2017,2120,1051,1039,12,1
4076,43751,4,1624,2473,2866,2949,2669,1898,2013,2122,1063,1075,-12,-2
4077,43751,6,1631,2462,2873,2938,2662,1909,2006,2133,1083,1115,-32,-5
4078,43752,0,1631,2472,2873,2928,2662,1899,2006,2143,1106,1114,-8,-2
4079,43752,2,1627,2472,2869,2928,2658,1899,2002,2143,1082,1106,-24,-4
4080,43752,4,1629,2478,2867,2922,2660,1905,2000,2137,1114,1102,12,1
4081,43752,6,1620,2485,2858,2929,2669,1898,2009,2130,1123,1086,37,5
4082,43753,0,1624,2491,2854,2923,2665,1892,2013,2136,1094,1070,24,3
4083,43753,1,1621,2488,2851,2920,2662,1889,2010,2133,1103,1067,36,5
4084,43753,3,1629,2486,2853,2912,2670,1887,2012,2125,1067,1055,12,1
4085,43753,5,1630,2489,2856,2913,2667,1886,2011,2122,1055,1091,-36,-6
4086,43753,7,1611,2458,2887,2932,2686,1917,1980,2103,1111,1090,21,3
4087,43754,1,1609,2450,2879,2930,2678,1915,1978,2095,1074,1043,31,4
4088,43754,3,1602,2451,2878,2937,2671,1916,1977,2102,1087,1070,17,2
4089,43754,5,1608,2453,2880,2943,2669,1910,1971,2100,1115,1078,37,5
4090,43754,7,1617,2452,2881,2934,2660,1911,1970,2109,1138,1302,-164,-26
4091,43755,1,1617,2400,2829,2934,2608,1911,1970,2057,1143,1138,5,0
4092,43755,3,1643,2426,2803,2908,2634,1937,1944,2031,1035,1094,-59,-10
4093,43755,4,1653,2416,2793,2918,2644,1927,1934,2041,1079,1150,-71,-11
4094,43755,6,1639,2408,2779,2910,2658,1935,1948,2049,1295,1291,4,0
4095,43756,1,1634,2453,2824,2905,2703,1930,1943,2094,1110,1135,-25,-4
