Packet,Epoch,Hadamard_Row,DAC0,DAC1,DAC2,DAC3,DAC4,DAC5,DAC6,DAC7,J+,J-,Delta_J,Scaled_Update
0,0,1,2048,128,32776,2048,128,32776,0,0,13110,13110,0,0
1,0,2,2048,128,32776,2048,128,32776,0,0,13110,13110,0,0
2,0,3,2048,128,32776,2048,128,32776,0,0,13122,13122,0,0
3,0,4,2048,128,32776,2048,128,32776,0,0,13122,13111,11,0
4,0,5,2048,128,32776,2048,128,32776,0,0,13111,13111,0,0
5,0,6,2048,128,32776,2048,128,32776,0,0,13107,13107,0,0
6,0,7,2048,128,32776,2048,128,32776,0,0,13107,13107,0,0
7,1,0,2048,128,32776,2048,128,32776,0,0,13107,13107,0,0
8,1,2,2048,128,32776,2048,128,32776,0,0,13114,13114,0,0
9,1,3,2048,128,32776,2048,128,32776,0,0,13114,13115,-1,0
10,1,4,2048,128,32776,2048,128,32776,0,0,13115,13115,0,0
11,1,5,2048,128,32776,2048,128,32776,0,0,13102,13102,0,0
12,1,6,2048,128,32776,2048,128,32776,0,0,13102,13106,-4,0
13,1,7,2048,128,32776,2048,128,32776,0,0,13106,13106,0,0
14,2,0,2048,128,32776,2048,128,32776,0,0,13114,13114,0,0
15,2,2,2048,128,32776,2048,128,32776,0,0,13115,13115,0,0
16,2,3,2048,128,32776,2048,128,32776,0,0,13107,13107,0,0
17,2,4,2048,128,32776,2048,128,32776,0,0,13111,13111,0,0
18,2,5,2048,128,32776,2048,128,32776,0,0,13111,13110,1,0
19,2,6,2048,128,32776,2048,128,32776,0,0,13110,13110,0,0
20,2,7,2048,128,32776,2048,128,32776,0,0,13114,13114,0,0
21,3,0,2048,128,32776,2048,128,32776,0,0,13114,13110,4,0
22,3,2,2048,128,32776,2048,128,32776,0,0,13111,13111,0,0
23,3,3,2048,128,32776,2048,128,32776,0,0,13119,13119,0,0
24,3,4,2048,128,32776,2048,128,32776,0,0,13119,13119,0,0
25,3,5,2048,128,32776,2048,128,32776,0,0,13107,13107,0,0
26,3,6,2048,128,32776,2048,128,32776,0,0,13102,13102,0,0
27,3,7,2048,128,32776,2048,128,32776,0,0,13102,13102,0,0
28,4,0,2048,128,32776,2048,128,32776,0,0,13107,13107,0,0
29,4,2,2048,128,32776,2048,128,32776,0,0,13106,13110,-4,0
30,4,3,2048,128,32776,2048,128,32776,0,0,13110,13110,0,0
31,4,4,2048,128,32776,2048,128,32776,0,0,13110,13110,0,0
32,4,5,2048,128,32776,2048,128,32776,0,0,13110,13114,-4,0
33,4,6,2048,128,32776,2048,128,32776,0,0,13114,13114,0,0
34,4,7,2048,128,32776,2048,128,32776,0,0,13111,13111,0,0
35,5,0,2048,128,32776,2048,128,32776,0,0,13115,13115,0,0
36,5,2,2048,128,32776,2048,128,32776,0,0,13114,13114,0,0
37,5,3,2048,128,32776,2048,128,32776,0,0,13111,13111,0,0
38,5,4,2048,128,32776,2048,128,32776,0,0,13111,13118,-7,0
39,5,5,2048,128,32776,2048,128,32776,0,0,13118,13118,0,0
40,5,6,2048,128,32776,2048,128,32776,0,0,13107,13107,0,0
41,5,7,2048,128,32776,2048,128,32776,0,0,13106,13106,0,0
42,6,0,2048,128,32776,2048,128,32776,0,0,13106,13106,0,0
43,6,2,2048,128,32776,2048,128,32776,0,0,13114,13114,0,0
44,6,3,2048,128,32776,2048,128,32776,0,0,13114,13106,8,0
45,6,4,2048,128,32776,2048,128,32776,0,0,13106,13106,0,0
46,6,5,2048,128,32776,2048,128,32776,0,0,13107,13107,0,0
47,6,6,2048,128,32776,2048,128,32776,0,0,13107,13111,-4,0
48,6,7,2048,128,32776,2048,128,32776,0,0,13111,13111,0,0
49,7,0,2048,128,32776,2048,128,32776,0,0,13110,13110,0,0
50,7,2,2048,128,32776,2048,128,32776,0,0,13098,13098,0,0
51,7,3,2048,128,32776,2048,128,32776,0,0,13110,13110,0,0
52,7,4,2048,128,32776,2048,128,32776,0,0,13115,13115,0,0
53,7,5,2048,128,32776,2048,128,32776,0,0,13115,13110,5,0
54,7,6,2048,128,32776,2048,128,32776,0,0,13110,13110,0,0
55,7,7,2048,128,32776,2048,128,32776,0,0,13111,13111,0,0
56,8,0,2048,128,32776,2048,128,32776,0,0,13111,13111,0,0
57,8,2,2048,128,32776,2048,128,32776,0,0,13111,13111,0,0
58,8,3,2048,128,32776,2048,128,32776,0,0,13111,13106,5,0
59,8,4,2048,128,32776,2048,128,32776,0,0,13106,13106,0,0
60,8,5,2048,128,32776,2048,128,32776,0,0,13107,13107,0,0
61,8,6,2048,128,32776,2048,128,32776,0,0,13114,13114,0,0
62,8,7,2048,128,32776,2048,128,32776,0,0,13114,13114,0,0
63,9,0,2048,128,32776,2048,128,32776,0,0,13110,13110,0,0
64,9,2,2048,128,32776,2048,128,32776,0,0,13114,13122,-8,0
65,9,3,2048,128,32776,2048,128,32776,0,0,13122,13122,0,0
66,9,4,2048,128,32776,2048,128,32776,0,0,13115,13115,0,0
67,9,5,2048,128,32776,2048,128,32776,0,0,13115,13118,-3,0
68,9,6,2048,128,32776,2048,128,32776,0,0,13118,13118,0,0
69,9,7,2048,128,32776,2048,128,32776,0,0,13107,13107,0,0
70,10,0,2048,128,32776,2048,128,32776,0,0,13107,13107,0,0
71,10,2,2048,128,32776,2048,128,32776,0,0,13114,13114,0,0
72,10,3,2048,128,32776,2048,128,32776,0,0,13111,13111,0,0
73,10,4,2048,128,32776,2048,128,32776,0,0,13111,13106,5,0
74,10,5,2048,128,32776,2048,128,32776,0,0,13106,13106,0,0
75,10,6,2048,128,32776,2048,128,32776,0,0,13111,13111,0,0
76,10,7,2048,128,32776,2048,128,32776,0,0,13102,13102,0,0
77,11,0,2048,128,32776,2048,128,32776,0,0,13102,13102,0,0
78,11,2,2048,128,32776,2048,128,32776,0,0,13111,13111,0,0
79,11,3,2048,128,32776,2048,128,32776,0,0,13111,13103,8,0
80,11,4,2048,128,32776,2048,128,32776,0,0,13103,13103,0,0
81,11,5,2048,128,32776,2048,128,32776,0,0,13111,13111,0,0
82,11,6,2048,128,32776,2048,128,32776,0,0,13111,13118,-7,0
83,11,7,2048,128,32776,2048,128,32776,0,0,13118,13118,0,0
84,12,0,2048,128,32776,2048,128,32776,0,0,13111,13111,0,0
85,12,2,2048,128,32776,2048,128,32776,0,0,13099,13099,0,0
86,12,3,2048,128,32776,2048,128,32776,0,0,13103,13103,0,0
87,12,4,2048,128,32776,2048,128,32776,0,0,13099,13099,0,0
88,12,5,2048,128,32776,2048,128,32776,0,0,13099,13111,-12,0
89,12,6,2048,128,32776,2048,128,32776,0,0,13111,13111,0,0
90,12,7,2048,128,32776,2048,128,32776,0,0,13114,13114,0,0
91,13,0,2048,128,32776,2048,128,32776,0,0,13114,13110,4,0
92,13,2,2048,128,32776,2048,128,32776,0,0,13114,13114,0,0
93,13,3,2048,128,32776,2048,128,32776,0,0,13106,13106,0,0
94,13,4,2048,128,32776,2048,128,32776,0,0,13106,13106,0,0
95,13,5,2048,128,32776,2048,128,32776,0,0,13111,13111,0,0
96,13,6,2048,128,32776,2048,128,32776,0,0,13111,13111,0,0
97,13,7,2048,128,32776,2048,128,32776,0,0,13111,13111,0,0
98,14,0,2048,128,32776,2048,128,32776,0,0,13107,13107,0,0
99,14,2,2048,128,32776,2048,128,32776,0,0,13110,13107,3,0
100,14,3,2048,128,32776,2048,128,32776,0,0,13107,13107,0,0
101,14,4,2048,128,32776,2048,128,32776,0,0,13102,13102,0,0
102,14,5,2048,128,32776,2048,128,32776,0,0,13102,13115,-13,0
103,14,6,2048,128,32776,2048,128,32776,0,0,13115,13115,0,0
104,14,7,2048,128,32776,2048,128,32776,0,0,13107,13107,0,0
105,15,0,2048,128,32776,2048,128,32776,0,0,13107,13107,0,0
106,15,2,2048,128,32776,2048,128,32776,0,0,13111,13111,0,0
107,15,3,2048,128,32776,2048,128,32776,0,0,13107,13107,0,0
108,15,4,2048,128,32776,2048,128,32776,0,0,13107,13111,-4,0
109,15,5,2048,128,32776,2048,128,32776,0,0,13111,13111,0,0
110,15,6,2048,128,32776,2048,128,32776,0,0,13111,13111,0,0
111,15,7,2048,128,32776,2048,128,32776,0,0,13107,13107,0,0
112,16,0,2048,128,32776,2048,128,32776,0,0,13107,13107,0,0
113,16,2,2048,128,32776,2048,128,32776,0,0,13107,13107,0,0
114,16,3,2048,128,32776,2048,128,32776,0,0,13107,13111,-4,0
115,16,4,2048,128,32776,2048,128,32776,0,0,13111,13111,0,0
116,16,5,2048,128,32776,2048,128,32776,0,0,13106,13106,0,0
117,16,6,2048,128,32776,2048,128,32776,0,0,13106,13111,-5,0
118,16,7,2048,128,32776,2048,128,32776,0,0,13111,13111,0,0
119,17,0,2048,128,32776,2048,128,32776,0,0,13110,13110,0,0
120,17,2,2048,128,32776,2048,128,32776,0,0,13115,13115,0,0
121,17,3,2048,128,32776,2048,128,32776,0,0,13110,13110,0,0
122,17,4,2048,128,32776,2048,128,32776,0,0,13111,13111,0,0
123,17,5,2048,128,32776,2048,128,32776,0,0,13111,13099,12,0
124,17,6,2048,128,32776,2048,128,32776,0,0,13099,13099,0,0
125,17,7,2048,128,32776,2048,128,32776,0,0,13114,13114,0,0
126,18,0,2048,128,32776,2048,128,32776,0,0,13114,13115,-1,0
127,18,2,2048,128,32776,2048,128,32776,0,0,13111,13111,0,0
128,18,3,2048,128,32776,2048,128,32776,0,0,13111,13106,5,0
129,18,4,2048,128,32776,2048,128,32776,0,0,13106,13106,0,0
130,18,5,2048,128,32776,2048,128,32776,0,0,13103,13103,0,0
131,18,6,2048,128,32776,2048,128,32776,0,0,13114,13114,0,0
132,18,7,2048,128,32776,2048,128,32776,0,0,13114,13107,7,0
133,19,0,2048,128,32776,2048,128,32776,0,0,13107,13107,0,0
134,19,2,2048,128,32776,2048,128,32776,0,0,13102,13111,-9,0
135,19,3,2048,128,32776,2048,128,32776,0,0,13111,13111,0,0
136,19,4,2048,128,32776,2048,128,32776,0,0,13110,13110,0,0
137,19,5,2048,128,32776,2048,128,32776,0,0,13110,13107,3,0
138,19,6,2048,128,32776,2048,128,32776,0,0,13107,13107,0,0
139,19,7,2048,128,32776,2048,128,32776,0,0,13115,13115,0,0
140,20,0,2048,128,32776,2048,128,32776,0,0,13114,13114,0,0
141,20,2,2048,128,32776,2048,128,32776,0,0,13114,13114,0,0
142,20,3,2048,128,32776,2048,128,32776,0,0,13107,13107,0,0
143,20,4,2048,128,32776,2048,128,32776,0,0,13107,13106,1,0
144,20,5,2048,128,32776,2048,128,32776,0,0,13106,13106,0,0
145,20,6,2048,128,32776,2048,128,32776,0,0,13111,13111,0,0
146,20,7,2048,128,32776,2048,128,32776,0,0,13111,13110,1,0
147,21,0,2048,128,32776,2048,128,32776,0,0,13110,13110,0,0
148,21,2,2048,128,32776,2048,128,32776,0,0,13114,13114,0,0
149,21,3,2048,128,32776,2048,128,32776,0,0,13114,13111,3,0
150,21,4,2048,128,32776,2048,128,32776,0,0,13111,13111,0,0
151,21,5,2048,128,32776,2048,128,32776,0,0,13106,13106,0,0
152,21,6,2048,128,32776,2048,128,32776,0,0,13106,13115,-9,0
153,21,7,2048,128,32776,2048,128,32776,0,0,13115,13115,0,0
154,22,0,2048,128,32776,2048,128,32776,0,0,13111,13111,0,0
155,22,2,2048,128,32776,2048,128,32776,0,0,13115,13115,0,0
156,22,3,2048,128,32776,2048,128,32776,0,0,13106,13106,0,0
157,22,4,2048,128,32776,2048,128,32776,0,0,13115,13115,0,0
158,22,5,2048,128,32776,2048,128,32776,0,0,13115,13115,0,0
159,22,6,2048,128,32776,2048,128,32776,0,0,13111,13111,0,0
160,22,7,2048,128,32776,2048,128,32776,0,0,13107,13107,0,0
161,23,0,2048,128,32776,2048,128,32776,0,0,13107,13111,-4,0
162,23,2,2048,128,32776,2048,128,32776,0,0,13111,13111,0,0
163,23,3,2048,128,32776,2048,128,32776,0,0,13111,13114,-3,0
164,23,4,2048,128,32776,2048,128,32776,0,0,13114,13114,0,0
165,23,5,2048,128,32776,2048,128,32776,0,0,13111,13111,0,0
166,23,6,2048,128,32776,2048,128,32776,0,0,13111,13111,0,0
167,23,7,2048,128,32776,2048,128,32776,0,0,13111,13111,0,0
168,24,0,2048,128,32776,2048,128,32776,0,0,13114,13114,0,0
169,24,2,2048,128,32776,2048,128,32776,0,0,13115,13110,5,0
170,24,3,2048,128,32776,2048,128,32776,0,0,13110,13110,0,0
171,24,4,2048,128,32776,2048,128,32776,0,0,13103,13103,0,0
172,24,5,2048,128,32776,2048,128,32776,0,0,13103,13107,-4,0
173,24,6,2048,128,32776,2048,128,32776,0,0,13107,13107,0,0
174,24,7,2048,128,32776,2048,128,32776,0,0,13110,13110,0,0
175,25,0,2048,128,32776,2048,128,32776,0,0,13114,13114,0,0
176,25,2,2048,128,32776,2048,128,32776,0,0,13110,13110,0,0
177,25,3,2048,128,32776,2048,128,32776,0,0,13107,13107,0,0
178,25,4,2048,128,32776,2048,128,32776,0,0,13107,13114,-7,0
179,25,5,2048,128,32776,2048,128,32776,0,0,13114,13114,0,0
180,25,6,2048,128,32776,2048,128,32776,0,0,13111,13111,0,0
181,25,7,2048,128,32776,2048,128,32776,0,0,13110,13110,0,0
182,26,0,2048,128,32776,2048,128,32776,0,0,13110,13110,0,0
183,26,2,2048,128,32776,2048,128,32776,0,0,13111,13111,0,0
184,26,3,2048,128,32776,2048,128,32776,0,0,13111,13110,1,0
185,26,4,2048,128,32776,2048,128,32776,0,0,13110,13110,0,0
186,26,5,2048,128,32776,2048,128,32776,0,0,13114,13114,0,0
187,26,6,2048,128,32776,2048,128,32776,0,0,13114,13111,3,0
188,26,7,2048,128,32776,2048,128,32776,0,0,13111,13111,0,0
189,27,0,2048,128,32776,2048,128,32776,0,0,13107,13107,0,0
190,27,2,2048,128,32776,2048,128,32776,0,0,13106,13106,0,0
191,27,3,2048,128,32776,2048,128,32776,0,0,13103,13103,0,0
192,27,4,2048,128,32776,2048,128,32776,0,0,13099,13099,0,0
193,27,5,2048,128,32776,2048,128,32776,0,0,13099,13099,0,0
194,27,6,2048,128,32776,2048,128,32776,0,0,13114,13114,0,0
195,27,7,2048,128,32776,2048,128,32776,0,0,13115,13115,0,0
196,28,0,2048,128,32776,2048,128,32776,0,0,13115,13110,5,0
197,28,2,2048,128,32776,2048,128,32776,0,0,13102,13102,0,0
198,28,3,2048,128,32776,2048,128,32776,0,0,13102,13107,-5,0
199,28,4,2048,128,32776,2048,128,32776,0,0,13107,13107,0,0
200,28,5,2048,128,32776,2048,128,32776,0,0,13102,13102,0,0
201,28,6,2048,128,32776,2048,128,32776,0,0,13114,13114,0,0
202,28,7,2048,128,32776,2048,128,32776,0,0,13114,13114,0,0
203,29,0,2048,128,32776,2048,128,32776,0,0,13106,13106,0,0
204,29,2,2048,128,32776,2048,128,32776,0,0,13098,13114,-16,0
205,29,3,2048,128,32776,2048,128,32776,0,0,13114,13114,0,0
206,29,4,2048,128,32776,2048,128,32776,0,0,13102,13102,0,0
207,29,5,2048,128,32776,2048,128,32776,0,0,13106,13106,0,0
208,29,6,2048,128,32776,2048,128,32776,0,0,13106,13106,0,0
209,29,7,2048,128,32776,2048,128,32776,0,0,13106,13106,0,0
210,30,0,2048,128,32776,2048,128,32776,0,0,13110,13110,0,0
211,30,2,2048,128,32776,2048,128,32776,0,0,13107,13107,0,0
212,30,3,2048,128,32776,2048,128,32776,0,0,13115,13115,0,0
213,30,4,2048,128,32776,2048,128,32776,0,0,13115,13106,9,0
214,30,5,2048,128,32776,2048,128,32776,0,0,13106,13106,0,0
215,30,6,2048,128,32776,2048,128,32776,0,0,13111,13111,0,0
216,30,7,2048,128,32776,2048,128,32776,0,0,13111,13115,-4,0
217,31,0,2048,128,32776,2048,128,32776,0,0,13115,13115,0,0
218,31,2,2048,128,32776,2048,128,32776,0,0,13103,13103,0,0
219,31,3,2048,128,32776,2048,128,32776,0,0,13103,13103,0,0
220,31,4,2048,128,32776,2048,128,32776,0,0,13110,13110,0,0
221,31,5,2048,128,32776,2048,128,32776,0,0,13110,13110,0,0
222,31,6,2048,128,32776,2048,128,32776,0,0,13110,13106,4,0
223,31,7,2048,128,32776,2048,128,32776,0,0,13106,13106,0,0
224,32,0,2048,128,32776,2048,128,32776,0,0,13106,13106,0,0
225,32,2,2048,128,32776,2048,128,32776,0,0,13111,13111,0,0
226,32,3,2048,128,32776,2048,128,32776,0,0,13102,13102,0,0
227,32,4,2048,128,32776,2048,128,32776,0,0,13115,13115,0,0
228,32,5,2048,128,32776,2048,128,32776,0,0,13115,13106,9,0
229,32,6,2048,128,32776,2048,128,32776,0,0,13106,13106,0,0
230,32,7,2048,128,32776,2048,128,32776,0,0,13110,13110,0,0
231,33,0,2048,128,32776,2048,128,32776,0,0,13110,13106,4,0
232,33,2,2048,128,32776,2048,128,32776,0,0,13110,13110,0,0
233,33,3,2048,128,32776,2048,128,32776,0,0,13107,13107,0,0
234,33,4,2048,128,32776,2048,128,32776,0,0,13107,13107,0,0
235,33,5,2048,128,32776,2048,128,32776,0,0,13111,13111,0,0
236,33,6,2048,128,32776,2048,128,32776,0,0,13099,13099,0,0
237,33,7,2048,128,32776,2048,128,32776,0,0,13099,13099,0,0
238,34,0,2048,128,32776,2048,128,32776,0,0,13106,13106,0,0
239,34,2,2048,128,32776,2048,128,32776,0,0,13110,13110,0,0
240,34,3,2048,128,32776,2048,128,32776,0,0,13110,13110,0,0
241,34,4,2048,128,32776,2048,128,32776,0,0,13114,13114,0,0
242,34,5,2048,128,32776,2048,128,32776,0,0,13114,13110,4,0
243,34,6,2048,128,32776,2048,128,32776,0,0,13110,13110,0,0
244,34,7,2048,128,32776,2048,128,32776,0,0,13107,13107,0,0
245,35,0,2048,128,32776,2048,128,32776,0,0,13118,13118,0,0
246,35,2,2048,128,32776,2048,128,32776,0,0,13107,13107,0,0
247,35,3,2048,128,32776,2048,128,32776,0,0,13110,13110,0,0
248,35,4,2048,128,32776,2048,128,32776,0,0,13110,13106,4,0
249,35,5,2048,128,32776,2048,128,32776,0,0,13106,13106,0,0
250,35,6,2048,128,32776,2048,128,32776,0,0,13114,13114,0,0
251,35,7,2048,128,32776,2048,128,32776,0,0,13114,13115,-1,0
252,36,0,2048,128,32776,2048,128,32776,0,0,13115,13115,0,0
253,36,2,2048,128,32776,2048,128,32776,0,0,13106,13106,0,0
254,36,3,2048,128,32776,2048,128,32776,0,0,13106,13107,-1,0
255,36,4,2048,128,32776,2048,128,32776,0,0,13107,13107,0,0
256,36,5,2048,128,32776,2048,128,32776,0,0,13111,13111,0,0
257,36,6,2048,128,32776,2048,128,32776,0,0,13111,13114,-3,0
258,36,7,2048,128,32776,2048,128,32776,0,0,13114,13114,0,0
259,37,0,2048,128,32776,2048,128,32776,0,0,13107,13107,0,0
260,37,2,2048,128,32776,2048,128,32776,0,0,13110,13110,0,0
261,37,3,2048,128,32776,2048,128,32776,0,0,13114,13114,0,0
262,37,4,2048,128,32776,2048,128,32776,0,0,13099,13099,0,0
263,37,5,2048,128,32776,2048,128,32776,0,0,13099,13099,0,0
264,37,6,2048,128,32776,2048,128,32776,0,0,13107,13107,0,0
265,37,7,2048,128,32776,2048,128,32776,0,0,13114,13114,0,0
266,38,0,2048,128,32776,2048,128,32776,0,0,13114,13111,3,0
267,38,2,2048,128,32776,2048,128,32776,0,0,13107,13107,0,0
268,38,3,2048,128,32776,2048,128,32776,0,0,13107,13110,-3,0
269,38,4,2048,128,32776,2048,128,32776,0,0,13110,13110,0,0
270,38,5,2048,128,32776,2048,128,32776,0,0,13115,13115,0,0
271,38,6,2048,128,32776,2048,128,32776,0,0,13102,13102,0,0
272,38,7,2048,128,32776,2048,128,32776,0,0,13102,13114,-12,0
273,39,0,2048,128,32776,2048,128,32776,0,0,13114,13114,0,0
274,39,2,2048,128,32776,2048,128,32776,0,0,13106,13115,-9,0
275,39,3,2048,128,32776,2048,128,32776,0,0,13115,13115,0,0
276,39,4,2048,128,32776,2048,128,32776,0,0,13103,13103,0,0
277,39,5,2048,128,32776,2048,128,32776,0,0,13107,13107,0,0
278,39,6,2048,128,32776,2048,128,32776,0,0,13107,13107,0,0
279,39,7,2048,128,32776,2048,128,32776,0,0,13114,13114,0,0
280,40,0,2048,128,32776,2048,128,32776,0,0,13102,13102,0,0
281,40,2,2048,128,32776,2048,128,32776,0,0,13103,13103,0,0
282,40,3,2048,128,32776,2048,128,32776,0,0,13106,13106,0,0
283,40,4,2048,128,32776,2048,128,32776,0,0,13106,13107,-1,0
284,40,5,2048,128,32776,2048,128,32776,0,0,13107,13107,0,0
285,40,6,2048,128,32776,2048,128,32776,0,0,13110,13110,0,0
286,40,7,2048,128,32776,2048,128,32776,0,0,13110,13111,-1,0
287,41,0,2048,128,32776,2048,128,32776,0,0,13111,13111,0,0
288,41,2,2048,128,32776,2048,128,32776,0,0,13110,13110,0,0
289,41,3,2048,128,32776,2048,128,32776,0,0,13110,13107,3,0
290,41,4,2048,128,32776,2048,128,32776,0,0,13107,13107,0,0
291,41,5,2048,128,32776,2048,128,32776,0,0,13107,13107,0,0
292,41,6,2048,128,32776,2048,128,32776,0,0,13107,13106,1,0
293,41,7,2048,128,32776,2048,128,32776,0,0,13106,13106,0,0
294,42,0,2048,128,32776,2048,128,32776,0,0,13107,13107,0,0
295,42,2,2048,128,32776,2048,128,32776,0,0,13106,13106,0,0
296,42,3,2048,128,32776,2048,128,32776,0,0,13110,13110,0,0
297,42,4,2048,128,32776,2048,128,32776,0,0,13106,13106,0,0
298,42,5,2048,128,32776,2048,128,32776,0,0,13106,13107,-1,0
299,42,6,2048,128,32776,2048,128,32776,0,0,13107,13107,0,0
300,42,7,2048,128,32776,2048,128,32776,0,0,13107,13107,0,0
301,43,0,2048,128,32776,2048,128,32776,0,0,13107,13099,8,0
302,43,2,2048,128,32776,2048,128,32776,0,0,13118,13118,0,0
303,43,3,2048,128,32776,2048,128,32776,0,0,13110,13110,0,0
304,43,4,2048,128,32776,2048,128,32776,0,0,13110,13110,0,0
305,43,5,2048,128,32776,2048,128,32776,0,0,13103,13103,0,0
306,43,6,2048,128,32776,2048,128,32776,0,0,13106,13106,0,0
307,43,7,2048,128,32776,2048,128,32776,0,0,13106,13106,0,0
308,44,0,2048,128,32776,2048,128,32776,0,0,13102,13102,0,0
309,44,2,2048,128,32776,2048,128,32776,0,0,13110,13106,4,0
310,44,3,2048,128,32776,2048,128,32776,0,0,13106,13106,0,0
311,44,4,2048,128,32776,2048,128,32776,0,0,13114,13114,0,0
312,44,5,2048,128,32776,2048,128,32776,0,0,13110,13110,0,0
313,44,6,2048,128,32776,2048,128,32776,0,0,13110,13110,0,0
314,44,7,2048,128,32776,2048,128,32776,0,0,13114,13114,0,0
315,45,0,2048,128,32776,2048,128,32776,0,0,13102,13102,0,0
316,45,2,2048,128,32776,2048,128,32776,0,0,13098,13098,0,0
317,45,3,2048,128,32776,2048,128,32776,0,0,13111,13111,0,0
318,45,4,2048,128,32776,2048,128,32776,0,0,13111,13110,1,0
319,45,5,2048,128,32776,2048,128,32776,0,0,13110,13110,0,0
320,45,6,2048,128,32776,2048,128,32776,0,0,13110,13110,0,0
321,45,7,2048,128,32776,2048,128,32776,0,0,13110,13110,0,0
322,46,0,2048,128,32776,2048,128,32776,0,0,13110,13110,0,0
323,46,2,2048,128,32776,2048,128,32776,0,0,13111,13111,0,0
324,46,3,2048,128,32776,2048,128,32776,0,0,13111,13111,0,0
325,46,4,2048,128,32776,2048,128,32776,0,0,13110,13110,0,0
326,46,5,2048,128,32776,2048,128,32776,0,0,13110,13110,0,0
327,46,6,2048,128,32776,2048,128,32776,0,0,13110,13099,11,0
328,46,7,2048,128,32776,2048,128,32776,0,0,13099,13099,0,0
329,47,0,2048,128,32776,2048,128,32776,0,0,13106,13106,0,0
330,47,2,2048,128,32776,2048,128,32776,0,0,13110,13110,0,0
331,47,3,2048,128,32776,2048,128,32776,0,0,13106,13106,0,0
332,47,4,2048,128,32776,2048,128,32776,0,0,13106,13106,0,0
333,47,5,2048,128,32776,2048,128,32776,0,0,13106,13106,0,0
334,47,6,2048,128,32776,2048,128,32776,0,0,13111,13111,0,0
335,47,7,2048,128,32776,2048,128,32776,0,0,13111,13111,0,0
336,48,0,2048,128,32776,2048,128,32776,0,0,13111,13110,1,0
337,48,2,2048,128,32776,2048,128,32776,0,0,13106,13106,0,0
338,48,3,2048,128,32776,2048,128,32776,0,0,13106,13115,-9,0
339,48,4,2048,128,32776,2048,128,32776,0,0,13115,13115,0,0
340,48,5,2048,128,32776,2048,128,32776,0,0,13099,13099,0,0
341,48,6,2048,128,32776,2048,128,32776,0,0,13107,13107,0,0
342,48,7,2048,128,32776,2048,128,32776,0,0,13107,13107,0,0
343,49,0,2048,128,32776,2048,128,32776,0,0,13106,13106,0,0
344,49,2,2048,128,32776,2048,128,32776,0,0,13115,13099,16,0
345,49,3,2048,128,32776,2048,128,32776,0,0,13099,13099,0,0
346,49,4,2048,128,32776,2048,128,32776,0,0,13106,13106,0,0
347,49,5,2048,128,32776,2048,128,32776,0,0,13106,13111,-5,0
348,49,6,2048,128,32776,2048,128,32776,0,0,13111,13111,0,0
349,49,7,2048,128,32776,2048,128,32776,0,0,13102,13102,0,0
350,50,0,2048,128,32776,2048,128,32776,0,0,13111,13111,0,0
351,50,2,2048,128,32776,2048,128,32776,0,0,13111,13111,0,0
352,50,3,2048,128,32776,2048,128,32776,0,0,13110,13110,0,0
353,50,4,2048,128,32776,2048,128,32776,0,0,13110,13103,7,0
354,50,5,2048,128,32776,2048,128,32776,0,0,13103,13103,0,0
355,50,6,2048,128,32776,2048,128,32776,0,0,13114,13114,0,0
356,50,7,2048,128,32776,2048,128,32776,0,0,13114,13106,8,0
357,51,0,2048,128,32776,2048,128,32776,0,0,13106,13106,0,0
358,51,2,2048,128,32776,2048,128,32776,0,0,13102,13102,0,0
359,51,3,2048,128,32776,2048,128,32776,0,0,13102,13102,0,0
360,51,4,2048,128,32776,2048,128,32776,0,0,13118,13118,0,0
361,51,5,2048,128,32776,2048,128,32776,0,0,13119,13119,0,0
362,51,6,2048,128,32776,2048,128,32776,0,0,13119,13111,8,0
363,51,7,2048,128,32776,2048,128,32776,0,0,13111,13111,0,0
364,52,0,2048,128,32776,2048,128,32776,0,0,13111,13111,0,0
365,52,2,2048,128,32776,2048,128,32776,0,0,13107,13107,0,0
366,52,3,2048,128,32776,2048,128,32776,0,0,13111,13111,0,0
367,52,4,2048,128,32776,2048,128,32776,0,0,13114,13114,0,0
368,52,5,2048,128,32776,2048,128,32776,0,0,13114,13114,0,0
369,52,6,2048,128,32776,2048,128,32776,0,0,13106,13106,0,0
370,52,7,2048,128,32776,2048,128,32776,0,0,13110,13110,0,0
371,53,0,2048,128,32776,2048,128,32776,0,0,13110,13111,-1,0
372,53,2,2048,128,32776,2048,128,32776,0,0,13114,13114,0,0
373,53,3,2048,128,32776,2048,128,32776,0,0,13122,13122,0,0
374,53,4,2048,128,32776,2048,128,32776,0,0,13122,13122,0,0
375,53,5,2048,128,32776,2048,128,32776,0,0,13107,13107,0,0
376,53,6,2048,128,32776,2048,128,32776,0,0,13115,13115,0,0
377,53,7,2048,128,32776,2048,128,32776,0,0,13115,13115,0,0
378,54,0,2048,128,32776,2048,128,32776,0,0,13118,13118,0,0
379,54,2,2048,128,32776,2048,128,32776,0,0,13110,13115,-5,0
380,54,3,2048,128,32776,2048,128,32776,0,0,13115,13115,0,0
381,54,4,2048,128,32776,2048,128,32776,0,0,13106,13106,0,0
382,54,5,2048,128,32776,2048,128,32776,0,0,13106,13106,0,0
383,54,6,2048,128,32776,2048,128,32776,0,0,13106,13106,0,0
384,54,7,2048,128,32776,2048,128,32776,0,0,13111,13111,0,0
385,55,0,2048,128,32776,2048,128,32776,0,0,13119,13119,0,0
386,55,2,2048,128,32776,2048,128,32776,0,0,13110,13110,0,0
387,55,3,2048,128,32776,2048,128,32776,0,0,13106,13106,0,0
388,55,4,2048,128,32776,2048,128,32776,0,0,13106,13110,-4,0
389,55,5,2048,128,32776,2048,128,32776,0,0,13110,13110,0,0
390,55,6,2048,128,32776,2048,128,32776,0,0,13110,13110,0,0
391,55,7,2048,128,32776,2048,128,32776,0,0,13110,13118,-8,0
392,56,0,2048,128,32776,2048,128,32776,0,0,13118,13118,0,0
393,56,2,2048,128,32776,2048,128,32776,0,0,13114,13114,0,0
394,56,3,2048,128,32776,2048,128,32776,0,0,13114,13110,4,0
395,56,4,2048,128,32776,2048,128,32776,0,0,13110,13110,0,0
396,56,5,2048,128,32776,2048,128,32776,0,0,13118,13118,0,0
397,56,6,2048,128,32776,2048,128,32776,0,0,13118,13111,7,0
398,56,7,2048,128,32776,2048,128,32776,0,0,13111,13111,0,0
399,57,0,2048,128,32776,2048,128,32776,0,0,13110,13110,0,0
400,57,2,2048,128,32776,2048,128,32776,0,0,13114,13114,0,0
401,57,3,2048,128,32776,2048,128,32776,0,0,13110,13110,0,0
402,57,4,2048,128,32776,2048,128,32776,0,0,13114,13114,0,0
403,57,5,2048,128,32776,2048,128,32776,0,0,13114,13107,7,0
404,57,6,2048,128,32776,2048,128,32776,0,0,13107,13107,0,0
405,57,7,2048,128,32776,2048,128,32776,0,0,13106,13106,0,0
406,58,0,2048,128,32776,2048,128,32776,0,0,13106,13103,3,0
407,58,2,2048,128,32776,2048,128,32776,0,0,13111,13111,0,0
408,58,3,2048,128,32776,2048,128,32776,0,0,13118,13118,0,0
409,58,4,2048,128,32776,2048,128,32776,0,0,13118,13118,0,0
410,58,5,2048,128,32776,2048,128,32776,0,0,13110,13110,0,0
411,58,6,2048,128,32776,2048,128,32776,0,0,13107,13107,0,0
412,58,7,2048,128,32776,2048,128,32776,0,0,13107,13107,0,0
413,59,0,2048,128,32776,2048,128,32776,0,0,13107,13107,0,0
414,59,2,2048,128,32776,2048,128,32776,0,0,13110,13110,0,0
415,59,3,2048,128,32776,2048,128,32776,0,0,13110,13110,0,0
416,59,4,2048,128,32776,2048,128,32776,0,0,13114,13114,0,0
417,59,5,2048,128,32776,2048,128,32776,0,0,13114,13103,11,0
418,59,6,2048,128,32776,2048,128,32776,0,0,13103,13103,0,0
419,59,7,2048,128,32776,2048,128,32776,0,0,13106,13106,0,0
420,60,0,2048,128,32776,2048,128,32776,0,0,13114,13114,0,0
421,60,2,2048,128,32776,2048,128,32776,0,0,13110,13110,0,0
422,60,3,2048,128,32776,2048,128,32776,0,0,13111,13111,0,0
423,60,4,2048,128,32776,2048,128,32776,0,0,13111,13106,5,0
424,60,5,2048,128,32776,2048,128,32776,0,0,13106,13106,0,0
425,60,6,2048,128,32776,2048,128,32776,0,0,13107,13107,0,0
426,60,7,2048,128,32776,2048,128,32776,0,0,13107,13110,-3,0
427,61,0,2048,128,32776,2048,128,32776,0,0,13110,13110,0,0
428,61,2,2048,128,32776,2048,128,32776,0,0,13107,13107,0,0
429,61,3,2048,128,32776,2048,128,32776,0,0,13107,13103,4,0
430,61,4,2048,128,32776,2048,128,32776,0,0,13103,13103,0,0
431,61,5,2048,128,32776,2048,128,32776,0,0,13110,13110,0,0
432,61,6,2048,128,32776,2048,128,32776,0,0,13110,13107,3,0
433,61,7,2048,128,32776,2048,128,32776,0,0,13107,13107,0,0
434,62,0,2048,128,32776,2048,128,32776,0,0,13111,13111,0,0
435,62,2,2048,128,32776,2048,128,32776,0,0,13122,13122,0,0
436,62,3,2048,128,32776,2048,128,32776,0,0,13111,13111,0,0
437,62,4,2048,128,32776,2048,128,32776,0,0,13110,13110,0,0
438,62,5,2048,128,32776,2048,128,32776,0,0,13110,13103,7,0
439,62,6,2048,128,32776,2048,128,32776,0,0,13103,13103,0,0
440,62,7,2048,128,32776,2048,128,32776,0,0,13111,13111,0,0
441,63,0,2048,128,32776,2048,128,32776,0,0,13111,13111,0,0
442,63,2,2048,128,32776,2048,128,32776,0,0,13127,13127,0,0
443,63,3,2048,128,32776,2048,128,32776,0,0,13127,13107,20,0
444,63,4,2048,128,32776,2048,128,32776,0,0,13107,13107,0,0
445,63,5,2048,128,32776,2048,128,32776,0,0,13103,13103,0,0
446,63,6,2048,128,32776,2048,128,32776,0,0,13110,13110,0,0
447,63,7,2048,128,32776,2048,128,32776,0,0,13110,13110,0,0
448,64,0,2048,128,32776,2048,128,32776,0,0,13106,13106,0,0
449,64,2,2048,128,32776,2048,128,32776,0,0,13110,13106,4,0
450,64,3,2048,128,32776,2048,128,32776,0,0,13106,13106,0,0
451,64,4,2048,128,32776,2048,128,32776,0,0,13106,13106,0,0
452,64,5,2048,128,32776,2048,128,32776,0,0,13106,13111,-5,0
453,64,6,2048,128,32776,2048,128,32776,0,0,13111,13111,0,0
454,64,7,2048,128,32776,2048,128,32776,0,0,13118,13118,0,0
455,65,0,2048,128,32776,2048,128,32776,0,0,13111,13111,0,0
456,65,2,2048,128,32776,2048,128,32776,0,0,13111,13111,0,0
457,65,3,2048,128,32776,2048,128,32776,0,0,13106,13106,0,0
458,65,4,2048,128,32776,2048,128,32776,0,0,13106,13111,-5,0
459,65,5,2048,128,32776,2048,128,32776,0,0,13111,13111,0,0
460,65,6,2048,128,32776,2048,128,32776,0,0,13107,13107,0,0
461,65,7,2048,128,32776,2048,128,32776,0,0,13110,13110,0,0
462,66,0,2048,128,32776,2048,128,32776,0,0,13110,13110,0,0
463,66,2,2048,128,32776,2048,128,32776,0,0,13111,13111,0,0
464,66,3,2048,128,32776,2048,128,32776,0,0,13111,13111,0,0
465,66,4,2048,128,32776,2048,128,32776,0,0,13114,13114,0,0
466,66,5,2048,128,32776,2048,128,32776,0,0,13115,13115,0,0
467,66,6,2048,128,32776,2048,128,32776,0,0,13115,13114,1,0
468,66,7,2048,128,32776,2048,128,32776,0,0,13114,13114,0,0
469,67,0,2048,128,32776,2048,128,32776,0,0,13110,13110,0,0
470,67,2,2048,128,32776,2048,128,32776,0,0,13107,13107,0,0
471,67,3,2048,128,32776,2048,128,32776,0,0,13110,13110,0,0
472,67,4,2048,128,32776,2048,128,32776,0,0,13111,13111,0,0
473,67,5,2048,128,32776,2048,128,32776,0,0,13111,13103,8,0
474,67,6,2048,128,32776,2048,128,32776,0,0,13103,13103,0,0
475,67,7,2048,128,32776,2048,128,32776,0,0,13110,13110,0,0
476,68,0,2048,128,32776,2048,128,32776,0,0,13110,13110,0,0
477,68,2,2048,128,32776,2048,128,32776,0,0,13107,13107,0,0
478,68,3,2048,128,32776,2048,128,32776,0,0,13107,13111,-4,0
479,68,4,2048,128,32776,2048,128,32776,0,0,13111,13111,0,0
480,68,5,2048,128,32776,2048,128,32776,0,0,13111,13111,0,0
481,68,6,2048,128,32776,2048,128,32776,0,0,13111,13111,0,0
482,68,7,2048,128,32776,2048,128,32776,0,0,13111,13111,0,0
483,69,0,2048,128,32776,2048,128,32776,0,0,13107,13107,0,0
484,69,2,2048,128,32776,2048,128,32776,0,0,13115,13115,0,0
485,69,3,2048,128,32776,2048,128,32776,0,0,13115,13115,0,0
486,69,4,2048,128,32776,2048,128,32776,0,0,13103,13103,0,0
487,69,5,2048,128,32776,2048,128,32776,0,0,13114,13114,0,0
488,69,6,2048,128,32776,2048,128,32776,0,0,13114,13114,0,0
489,69,7,2048,128,32776,2048,128,32776,0,0,13115,13115,0,0
490,70,0,2048,128,32776,2048,128,32776,0,0,13110,13110,0,0
491,70,2,2048,128,32776,2048,128,32776,0,0,13115,13115,0,0
492,70,3,2048,128,32776,2048,128,32776,0,0,13107,13107,0,0
493,70,4,2048,128,32776,2048,128,32776,0,0,13107,13110,-3,0
494,70,5,2048,128,32776,2048,128,32776,0,0,13110,13110,0,0
495,70,6,2048,128,32776,2048,128,32776,0,0,13110,13110,0,0
496,70,7,2048,128,32776,2048,128,32776,0,0,13110,13111,-1,0
497,71,0,2048,128,32776,2048,128,32776,0,0,13111,13111,0,0
498,71,2,2048,128,32776,2048,128,32776,0,0,13110,13110,0,0
499,71,3,2048,128,32776,2048,128,32776,0,0,13110,13110,0,0
500,71,4,2048,128,32776,2048,128,32776,0,0,13110,13110,0,0
501,71,5,2048,128,32776,2048,128,32776,0,0,13111,13111,0,0
502,71,6,2048,128,32776,2048,128,32776,0,0,13111,13114,-3,0
503,71,7,2048,128,32776,2048,128,32776,0,0,13114,13114,0,0
504,72,0,2048,128,32776,2048,128,32776,0,0,13106,13106,0,0
505,72,2,2048,128,32776,2048,128,32776,0,0,13114,13114,0,0
506,72,3,2048,128,32776,2048,128,32776,0,0,13103,13103,0,0
507,72,4,2048,128,32776,2048,128,32776,0,0,13107,13107,0,0
508,72,5,2048,128,32776,2048,128,32776,0,0,13107,13107,0,0
509,72,6,2048,128,32776,2048,128,32776,0,0,13111,13111,0,0
510,72,7,2048,128,32776,2048,128,32776,0,0,13110,13110,0,0
511,73,0,2048,128,32776,2048,128,32776,0,0,13110,13110,0,0
512,73,2,2048,128,32776,2048,128,32776,0,0,13107,13107,0,0
513,73,3,2048,128,32776,2048,128,32776,0,0,13106,13106,0,0
514,73,4,2048,128,32776,2048,128,32776,0,0,13106,13106,0,0
515,73,5,2048,128,32776,2048,128,32776,0,0,13114,13114,0,0
516,73,6,2048,128,32776,2048,128,32776,0,0,13114,13114,0,0
517,73,7,2048,128,32776,2048,128,32776,0,0,13114,13114,0,0
518,74,0,2048,128,32776,2048,128,32776,0,0,13107,13107,0,0
519,74,2,2048,128,32776,2048,128,32776,0,0,13115,13110,5,0
520,74,3,2048,128,32776,2048,128,32776,0,0,13110,13110,0,0
521,74,4,2048,128,32776,2048,128,32776,0,0,13114,13114,0,0
522,74,5,2048,128,32776,2048,128,32776,0,0,13114,13111,3,0
523,74,6,2048,128,32776,2048,128,32776,0,0,13111,13111,0,0
524,74,7,2048,128,32776,2048,128,32776,0,0,13110,13110,0,0
525,75,0,2048,128,32776,2048,128,32776,0,0,13106,13106,0,0
526,75,2,2048,128,32776,2048,128,32776,0,0,13110,13110,0,0
527,75,3,2048,128,32776,2048,128,32776,0,0,13099,13099,0,0
528,75,4,2048,128,32776,2048,128,32776,0,0,13099,13107,-8,0
529,75,5,2048,128,32776,2048,128,32776,0,0,13107,13107,0,0
530,75,6,2048,128,32776,2048,128,32776,0,0,13106,13106,0,0
531,75,7,2048,128,32776,2048,128,32776,0,0,13102,13102,0,0
532,76,0,2048,128,32776,2048,128,32776,0,0,13102,13102,0,0
533,76,2,2048,128,32776,2048,128,32776,0,0,13111,13111,0,0
534,76,3,2048,128,32776,2048,128,32776,0,0,13111,13111,0,0
535,76,4,2048,128,32776,2048,128,32776,0,0,13106,13106,0,0
536,76,5,2048,128,32776,2048,128,32776,0,0,13110,13110,0,0
537,76,6,2048,128,32776,2048,128,32776,0,0,13110,13114,-4,0
538,76,7,2048,128,32776,2048,128,32776,0,0,13114,13114,0,0
539,77,0,2048,128,32776,2048,128,32776,0,0,13114,13114,0,0
540,77,2,2048,128,32776,2048,128,32776,0,0,13110,13110,0,0
541,77,3,2048,128,32776,2048,128,32776,0,0,13102,13102,0,0
542,77,4,2048,128,32776,2048,128,32776,0,0,13107,13107,0,0
543,77,5,2048,128,32776,2048,128,32776,0,0,13107,13107,0,0
544,77,6,2048,128,32776,2048,128,32776,0,0,13110,13110,0,0
545,77,7,2048,128,32776,2048,128,32776,0,0,13107,13107,0,0
546,78,0,2048,128,32776,2048,128,32776,0,0,13107,13106,1,0
547,78,2,2048,128,32776,2048,128,32776,0,0,13107,13107,0,0
548,78,3,2048,128,32776,2048,128,32776,0,0,13107,13106,1,0
549,78,4,2048,128,32776,2048,128,32776,0,0,13106,13106,0,0
550,78,5,2048,128,32776,2048,128,32776,0,0,13107,13107,0,0
551,78,6,2048,128,32776,2048,128,32776,0,0,13110,13110,0,0
552,78,7,2048,128,32776,2048,128,32776,0,0,13110,13110,0,0
553,79,0,2048,128,32776,2048,128,32776,0,0,13110,13110,0,0
554,79,2,2048,128,32776,2048,128,32776,0,0,13106,13111,-5,0
555,79,3,2048,128,32776,2048,128,32776,0,0,13111,13111,0,0
556,79,4,2048,128,32776,2048,128,32776,0,0,13111,13111,0,0
557,79,5,2048,128,32776,2048,128,32776,0,0,13111,13106,5,0
558,79,6,2048,128,32776,2048,128,32776,0,0,13106,13106,0,0
559,79,7,2048,128,32776,2048,128,32776,0,0,13111,13111,0,0
560,80,0,2048,128,32776,2048,128,32776,0,0,13103,13103,0,0
561,80,2,2048,128,32776,2048,128,32776,0,0,13114,13114,0,0
562,80,3,2048,128,32776,2048,128,32776,0,0,13115,13115,0,0
563,80,4,2048,128,32776,2048,128,32776,0,0,13115,13111,4,0
564,80,5,2048,128,32776,2048,128,32776,0,0,13111,13111,0,0
565,80,6,2048,128,32776,2048,128,32776,0,0,13110,13110,0,0
566,80,7,2048,128,32776,2048,128,32776,0,0,13110,13107,3,0
567,81,0,2048,128,32776,2048,128,32776,0,0,13107,13107,0,0
568,81,2,2048,128,32776,2048,128,32776,0,0,13106,13106,0,0
569,81,3,2048,128,32776,2048,128,32776,0,0,13106,13106,0,0
570,81,4,2048,128,32776,2048,128,32776,0,0,13103,13103,0,0
571,81,5,2048,128,32776,2048,128,32776,0,0,13106,13106,0,0
572,81,6,2048,128,32776,2048,128,32776,0,0,13106,13115,-9,0
573,81,7,2048,128,32776,2048,128,32776,0,0,13115,13115,0,0
574,82,0,2048,128,32776,2048,128,32776,0,0,13110,13110,0,0
575,82,2,2048,128,32776,2048,128,32776,0,0,13107,13107,0,0
576,82,3,2048,128,32776,2048,128,32776,0,0,13107,13107,0,0
577,82,4,2048,128,32776,2048,128,32776,0,0,13099,13099,0,0
578,82,5,2048,128,32776,2048,128,32776,0,0,13099,13106,-7,0
579,82,6,2048,128,32776,2048,128,32776,0,0,13106,13106,0,0
580,82,7,2048,128,32776,2048,128,32776,0,0,13118,13118,0,0
581,83,0,2048,128,32776,2048,128,32776,0,0,13118,13106,12,0
582,83,2,2048,128,32776,2048,128,32776,0,0,13111,13111,0,0
583,83,3,2048,128,32776,2048,128,32776,0,0,13111,13114,-3,0
584,83,4,2048,128,32776,2048,128,32776,0,0,13114,13114,0,0
585,83,5,2048,128,32776,2048,128,32776,0,0,13106,13106,0,0
586,83,6,2048,128,32776,2048,128,32776,0,0,13111,13111,0,0
587,83,7,2048,128,32776,2048,128,32776,0,0,13111,13111,0,0
588,84,0,2048,128,32776,2048,128,32776,0,0,13110,13110,0,0
589,84,2,2048,128,32776,2048,128,32776,0,0,13114,13111,3,0
590,84,3,2048,128,32776,2048,128,32776,0,0,13111,13111,0,0
591,84,4,2048,128,32776,2048,128,32776,0,0,13110,13110,0,0
592,84,5,2048,128,32776,2048,128,32776,0,0,13111,13111,0,0
593,84,6,2048,128,32776,2048,128,32776,0,0,13111,13111,0,0
594,84,7,2048,128,32776,2048,128,32776,0,0,13114,13114,0,0
595,85,0,2048,128,32776,2048,128,32776,0,0,13111,13111,0,0
596,85,2,2048,128,32776,2048,128,32776,0,0,13106,13106,0,0
597,85,3,2048,128,32776,2048,128,32776,0,0,13110,13110,0,0
598,85,4,2048,128,32776,2048,128,32776,0,0,13110,13110,0,0
599,85,5,2048,128,32776,2048,128,32776,0,0,13110,13110,0,0
600,85,6,2048,128,32776,2048,128,32776,0,0,13103,13103,0,0
601,85,7,2048,128,32776,2048,128,32776,0,0,13103,13103,0,0
602,86,0,2048,128,32776,2048,128,32776,0,0,13103,13103,0,0
603,86,2,2048,128,32776,2048,128,32776,0,0,13111,13111,0,0
604,86,3,2048,128,32776,2048,128,32776,0,0,13111,13111,0,0
605,86,4,2048,128,32776,2048,128,32776,0,0,13110,13110,0,0
606,86,5,2048,128,32776,2048,128,32776,0,0,13106,13106,0,0
607,86,6,2048,128,32776,2048,128,32776,0,0,13106,13110,-4,0
608,86,7,2048,128,32776,2048,128,32776,0,0,13110,13110,0,0
609,87,0,2048,128,32776,2048,128,32776,0,0,13114,13114,0,0
610,87,2,2048,128,32776,2048,128,32776,0,0,13111,13111,0,0
611,87,3,2048,128,32776,2048,128,32776,0,0,13115,13115,0,0
612,87,4,2048,128,32776,2048,128,32776,0,0,13107,13107,0,0
613,87,5,2048,128,32776,2048,128,32776,0,0,13107,13103,4,0
614,87,6,2048,128,32776,2048,128,32776,0,0,13103,13103,0,0
615,87,7,2048,128,32776,2048,128,32776,0,0,13106,13106,0,0
616,88,0,2048,128,32776,2048,128,32776,0,0,13106,13114,-8,0
617,88,2,2048,128,32776,2048,128,32776,0,0,13110,13110,0,0
618,88,3,2048,128,32776,2048,128,32776,0,0,13110,13110,0,0
619,88,4,2048,128,32776,2048,128,32776,0,0,13110,13110,0,0
620,88,5,2048,128,32776,2048,128,32776,0,0,13114,13114,0,0
621,88,6,2048,128,32776,2048,128,32776,0,0,13115,13115,0,0
622,88,7,2048,128,32776,2048,128,32776,0,0,13115,13115,0,0
623,89,0,2048,128,32776,2048,128,32776,0,0,13118,13118,0,0
624,89,2,2048,128,32776,2048,128,32776,0,0,13107,13107,0,0
625,89,3,2048,128,32776,2048,128,32776,0,0,13107,13107,0,0
626,89,4,2048,128,32776,2048,128,32776,0,0,13119,13119,0,0
627,89,5,2048,128,32776,2048,128,32776,0,0,13110,13110,0,0
628,89,6,2048,128,32776,2048,128,32776,0,0,13110,13110,0,0
629,89,7,2048,128,32776,2048,128,32776,0,0,13110,13110,0,0
630,90,0,2048,128,32776,2048,128,32776,0,0,13103,13103,0,0
631,90,2,2048,128,32776,2048,128,32776,0,0,13110,13110,0,0
632,90,3,2048,128,32776,2048,128,32776,0,0,13114,13114,0,0
633,90,4,2048,128,32776,2048,128,32776,0,0,13114,13115,-1,0
634,90,5,2048,128,32776,2048,128,32776,0,0,13115,13115,0,0
635,90,6,2048,128,32776,2048,128,32776,0,0,13107,13107,0,0
636,90,7,2048,128,32776,2048,128,32776,0,0,13107,13107,0,0
637,91,0,2048,128,32776,2048,128,32776,0,0,13107,13107,0,0
638,91,2,2048,128,32776,2048,128,32776,0,0,13114,13114,0,0
639,91,3,2048,128,32776,2048,128,32776,0,0,13114,13110,4,0
640,91,4,2048,128,32776,2048,128,32776,0,0,13110,13110,0,0
641,91,5,2048,128,32776,2048,128,32776,0,0,13111,13111,0,0
642,91,6,2048,128,32776,2048,128,32776,0,0,13111,13111,0,0
643,91,7,2048,128,32776,2048,128,32776,0,0,13111,13111,0,0
644,92,0,2048,128,32776,2048,128,32776,0,0,13119,13119,0,0
645,92,2,2048,128,32776,2048,128,32776,0,0,13114,13114,0,0
646,92,3,2048,128,32776,2048,128,32776,0,0,13110,13110,0,0
647,92,4,2048,128,32776,2048,128,32776,0,0,13119,13119,0,0
648,92,5,2048,128,32776,2048,128,32776,0,0,13119,13119,0,0
649,92,6,2048,128,32776,2048,128,32776,0,0,13114,13114,0,0
650,92,7,2048,128,32776,2048,128,32776,0,0,13111,13111,0,0
651,93,0,2048,128,32776,2048,128,32776,0,0,13111,13118,-7,0
652,93,2,2048,128,32776,2048,128,32776,0,0,13118,13118,0,0
653,93,3,2048,128,32776,2048,128,32776,0,0,13103,13103,0,0
654,93,4,2048,128,32776,2048,128,32776,0,0,13103,13103,0,0
655,93,5,2048,128,32776,2048,128,32776,0,0,13110,13110,0,0
656,93,6,2048,128,32776,2048,128,32776,0,0,13111,13111,0,0
657,93,7,2048,128,32776,2048,128,32776,0,0,13111,13111,0,0
658,94,0,2048,128,32776,2048,128,32776,0,0,13111,13111,0,0
659,94,2,2048,128,32776,2048,128,32776,0,0,13102,13110,-8,0
660,94,3,2048,128,32776,2048,128,32776,0,0,13110,13110,0,0
661,94,4,2048,128,32776,2048,128,32776,0,0,13103,13103,0,0
662,94,5,2048,128,32776,2048,128,32776,0,0,13103,13103,0,0
663,94,6,2048,128,32776,2048,128,32776,0,0,13103,13103,0,0
664,94,7,2048,128,32776,2048,128,32776,0,0,13107,13107,0,0
665,95,0,2048,128,32776,2048,128,32776,0,0,13114,13114,0,0
666,95,2,2048,128,32776,2048,128,32776,0,0,13111,13111,0,0
667,95,3,2048,128,32776,2048,128,32776,0,0,13115,13115,0,0
668,95,4,2048,128,32776,2048,128,32776,0,0,13115,13107,8,0
669,95,5,2048,128,32776,2048,128,32776,0,0,13107,13107,0,0
670,95,6,2048,128,32776,2048,128,32776,0,0,13111,13111,0,0
671,95,7,2048,128,32776,2048,128,32776,0,0,13111,13102,9,0
672,96,0,2048,128,32776,2048,128,32776,0,0,13102,13102,0,0
673,96,2,2048,128,32776,2048,128,32776,0,0,13107,13107,0,0
674,96,3,2048,128,32776,2048,128,32776,0,0,13107,13107,0,0
675,96,4,2048,128,32776,2048,128,32776,0,0,13111,13111,0,0
676,96,5,2048,128,32776,2048,128,32776,0,0,13107,13107,0,0
677,96,6,2048,128,32776,2048,128,32776,0,0,13107,13110,-3,0
678,96,7,2048,128,32776,2048,128,32776,0,0,13110,13110,0,0
679,97,0,2048,128,32776,2048,128,32776,0,0,13106,13106,0,0
680,97,2,2048,128,32776,2048,128,32776,0,0,13106,13106,0,0
681,97,3,2048,128,32776,2048,128,32776,0,0,13107,13107,0,0
682,97,4,2048,128,32776,2048,128,32776,0,0,13106,13106,0,0
683,97,5,2048,128,32776,2048,128,32776,0,0,13106,13114,-8,0
684,97,6,2048,128,32776,2048,128,32776,0,0,13114,13114,0,0
685,97,7,2048,128,32776,2048,128,32776,0,0,13106,13106,0,0
686,98,0,2048,128,32776,2048,128,32776,0,0,13106,13110,-4,0
687,98,2,2048,128,32776,2048,128,32776,0,0,13110,13110,0,0
688,98,3,2048,128,32776,2048,128,32776,0,0,13107,13107,0,0
689,98,4,2048,128,32776,2048,128,32776,0,0,13107,13107,0,0
690,98,5,2048,128,32776,2048,128,32776,0,0,13114,13114,0,0
691,98,6,2048,128,32776,2048,128,32776,0,0,13110,13110,0,0
692,98,7,2048,128,32776,2048,128,32776,0,0,13110,13110,0,0
693,99,0,2048,128,32776,2048,128,32776,0,0,13102,13102,0,0
694,99,2,2048,128,32776,2048,128,32776,0,0,13115,13106,9,0
695,99,3,2048,128,32776,2048,128,32776,0,0,13106,13106,0,0
696,99,4,2048,128,32776,2048,128,32776,0,0,13106,13106,0,0
697,99,5,2048,128,32776,2048,128,32776,0,0,13106,13103,3,0
698,99,6,2048,128,32776,2048,128,32776,0,0,13103,13103,0,0
699,99,7,2048,128,32776,2048,128,32776,0,0,13118,13118,0,0
700,100,0,2048,128,32776,2048,128,32776,0,0,13110,13110,0,0
701,100,2,2048,128,32776,2048,128,32776,0,0,13114,13114,0,0
702,100,3,2048,128,32776,2048,128,32776,0,0,13111,13111,0,0
703,100,4,2048,128,32776,2048,128,32776,0,0,13111,13111,0,0
704,100,5,2048,128,32776,2048,128,32776,0,0,13111,13111,0,0
705,100,6,2048,128,32776,2048,128,32776,0,0,13115,13115,0,0
706,100,7,2048,128,32776,2048,128,32776,0,0,13115,13115,0,0
707,101,0,2048,128,32776,2048,128,32776,0,0,13115,13115,0,0
708,101,2,2048,128,32776,2048,128,32776,0,0,13107,13107,0,0
709,101,3,2048,128,32776,2048,128,32776,0,0,13107,13107,0,0
710,101,4,2048,128,32776,2048,128,32776,0,0,13106,13106,0,0
711,101,5,2048,128,32776,2048,128,32776,0,0,13115,13115,0,0
712,101,6,2048,128,32776,2048,128,32776,0,0,13115,13114,1,0
713,101,7,2048,128,32776,2048,128,32776,0,0,13114,13114,0,0
714,102,0,2048,128,32776,2048,128,32776,0,0,13107,13107,0,0
715,102,2,2048,128,32776,2048,128,32776,0,0,13106,13106,0,0
716,102,3,2048,128,32776,2048,128,32776,0,0,13107,13107,0,0
717,102,4,2048,128,32776,2048,128,32776,0,0,13107,13107,0,0
718,102,5,2048,128,32776,2048,128,32776,0,0,13107,13107,0,0
719,102,6,2048,128,32776,2048,128,32776,0,0,13107,13107,0,0
720,102,7,2048,128,32776,2048,128,32776,0,0,13107,13107,0,0
721,103,0,2048,128,32776,2048,128,32776,0,0,13107,13107,0,0
722,103,2,2048,128,32776,2048,128,32776,0,0,13107,13107,0,0
723,103,3,2048,128,32776,2048,128,32776,0,0,13106,13106,0,0
724,103,4,2048,128,32776,2048,128,32776,0,0,13106,13106,0,0
725,103,5,2048,128,32776,2048,128,32776,0,0,13107,13107,0,0
726,103,6,2048,128,32776,2048,128,32776,0,0,13115,13115,0,0
727,103,7,2048,128,32776,2048,128,32776,0,0,13115,13115,0,0
728,104,0,2048,128,32776,2048,128,32776,0,0,13115,13115,0,0
729,104,2,2048,128,32776,2048,128,32776,0,0,13102,13107,-5,0
730,104,3,2048,128,32776,2048,128,32776,0,0,13107,13107,0,0
731,104,4,2048,128,32776,2048,128,32776,0,0,13110,13110,0,0
732,104,5,2048,128,32776,2048,128,32776,0,0,13110,13110,0,0
733,104,6,2048,128,32776,2048,128,32776,0,0,13110,13110,0,0
734,104,7,2048,128,32776,2048,128,32776,0,0,13110,13110,0,0
735,105,0,2048,128,32776,2048,128,32776,0,0,13107,13107,0,0
736,105,2,2048,128,32776,2048,128,32776,0,0,13111,13111,0,0
737,105,3,2048,128,32776,2048,128,32776,0,0,13118,13118,0,0
738,105,4,2048,128,32776,2048,128,32776,0,0,13118,13111,7,0
739,105,5,2048,128,32776,2048,128,32776,0,0,13111,13111,0,0
740,105,6,2048,128,32776,2048,128,32776,0,0,13114,13114,0,0
741,105,7,2048,128,32776,2048,128,32776,0,0,13102,13102,0,0
742,106,0,2048,128,32776,2048,128,32776,0,0,13102,13102,0,0
743,106,2,2048,128,32776,2048,128,32776,0,0,13103,13103,0,0
744,106,3,2048,128,32776,2048,128,32776,0,0,13103,13103,0,0
745,106,4,2048,128,32776,2048,128,32776,0,0,13107,13107,0,0
746,106,5,2048,128,32776,2048,128,32776,0,0,13110,13110,0,0
747,106,6,2048,128,32776,2048,128,32776,0,0,13110,13115,-5,0
748,106,7,2048,128,32776,2048,128,32776,0,0,13115,13115,0,0
749,107,0,2048,128,32776,2048,128,32776,0,0,13103,13103,0,0
750,107,2,2048,128,32776,2048,128,32776,0,0,13107,13107,0,0
751,107,3,2048,128,32776,2048,128,32776,0,0,13103,13103,0,0
752,107,4,2048,128,32776,2048,128,32776,0,0,13106,13106,0,0
753,107,5,2048,128,32776,2048,128,32776,0,0,13106,13110,-4,0
754,107,6,2048,128,32776,2048,128,32776,0,0,13110,13110,0,0
755,107,7,2048,128,32776,2048,128,32776,0,0,13111,13111,0,0
756,108,0,2048,128,32776,2048,128,32776,0,0,13111,13106,5,0
757,108,2,2048,128,32776,2048,128,32776,0,0,13114,13114,0,0
758,108,3,2048,128,32776,2048,128,32776,0,0,13114,13110,4,0
759,108,4,2048,128,32776,2048,128,32776,0,0,13110,13110,0,0
760,108,5,2048,128,32776,2048,128,32776,0,0,13102,13102,0,0
761,108,6,2048,128,32776,2048,128,32776,0,0,13106,13106,0,0
762,108,7,2048,128,32776,2048,128,32776,0,0,13106,13114,-8,0
763,109,0,2048,128,32776,2048,128,32776,0,0,13114,13114,0,0
764,109,2,2048,128,32776,2048,128,32776,0,0,13114,13114,0,0
765,109,3,2048,128,32776,2048,128,32776,0,0,13114,13114,0,0
766,109,4,2048,128,32776,2048,128,32776,0,0,13114,13114,0,0
767,109,5,2048,128,32776,2048,128,32776,0,0,13114,13107,7,0
768,109,6,2048,128,32776,2048,128,32776,0,0,13107,13107,0,0
769,109,7,2048,128,32776,2048,128,32776,0,0,13107,13107,0,0
770,110,0,2048,128,32776,2048,128,32776,0,0,13114,13114,0,0
771,110,2,2048,128,32776,2048,128,32776,0,0,13107,13107,0,0
772,110,3,2048,128,32776,2048,128,32776,0,0,13110,13110,0,0
773,110,4,2048,128,32776,2048,128,32776,0,0,13110,13102,8,0
774,110,5,2048,128,32776,2048,128,32776,0,0,13102,13102,0,0
775,110,6,2048,128,32776,2048,128,32776,0,0,13118,13118,0,0
776,110,7,2048,128,32776,2048,128,32776,0,0,13118,13111,7,0
777,111,0,2048,128,32776,2048,128,32776,0,0,13111,13111,0,0
778,111,2,2048,128,32776,2048,128,32776,0,0,13110,13110,0,0
779,111,3,2048,128,32776,2048,128,32776,0,0,13110,13111,-1,0
780,111,4,2048,128,32776,2048,128,32776,0,0,13111,13111,0,0
781,111,5,2048,128,32776,2048,128,32776,0,0,13107,13107,0,0
782,111,6,2048,128,32776,2048,128,32776,0,0,13107,13111,-4,0
783,111,7,2048,128,32776,2048,128,32776,0,0,13111,13111,0,0
784,112,0,2048,128,32776,2048,128,32776,0,0,13099,13099,0,0
785,112,2,2048,128,32776,2048,128,32776,0,0,13114,13114,0,0
786,112,3,2048,128,32776,2048,128,32776,0,0,13114,13114,0,0
787,112,4,2048,128,32776,2048,128,32776,0,0,13114,13114,0,0
788,112,5,2048,128,32776,2048,128,32776,0,0,13114,13114,0,0
789,112,6,2048,128,32776,2048,128,32776,0,0,13111,13111,0,0
790,112,7,2048,128,32776,2048,128,32776,0,0,13115,13115,0,0
791,113,0,2048,128,32776,2048,128,32776,0,0,13115,13106,9,0
792,113,2,2048,128,32776,2048,128,32776,0,0,13114,13114,0,0
793,113,3,2048,128,32776,2048,128,32776,0,0,13114,13114,0,0
794,113,4,2048,128,32776,2048,128,32776,0,0,13114,13114,0,0
795,113,5,2048,128,32776,2048,128,32776,0,0,13110,13110,0,0
796,113,6,2048,128,32776,2048,128,32776,0,0,13107,13107,0,0
797,113,7,2048,128,32776,2048,128,32776,0,0,13107,13107,0,0
798,114,0,2048,128,32776,2048,128,32776,0,0,13102,13102,0,0
799,114,2,2048,128,32776,2048,128,32776,0,0,13115,13115,0,0
800,114,3,2048,128,32776,2048,128,32776,0,0,13115,13115,0,0
801,114,4,2048,128,32776,2048,128,32776,0,0,13114,13114,0,0
802,114,5,2048,128,32776,2048,128,32776,0,0,13114,13110,4,0
803,114,6,2048,128,32776,2048,128,32776,0,0,13110,13110,0,0
804,114,7,2048,128,32776,2048,128,32776,0,0,13114,13114,0,0
805,115,0,2048,128,32776,2048,128,32776,0,0,13106,13106,0,0
806,115,2,2048,128,32776,2048,128,32776,0,0,13107,13107,0,0
807,115,3,2048,128,32776,2048,128,32776,0,0,13110,13110,0,0
808,115,4,2048,128,32776,2048,128,32776,0,0,13110,13111,-1,0
809,115,5,2048,128,32776,2048,128,32776,0,0,13111,13111,0,0
810,115,6,2048,128,32776,2048,128,32776,0,0,13110,13110,0,0
811,115,7,2048,128,32776,2048,128,32776,0,0,13110,13114,-4,0
812,116,0,2048,128,32776,2048,128,32776,0,0,13114,13114,0,0
813,116,2,2048,128,32776,2048,128,32776,0,0,13106,13106,0,0
814,116,3,2048,128,32776,2048,128,32776,0,0,13106,13106,0,0
815,116,4,2048,128,32776,2048,128,32776,0,0,13110,13110,0,0
816,116,5,2048,128,32776,2048,128,32776,0,0,13119,13119,0,0
817,116,6,2048,128,32776,2048,128,32776,0,0,13119,13114,5,0
818,116,7,2048,128,32776,2048,128,32776,0,0,13114,13114,0,0
819,117,0,2048,128,32776,2048,128,32776,0,0,13110,13110,0,0
820,117,2,2048,128,32776,2048,128,32776,0,0,13110,13110,0,0
821,117,3,2048,128,32776,2048,128,32776,0,0,13106,13106,0,0
822,117,4,2048,128,32776,2048,128,32776,0,0,13110,13110,0,0
823,117,5,2048,128,32776,2048,128,32776,0,0,13110,13115,-5,0
824,117,6,2048,128,32776,2048,128,32776,0,0,13115,13115,0,0
825,117,7,2048,128,32776,2048,128,32776,0,0,13111,13111,0,0
826,118,0,2048,128,32776,2048,128,32776,0,0,13111,13107,4,0
827,118,2,2048,128,32776,2048,128,32776,0,0,13110,13110,0,0
828,118,3,2048,128,32776,2048,128,32776,0,0,13102,13102,0,0
829,118,4,2048,128,32776,2048,128,32776,0,0,13102,13102,0,0
830,118,5,2048,128,32776,2048,128,32776,0,0,13107,13107,0,0
831,118,6,2048,128,32776,2048,128,32776,0,0,13107,13107,0,0
832,118,7,2048,128,32776,2048,128,32776,0,0,13107,13111,-4,0
833,119,0,2048,128,32776,2048,128,32776,0,0,13111,13111,0,0
834,119,2,2048,128,32776,2048,128,32776,0,0,13103,13107,-4,0
835,119,3,2048,128,32776,2048,128,32776,0,0,13107,13107,0,0
836,119,4,2048,128,32776,2048,128,32776,0,0,13107,13107,0,0
837,119,5,2048,128,32776,2048,128,32776,0,0,13107,13107,0,0
838,119,6,2048,128,32776,2048,128,32776,0,0,13107,13107,0,0
839,119,7,2048,128,32776,2048,128,32776,0,0,13111,13111,0,0
840,120,0,2048,128,32776,2048,128,32776,0,0,13110,13110,0,0
841,120,2,2048,128,32776,2048,128,32776,0,0,13115,13115,0,0
842,120,3,2048,128,32776,2048,128,32776,0,0,13114,13114,0,0
843,120,4,2048,128,32776,2048,128,32776,0,0,13114,13110,4,0
844,120,5,2048,128,32776,2048,128,32776,0,0,13110,13110,0,0
845,120,6,2048,128,32776,2048,128,32776,0,0,13115,13115,0,0
846,120,7,2048,128,32776,2048,128,32776,0,0,13107,13107,0,0
847,121,0,2048,128,32776,2048,128,32776,0,0,13107,13107,0,0
848,121,2,2048,128,32776,2048,128,32776,0,0,13111,13111,0,0
849,121,3,2048,128,32776,2048,128,32776,0,0,13111,13111,0,0
850,121,4,2048,128,32776,2048,128,32776,0,0,13111,13111,0,0
851,121,5,2048,128,32776,2048,128,32776,0,0,13107,13107,0,0
852,121,6,2048,128,32776,2048,128,32776,0,0,13107,13114,-7,0
853,121,7,2048,128,32776,2048,128,32776,0,0,13114,13114,0,0
854,122,0,2048,128,32776,2048,128,32776,0,0,13106,13106,0,0
855,122,2,2048,128,32776,2048,128,32776,0,0,13111,13111,0,0
856,122,3,2048,128,32776,2048,128,32776,0,0,13111,13111,0,0
857,122,4,2048,128,32776,2048,128,32776,0,0,13099,13099,0,0
858,122,5,2048,128,32776,2048,128,32776,0,0,13099,13099,0,0
859,122,6,2048,128,32776,2048,128,32776,0,0,13111,13111,0,0
860,122,7,2048,128,32776,2048,128,32776,0,0,13114,13114,0,0
861,123,0,2048,128,32776,2048,128,32776,0,0,13114,13111,3,0
862,123,2,2048,128,32776,2048,128,32776,0,0,13118,13118,0,0
863,123,3,2048,128,32776,2048,128,32776,0,0,13118,13118,0,0
864,123,4,2048,128,32776,2048,128,32776,0,0,13118,13118,0,0
865,123,5,2048,128,32776,2048,128,32776,0,0,13111,13111,0,0
866,123,6,2048,128,32776,2048,128,32776,0,0,13111,13111,0,0
867,123,7,2048,128,32776,2048,128,32776,0,0,13111,13111,0,0
868,124,0,2048,128,32776,2048,128,32776,0,0,13107,13107,0,0
869,124,2,2048,128,32776,2048,128,32776,0,0,13107,13115,-8,0
870,124,3,2048,128,32776,2048,128,32776,0,0,13115,13115,0,0
871,124,4,2048,128,32776,2048,128,32776,0,0,13107,13107,0,0
872,124,5,2048,128,32776,2048,128,32776,0,0,13107,13106,1,0
873,124,6,2048,128,32776,2048,128,32776,0,0,13106,13106,0,0
874,124,7,2048,128,32776,2048,128,32776,0,0,13111,13111,0,0
875,125,0,2048,128,32776,2048,128,32776,0,0,13111,13111,0,0
876,125,2,2048,128,32776,2048,128,32776,0,0,13115,13115,0,0
877,125,3,2048,128,32776,2048,128,32776,0,0,13111,13111,0,0
878,125,4,2048,128,32776,2048,128,32776,0,0,13111,13110,1,0
879,125,5,2048,128,32776,2048,128,32776,0,0,13110,13110,0,0
880,125,6,2048,128,32776,2048,128,32776,0,0,13110,13110,0,0
881,125,7,2048,128,32776,2048,128,32776,0,0,13110,13115,-5,0
882,126,0,2048,128,32776,2048,128,32776,0,0,13115,13115,0,0
883,126,2,2048,128,32776,2048,128,32776,0,0,13099,13099,0,0
884,126,3,2048,128,32776,2048,128,32776,0,0,13099,13099,0,0
885,126,4,2048,128,32776,2048,128,32776,0,0,13110,13110,0,0
886,126,5,2048,128,32776,2048,128,32776,0,0,13110,13110,0,0
887,126,6,2048,128,32776,2048,128,32776,0,0,13110,13111,-1,0
888,126,7,2048,128,32776,2048,128,32776,0,0,13111,13111,0,0
889,127,0,2048,128,32776,2048,128,32776,0,0,13114,13114,0,0
890,127,2,2048,128,32776,2048,128,32776,0,0,13107,13107,0,0
891,127,3,2048,128,32776,2048,128,32776,0,0,13106,13106,0,0
892,127,4,2048,128,32776,2048,128,32776,0,0,13115,13115,0,0
893,127,5,2048,128,32776,2048,128,32776,0,0,13115,13115,0,0
894,127,6,2048,128,32776,2048,128,32776,0,0,13111,13111,0,0
895,127,7,2048,128,32776,2048,128,32776,0,0,13103,13103,0,0
896,128,0,2048,128,32776,2048,128,32776,0,0,13103,13115,-12,0
897,128,2,2048,128,32776,2048,128,32776,0,0,13115,13115,0,0
898,128,3,2048,128,32776,2048,128,32776,0,0,13115,13099,16,0
899,128,4,2048,128,32776,2048,128,32776,0,0,13099,13099,0,0
900,128,5,2048,128,32776,2048,128,32776,0,0,13106,13106,0,0
901,128,6,2048,128,32776,2048,128,32776,0,0,13111,13111,0,0
902,128,7,2048,128,32776,2048,128,32776,0,0,13111,13111,0,0
903,129,0,2048,128,32776,2048,128,32776,0,0,13115,13115,0,0
904,129,2,2048,128,32776,2048,128,32776,0,0,13110,13111,-1,0
905,129,3,2048,128,32776,2048,128,32776,0,0,13111,13111,0,0
906,129,4,2048,128,32776,2048,128,32776,0,0,13103,13103,0,0
907,129,5,2048,128,32776,2048,128,32776,0,0,13103,13103,0,0
908,129,6,2048,128,32776,2048,128,32776,0,0,13103,13103,0,0
909,129,7,2048,128,32776,2048,128,32776,0,0,13111,13111,0,0
910,130,0,2048,128,32776,2048,128,32776,0,0,13106,13106,0,0
911,130,2,2048,128,32776,2048,128,32776,0,0,13106,13106,0,0
912,130,3,2048,128,32776,2048,128,32776,0,0,13114,13114,0,0
913,130,4,2048,128,32776,2048,128,32776,0,0,13114,13107,7,0
914,130,5,2048,128,32776,2048,128,32776,0,0,13107,13107,0,0
915,130,6,2048,128,32776,2048,128,32776,0,0,13106,13106,0,0
916,130,7,2048,128,32776,2048,128,32776,0,0,13106,13099,7,0
917,131,0,2048,128,32776,2048,128,32776,0,0,13099,13099,0,0
918,131,2,2048,128,32776,2048,128,32776,0,0,13107,13107,0,0
919,131,3,2048,128,32776,2048,128,32776,0,0,13107,13107,0,0
920,131,4,2048,128,32776,2048,128,32776,0,0,13111,13111,0,0
921,131,5,2048,128,32776,2048,128,32776,0,0,13111,13111,0,0
922,131,6,2048,128,32776,2048,128,32776,0,0,13111,13102,9,0
923,131,7,2048,128,32776,2048,128,32776,0,0,13102,13102,0,0
924,132,0,2048,128,32776,2048,128,32776,0,0,13111,13111,0,0
925,132,2,2048,128,32776,2048,128,32776,0,0,13107,13107,0,0
926,132,3,2048,128,32776,2048,128,32776,0,0,13111,13111,0,0
927,132,4,2048,128,32776,2048,128,32776,0,0,13107,13107,0,0
928,132,5,2048,128,32776,2048,128,32776,0,0,13107,13107,0,0
929,132,6,2048,128,32776,2048,128,32776,0,0,13107,13107,0,0
930,132,7,2048,128,32776,2048,128,32776,0,0,13107,13107,0,0
931,133,0,2048,128,32776,2048,128,32776,0,0,13107,13118,-11,0
932,133,2,2048,128,32776,2048,128,32776,0,0,13110,13110,0,0
933,133,3,2048,128,32776,2048,128,32776,0,0,13114,13114,0,0
934,133,4,2048,128,32776,2048,128,32776,0,0,13114,13114,0,0
935,133,5,2048,128,32776,2048,128,32776,0,0,13107,13107,0,0
936,133,6,2048,128,32776,2048,128,32776,0,0,13110,13110,0,0
937,133,7,2048,128,32776,2048,128,32776,0,0,13110,13110,0,0
938,134,0,2048,128,32776,2048,128,32776,0,0,13114,13114,0,0
939,134,2,2048,128,32776,2048,128,32776,0,0,13111,13118,-7,0
940,134,3,2048,128,32776,2048,128,32776,0,0,13118,13118,0,0
941,134,4,2048,128,32776,2048,128,32776,0,0,13106,13106,0,0
942,134,5,2048,128,32776,2048,128,32776,0,0,13106,13107,-1,0
943,134,6,2048,128,32776,2048,128,32776,0,0,13107,13107,0,0
944,134,7,2048,128,32776,2048,128,32776,0,0,13110,13110,0,0
945,135,0,2048,128,32776,2048,128,32776,0,0,13107,13107,0,0
946,135,2,2048,128,32776,2048,128,32776,0,0,13107,13107,0,0
947,135,3,2048,128,32776,2048,128,32776,0,0,13103,13103,0,0
948,135,4,2048,128,32776,2048,128,32776,0,0,13103,13106,-3,0
949,135,5,2048,128,32776,2048,128,32776,0,0,13106,13106,0,0
950,135,6,2048,128,32776,2048,128,32776,0,0,13103,13103,0,0
951,135,7,2048,128,32776,2048,128,32776,0,0,13103,13107,-4,0
952,136,0,2048,128,32776,2048,128,32776,0,0,13107,13107,0,0
953,136,2,2048,128,32776,2048,128,32776,0,0,13111,13111,0,0
954,136,3,2048,128,32776,2048,128,32776,0,0,13111,13111,0,0
955,136,4,2048,128,32776,2048,128,32776,0,0,13110,13110,0,0
956,136,5,2048,128,32776,2048,128,32776,0,0,13114,13114,0,0
957,136,6,2048,128,32776,2048,128,32776,0,0,13114,13110,4,0
958,136,7,2048,128,32776,2048,128,32776,0,0,13110,13110,0,0
959,137,0,2048,128,32776,2048,128,32776,0,0,13106,13106,0,0
960,137,2,2048,128,32776,2048,128,32776,0,0,13115,13115,0,0
961,137,3,2048,128,32776,2048,128,32776,0,0,13110,13110,0,0
962,137,4,2048,128,32776,2048,128,32776,0,0,13106,13106,0,0
963,137,5,2048,128,32776,2048,128,32776,0,0,13106,13106,0,0
964,137,6,2048,128,32776,2048,128,32776,0,0,13107,13107,0,0
965,137,7,2048,128,32776,2048,128,32776,0,0,13110,13110,0,0
966,138,0,2048,128,32776,2048,128,32776,0,0,13110,13106,4,0
967,138,2,2048,128,32776,2048,128,32776,0,0,13118,13118,0,0
968,138,3,2048,128,32776,2048,128,32776,0,0,13111,13111,0,0
969,138,4,2048,128,32776,2048,128,32776,0,0,13111,13111,0,0
970,138,5,2048,128,32776,2048,128,32776,0,0,13106,13106,0,0
971,138,6,2048,128,32776,2048,128,32776,0,0,13119,13119,0,0
972,138,7,2048,128,32776,2048,128,32776,0,0,13119,13119,0,0
973,139,0,2048,128,32776,2048,128,32776,0,0,13110,13110,0,0
974,139,2,2048,128,32776,2048,128,32776,0,0,13110,13110,0,0
975,139,3,2048,128,32776,2048,128,32776,0,0,13110,13110,0,0
976,139,4,2048,128,32776,2048,128,32776,0,0,13106,13106,0,0
977,139,5,2048,128,32776,2048,128,32776,0,0,13111,13111,0,0
978,139,6,2048,128,32776,2048,128,32776,0,0,13111,13111,0,0
979,139,7,2048,128,32776,2048,128,32776,0,0,13114,13114,0,0
980,140,0,2048,128,32776,2048,128,32776,0,0,13111,13111,0,0
981,140,2,2048,128,32776,2048,128,32776,0,0,13114,13114,0,0
982,140,3,2048,128,32776,2048,128,32776,0,0,13110,13110,0,0
983,140,4,2048,128,32776,2048,128,32776,0,0,13110,13110,0,0
984,140,5,2048,128,32776,2048,128,32776,0,0,13110,13110,0,0
985,140,6,2048,128,32776,2048,128,32776,0,0,13102,13102,0,0
986,140,7,2048,128,32776,2048,128,32776,0,0,13102,13110,-8,0
987,141,0,2048,128,32776,2048,128,32776,0,0,13110,13110,0,0
988,141,2,2048,128,32776,2048,128,32776,0,0,13110,13110,0,0
989,141,3,2048,128,32776,2048,128,32776,0,0,13110,13111,-1,0
990,141,4,2048,128,32776,2048,128,32776,0,0,13111,13111,0,0
991,141,5,2048,128,32776,2048,128,32776,0,0,13107,13107,0,0
992,141,6,2048,128,32776,2048,128,32776,0,0,13107,13107,0,0
993,141,7,2048,128,32776,2048,128,32776,0,0,13107,13107,0,0
994,142,0,2048,128,32776,2048,128,32776,0,0,13111,13111,0,0
995,142,2,2048,128,32776,2048,128,32776,0,0,13110,13110,0,0
996,142,3,2048,128,32776,2048,128,32776,0,0,13106,13106,0,0
997,142,4,2048,128,32776,2048,128,32776,0,0,13111,13111,0,0
998,142,5,2048,128,32776,2048,128,32776,0,0,13111,13111,0,0
999,142,6,2048,128,32776,2048,128,32776,0,0,13107,13107,0,0
1000,142,7,2048,128,32776,2048,128,32776,0,0,13114,13114,0,0
1001,143,0,2048,128,32776,2048,128,32776,0,0,13114,13111,3,0
1002,143,2,2048,128,32776,2048,128,32776,0,0,13102,13102,0,0
1003,143,3,2048,128,32776,2048,128,32776,0,0,13106,13106,0,0
1004,143,4,2048,128,32776,2048,128,32776,0,0,13106,13106,0,0
1005,143,5,2048,128,32776,2048,128,32776,0,0,13106,13106,0,0
1006,143,6,2048,128,32776,2048,128,32776,0,0,13111,13111,0,0
1007,143,7,2048,128,32776,2048,128,32776,0,0,13111,13103,8,0
1008,144,0,2048,128,32776,2048,128,32776,0,0,13103,13103,0,0
1009,144,2,2048,128,32776,2048,128,32776,0,0,13107,13102,5,0
1010,144,3,2048,128,32776,2048,128,32776,0,0,13102,13102,0,0
1011,144,4,2048,128,32776,2048,128,32776,0,0,13107,13107,0,0
1012,144,5,2048,128,32776,2048,128,32776,0,0,13107,13110,-3,0
1013,144,6,2048,128,32776,2048,128,32776,0,0,13110,13110,0,0
1014,144,7,2048,128,32776,2048,128,32776,0,0,13115,13115,0,0
1015,145,0,2048,128,32776,2048,128,32776,0,0,13106,13106,0,0
1016,145,2,2048,128,32776,2048,128,32776,0,0,13115,13115,0,0
1017,145,3,2048,128,32776,2048,128,32776,0,0,13110,13110,0,0
1018,145,4,2048,128,32776,2048,128,32776,0,0,13110,13114,-4,0
1019,145,5,2048,128,32776,2048,128,32776,0,0,13114,13114,0,0
1020,145,6,2048,128,32776,2048,128,32776,0,0,13107,13107,0,0
1021,145,7,2048,128,32776,2048,128,32776,0,0,13107,13111,-4,0
1022,146,0,2048,128,32776,2048,128,32776,0,0,13111,13111,0,0
1023,146,2,2048,128,32776,2048,128,32776,0,0,13103,13103,0,0
1024,146,3,2048,128,32776,2048,128,32776,0,0,13103,13110,-7,0
1025,146,4,2048,128,32776,2048,128,32776,0,0,13110,13110,0,0
1026,146,5,2048,128,32776,2048,128,32776,0,0,13111,13111,0,0
1027,146,6,2048,128,32776,2048,128,32776,0,0,13111,13111,0,0
1028,146,7,2048,128,32776,2048,128,32776,0,0,13111,13111,0,0
1029,147,0,2048,128,32776,2048,128,32776,0,0,13110,13110,0,0
1030,147,2,2048,128,32776,2048,128,32776,0,0,13111,13111,0,0
1031,147,3,2048,128,32776,2048,128,32776,0,0,13110,13110,0,0
1032,147,4,2048,128,32776,2048,128,32776,0,0,13103,13103,0,0
1033,147,5,2048,128,32776,2048,128,32776,0,0,13103,13103,0,0
1034,147,6,2048,128,32776,2048,128,32776,0,0,13110,13110,0,0
1035,147,7,2048,128,32776,2048,128,32776,0,0,13119,13119,0,0
1036,148,0,2048,128,32776,2048,128,32776,0,0,13119,13110,9,0
1037,148,2,2048,128,32776,2048,128,32776,0,0,13111,13111,0,0
1038,148,3,2048,128,32776,2048,128,32776,0,0,13111,13115,-4,0
1039,148,4,2048,128,32776,2048,128,32776,0,0,13115,13115,0,0
1040,148,5,2048,128,32776,2048,128,32776,0,0,13115,13115,0,0
1041,148,6,2048,128,32776,2048,128,32776,0,0,13102,13102,0,0
1042,148,7,2048,128,32776,2048,128,32776,0,0,13102,13106,-4,0
1043,149,0,2048,128,32776,2048,128,32776,0,0,13106,13106,0,0
1044,149,2,2048,128,32776,2048,128,32776,0,0,13110,13115,-5,0
1045,149,3,2048,128,32776,2048,128,32776,0,0,13115,13115,0,0
1046,149,4,2048,128,32776,2048,128,32776,0,0,13102,13102,0,0
1047,149,5,2048,128,32776,2048,128,32776,0,0,13102,13111,-9,0
1048,149,6,2048,128,32776,2048,128,32776,0,0,13111,13111,0,0
1049,149,7,2048,128,32776,2048,128,32776,0,0,13103,13103,0,0
1050,150,0,2048,128,32776,2048,128,32776,0,0,13106,13106,0,0
1051,150,2,2048,128,32776,2048,128,32776,0,0,13114,13114,0,0
1052,150,3,2048,128,32776,2048,128,32776,0,0,13106,13106,0,0
1053,150,4,2048,128,32776,2048,128,32776,0,0,13106,13110,-4,0
1054,150,5,2048,128,32776,2048,128,32776,0,0,13110,13110,0,0
1055,150,6,2048,128,32776,2048,128,32776,0,0,13107,13107,0,0
1056,150,7,2048,128,32776,2048,128,32776,0,0,13107,13103,4,0
1057,151,0,2048,128,32776,2048,128,32776,0,0,13103,13103,0,0
1058,151,2,2048,128,32776,2048,128,32776,0,0,13106,13106,0,0
1059,151,3,2048,128,32776,2048,128,32776,0,0,13106,13106,0,0
1060,151,4,2048,128,32776,2048,128,32776,0,0,13106,13106,0,0
1061,151,5,2048,128,32776,2048,128,32776,0,0,13106,13106,0,0
1062,151,6,2048,128,32776,2048,128,32776,0,0,13106,13111,-5,0
1063,151,7,2048,128,32776,2048,128,32776,0,0,13111,13111,0,0
1064,152,0,2048,128,32776,2048,128,32776,0,0,13114,13114,0,0
1065,152,2,2048,128,32776,2048,128,32776,0,0,13115,13115,0,0
1066,152,3,2048,128,32776,2048,128,32776,0,0,13111,13111,0,0
1067,152,4,2048,128,32776,2048,128,32776,0,0,13110,13110,0,0
1068,152,5,2048,128,32776,2048,128,32776,0,0,13110,13107,3,0
1069,152,6,2048,128,32776,2048,128,32776,0,0,13107,13107,0,0
1070,152,7,2048,128,32776,2048,128,32776,0,0,13103,13103,0,0
1071,153,0,2048,128,32776,2048,128,32776,0,0,13103,13099,4,0
1072,153,2,2048,128,32776,2048,128,32776,0,0,13106,13106,0,0
1073,153,3,2048,128,32776,2048,128,32776,0,0,13106,13099,7,0
1074,153,4,2048,128,32776,2048,128,32776,0,0,13099,13099,0,0
1075,153,5,2048,128,32776,2048,128,32776,0,0,13114,13114,0,0
1076,153,6,2048,128,32776,2048,128,32776,0,0,13111,13111,0,0
1077,153,7,2048,128,32776,2048,128,32776,0,0,13111,13115,-4,0
1078,154,0,2048,128,32776,2048,128,32776,0,0,13115,13115,0,0
1079,154,2,2048,128,32776,2048,128,32776,0,0,13106,13107,-1,0
1080,154,3,2048,128,32776,2048,128,32776,0,0,13107,13107,0,0
1081,154,4,2048,128,32776,2048,128,32776,0,0,13110,13110,0,0
1082,154,5,2048,128,32776,2048,128,32776,0,0,13110,13106,4,0
1083,154,6,2048,128,32776,2048,128,32776,0,0,13106,13106,0,0
1084,154,7,2048,128,32776,2048,128,32776,0,0,13107,13107,0,0
1085,155,0,2048,128,32776,2048,128,32776,0,0,13110,13110,0,0
1086,155,2,2048,128,32776,2048,128,32776,0,0,13106,13106,0,0
1087,155,3,2048,128,32776,2048,128,32776,0,0,13111,13111,0,0
1088,155,4,2048,128,32776,2048,128,32776,0,0,13111,13106,5,0
1089,155,5,2048,128,32776,2048,128,32776,0,0,13106,13106,0,0
1090,155,6,2048,128,32776,2048,128,32776,0,0,13102,13102,0,0
1091,155,7,2048,128,32776,2048,128,32776,0,0,13111,13111,0,0
1092,156,0,2048,128,32776,2048,128,32776,0,0,13111,13111,0,0
1093,156,2,2048,128,32776,2048,128,32776,0,0,13102,13102,0,0
1094,156,3,2048,128,32776,2048,128,32776,0,0,13102,13102,0,0
1095,156,4,2048,128,32776,2048,128,32776,0,0,13103,13103,0,0
1096,156,5,2048,128,32776,2048,128,32776,0,0,13115,13115,0,0
1097,156,6,2048,128,32776,2048,128,32776,0,0,13115,13107,8,0
1098,156,7,2048,128,32776,2048,128,32776,0,0,13107,13107,0,0
1099,157,0,2048,128,32776,2048,128,32776,0,0,13114,13114,0,0
1100,157,2,2048,128,32776,2048,128,32776,0,0,13106,13106,0,0
1101,157,3,2048,128,32776,2048,128,32776,0,0,13106,13106,0,0
1102,157,4,2048,128,32776,2048,128,32776,0,0,13107,13107,0,0
1103,157,5,2048,128,32776,2048,128,32776,0,0,13107,13103,4,0
1104,157,6,2048,128,32776,2048,128,32776,0,0,13103,13103,0,0
1105,157,7,2048,128,32776,2048,128,32776,0,0,13102,13102,0,0
1106,158,0,2048,128,32776,2048,128,32776,0,0,13102,13103,-1,0
1107,158,2,2048,128,32776,2048,128,32776,0,0,13110,13110,0,0
1108,158,3,2048,128,32776,2048,128,32776,0,0,13110,13111,-1,0
1109,158,4,2048,128,32776,2048,128,32776,0,0,13111,13111,0,0
1110,158,5,2048,128,32776,2048,128,32776,0,0,13110,13110,0,0
1111,158,6,2048,128,32776,2048,128,32776,0,0,13111,13111,0,0
1112,158,7,2048,128,32776,2048,128,32776,0,0,13111,13111,0,0
1113,159,0,2048,128,32776,2048,128,32776,0,0,13102,13102,0,0
1114,159,2,2048,128,32776,2048,128,32776,0,0,13107,13115,-8,0
1115,159,3,2048,128,32776,2048,128,32776,0,0,13115,13115,0,0
1116,159,4,2048,128,32776,2048,128,32776,0,0,13103,13103,0,0
1117,159,5,2048,128,32776,2048,128,32776,0,0,13103,13107,-4,0
1118,159,6,2048,128,32776,2048,128,32776,0,0,13107,13107,0,0
1119,159,7,2048,128,32776,2048,128,32776,0,0,13110,13110,0,0
1120,160,0,2048,128,32776,2048,128,32776,0,0,13106,13106,0,0
1121,160,2,2048,128,32776,2048,128,32776,0,0,13110,13110,0,0
1122,160,3,2048,128,32776,2048,128,32776,0,0,13111,13111,0,0
1123,160,4,2048,128,32776,2048,128,32776,0,0,13111,13102,9,0
1124,160,5,2048,128,32776,2048,128,32776,0,0,13102,13102,0,0
1125,160,6,2048,128,32776,2048,128,32776,0,0,13107,13107,0,0
1126,160,7,2048,128,32776,2048,128,32776,0,0,13106,13106,0,0
1127,161,0,2048,128,32776,2048,128,32776,0,0,13106,13106,0,0
1128,161,2,2048,128,32776,2048,128,32776,0,0,13102,13102,0,0
1129,161,3,2048,128,32776,2048,128,32776,0,0,13102,13102,0,0
1130,161,4,2048,128,32776,2048,128,32776,0,0,13114,13114,0,0
1131,161,5,2048,128,32776,2048,128,32776,0,0,13111,13111,0,0
1132,161,6,2048,128,32776,2048,128,32776,0,0,13111,13107,4,0
1133,161,7,2048,128,32776,2048,128,32776,0,0,13107,13107,0,0
1134,162,0,2048,128,32776,2048,128,32776,0,0,13115,13115,0,0
1135,162,2,2048,128,32776,2048,128,32776,0,0,13107,13107,0,0
1136,162,3,2048,128,32776,2048,128,32776,0,0,13107,13107,0,0
1137,162,4,2048,128,32776,2048,128,32776,0,0,13107,13107,0,0
1138,162,5,2048,128,32776,2048,128,32776,0,0,13107,13115,-8,0
1139,162,6,2048,128,32776,2048,128,32776,0,0,13115,13115,0,0
1140,162,7,2048,128,32776,2048,128,32776,0,0,13111,13111,0,0
1141,163,0,2048,128,32776,2048,128,32776,0,0,13111,13107,4,0
1142,163,2,2048,128,32776,2048,128,32776,0,0,13106,13106,0,0
1143,163,3,2048,128,32776,2048,128,32776,0,0,13110,13110,0,0
1144,163,4,2048,128,32776,2048,128,32776,0,0,13110,13110,0,0
1145,163,5,2048,128,32776,2048,128,32776,0,0,13111,13111,0,0
1146,163,6,2048,128,32776,2048,128,32776,0,0,13107,13107,0,0
1147,163,7,2048,128,32776,2048,128,32776,0,0,13107,13107,0,0
1148,164,0,2048,128,32776,2048,128,32776,0,0,13106,13106,0,0
1149,164,2,2048,128,32776,2048,128,32776,0,0,13110,13114,-4,0
1150,164,3,2048,128,32776,2048,128,32776,0,0,13114,13114,0,0
1151,164,4,2048,128,32776,2048,128,32776,0,0,13103,13103,0,0
1152,164,5,2048,128,32776,2048,128,32776,0,0,13102,13102,0,0
1153,164,6,2048,128,32776,2048,128,32776,0,0,13102,13102,0,0
1154,164,7,2048,128,32776,2048,128,32776,0,0,13110,13110,0,0
1155,165,0,2048,128,32776,2048,128,32776,0,0,13106,13106,0,0
1156,165,2,2048,128,32776,2048,128,32776,0,0,13110,13110,0,0
1157,165,3,2048,128,32776,2048,128,32776,0,0,13114,13114,0,0
1158,165,4,2048,128,32776,2048,128,32776,0,0,13114,13110,4,0
1159,165,5,2048,128,32776,2048,128,32776,0,0,13110,13110,0,0
1160,165,6,2048,128,32776,2048,128,32776,0,0,13106,13106,0,0
1161,165,7,2048,128,32776,2048,128,32776,0,0,13106,13115,-9,0
1162,166,0,2048,128,32776,2048,128,32776,0,0,13115,13115,0,0
1163,166,2,2048,128,32776,2048,128,32776,0,0,13106,13106,0,0
1164,166,3,2048,128,32776,2048,128,32776,0,0,13106,13106,0,0
1165,166,4,2048,128,32776,2048,128,32776,0,0,13114,13114,0,0
1166,166,5,2048,128,32776,2048,128,32776,0,0,13102,13102,0,0
1167,166,6,2048,128,32776,2048,128,32776,0,0,13102,13102,0,0
1168,166,7,2048,128,32776,2048,128,32776,0,0,13102,13102,0,0
1169,167,0,2048,128,32776,2048,128,32776,0,0,13111,13111,0,0
1170,167,2,2048,128,32776,2048,128,32776,0,0,13114,13114,0,0
1171,167,3,2048,128,32776,2048,128,32776,0,0,13107,13107,0,0
1172,167,4,2048,128,32776,2048,128,32776,0,0,13115,13115,0,0
1173,167,5,2048,128,32776,2048,128,32776,0,0,13115,13106,9,0
1174,167,6,2048,128,32776,2048,128,32776,0,0,13106,13106,0,0
1175,167,7,2048,128,32776,2048,128,32776,0,0,13106,13106,0,0
1176,168,0,2048,128,32776,2048,128,32776,0,0,13106,13103,3,0
1177,168,2,2048,128,32776,2048,128,32776,0,0,13102,13102,0,0
1178,168,3,2048,128,32776,2048,128,32776,0,0,13115,13115,0,0
1179,168,4,2048,128,32776,2048,128,32776,0,0,13115,13115,0,0
1180,168,5,2048,128,32776,2048,128,32776,0,0,13107,13107,0,0
1181,168,6,2048,128,32776,2048,128,32776,0,0,13106,13106,0,0
1182,168,7,2048,128,32776,2048,128,32776,0,0,13106,13106,0,0
1183,169,0,2048,128,32776,2048,128,32776,0,0,13106,13106,0,0
1184,169,2,2048,128,32776,2048,128,32776,0,0,13106,13102,4,0
1185,169,3,2048,128,32776,2048,128,32776,0,0,13102,13102,0,0
1186,169,4,2048,128,32776,2048,128,32776,0,0,13110,13110,0,0
1187,169,5,2048,128,32776,2048,128,32776,0,0,13110,13115,-5,0
1188,169,6,2048,128,32776,2048,128,32776,0,0,13115,13115,0,0
1189,169,7,2048,128,32776,2048,128,32776,0,0,13106,13106,0,0
1190,170,0,2048,128,32776,2048,128,32776,0,0,13114,13114,0,0
1191,170,2,2048,128,32776,2048,128,32776,0,0,13111,13111,0,0
1192,170,3,2048,128,32776,2048,128,32776,0,0,13111,13111,0,0
1193,170,4,2048,128,32776,2048,128,32776,0,0,13111,13103,8,0
1194,170,5,2048,128,32776,2048,128,32776,0,0,13103,13103,0,0
1195,170,6,2048,128,32776,2048,128,32776,0,0,13111,13111,0,0
1196,170,7,2048,128,32776,2048,128,32776,0,0,13107,13107,0,0
1197,171,0,2048,128,32776,2048,128,32776,0,0,13107,13107,0,0
1198,171,2,2048,128,32776,2048,128,32776,0,0,13107,13107,0,0
1199,171,3,2048,128,32776,2048,128,32776,0,0,13107,13107,0,0
1200,171,4,2048,128,32776,2048,128,32776,0,0,13115,13115,0,0
1201,171,5,2048,128,32776,2048,128,32776,0,0,13110,13110,0,0
1202,171,6,2048,128,32776,2048,128,32776,0,0,13110,13115,-5,0
1203,171,7,2048,128,32776,2048,128,32776,0,0,13115,13115,0,0
1204,172,0,2048,128,32776,2048,128,32776,0,0,13107,13107,0,0
1205,172,2,2048,128,32776,2048,128,32776,0,0,13107,13107,0,0
1206,172,3,2048,128,32776,2048,128,32776,0,0,13106,13106,0,0
1207,172,4,2048,128,32776,2048,128,32776,0,0,13111,13111,0,0
1208,172,5,2048,128,32776,2048,128,32776,0,0,13111,13111,0,0
1209,172,6,2048,128,32776,2048,128,32776,0,0,13107,13107,0,0
1210,172,7,2048,128,32776,2048,128,32776,0,0,13099,13099,0,0
1211,173,0,2048,128,32776,2048,128,32776,0,0,13099,13114,-15,0
1212,173,2,2048,128,32776,2048,128,32776,0,0,13103,13103,0,0
1213,173,3,2048,128,32776,2048,128,32776,0,0,13102,13102,0,0
1214,173,4,2048,128,32776,2048,128,32776,0,0,13102,13102,0,0
1215,173,5,2048,128,32776,2048,128,32776,0,0,13119,13119,0,0
1216,173,6,2048,128,32776,2048,128,32776,0,0,13103,13103,0,0
1217,173,7,2048,128,32776,2048,128,32776,0,0,13103,13103,0,0
1218,174,0,2048,128,32776,2048,128,32776,0,0,13107,13107,0,0
1219,174,2,2048,128,32776,2048,128,32776,0,0,13114,13111,3,0
1220,174,3,2048,128,32776,2048,128,32776,0,0,13111,13111,0,0
1221,174,4,2048,128,32776,2048,128,32776,0,0,13115,13115,0,0
1222,174,5,2048,128,32776,2048,128,32776,0,0,13115,13107,8,0
1223,174,6,2048,128,32776,2048,128,32776,0,0,13107,13107,0,0
1224,174,7,2048,128,32776,2048,128,32776,0,0,13107,13107,0,0
1225,175,0,2048,128,32776,2048,128,32776,0,0,13103,13103,0,0
1226,175,2,2048,128,32776,2048,128,32776,0,0,13103,13103,0,0
1227,175,3,2048,128,32776,2048,128,32776,0,0,13111,13111,0,0
1228,175,4,2048,128,32776,2048,128,32776,0,0,13111,13111,0,0
1229,175,5,2048,128,32776,2048,128,32776,0,0,13111,13111,0,0
1230,175,6,2048,128,32776,2048,128,32776,0,0,13114,13114,0,0
1231,175,7,2048,128,32776,2048,128,32776,0,0,13103,13103,0,0
1232,176,0,2048,128,32776,2048,128,32776,0,0,13103,13103,0,0
1233,176,2,2048,128,32776,2048,128,32776,0,0,13106,13106,0,0
1234,176,3,2048,128,32776,2048,128,32776,0,0,13106,13106,0,0
1235,176,4,2048,128,32776,2048,128,32776,0,0,13114,13114,0,0
1236,176,5,2048,128,32776,2048,128,32776,0,0,13114,13114,0,0
1237,176,6,2048,128,32776,2048,128,32776,0,0,13114,13111,3,0
1238,176,7,2048,128,32776,2048,128,32776,0,0,13111,13111,0,0
1239,177,0,2048,128,32776,2048,128,32776,0,0,13110,13110,0,0
1240,177,2,2048,128,32776,2048,128,32776,0,0,13110,13110,0,0
1241,177,3,2048,128,32776,2048,128,32776,0,0,13098,13098,0,0
1242,177,4,2048,128,32776,2048,128,32776,0,0,13107,13107,0,0
1243,177,5,2048,128,32776,2048,128,32776,0,0,13107,13107,0,0
1244,177,6,2048,128,32776,2048,128,32776,0,0,13106,13106,0,0
1245,177,7,2048,128,32776,2048,128,32776,0,0,13111,13111,0,0
1246,178,0,2048,128,32776,2048,128,32776,0,0,13111,13106,5,0
1247,178,2,2048,128,32776,2048,128,32776,0,0,13111,13111,0,0
1248,178,3,2048,128,32776,2048,128,32776,0,0,13110,13110,0,0
1249,178,4,2048,128,32776,2048,128,32776,0,0,13110,13110,0,0
1250,178,5,2048,128,32776,2048,128,32776,0,0,13111,13111,0,0
1251,178,6,2048,128,32776,2048,128,32776,0,0,13106,13106,0,0
1252,178,7,2048,128,32776,2048,128,32776,0,0,13106,13106,0,0
1253,179,0,2048,128,32776,2048,128,32776,0,0,13115,13115,0,0
1254,179,2,2048,128,32776,2048,128,32776,0,0,13111,13110,1,0
1255,179,3,2048,128,32776,2048,128,32776,0,0,13110,13110,0,0
1256,179,4,2048,128,32776,2048,128,32776,0,0,13107,13107,0,0
1257,179,5,2048,128,32776,2048,128,32776,0,0,13107,13106,1,0
1258,179,6,2048,128,32776,2048,128,32776,0,0,13106,13106,0,0
1259,179,7,2048,128,32776,2048,128,32776,0,0,13103,13103,0,0
1260,180,0,2048,128,32776,2048,128,32776,0,0,13106,13106,0,0
1261,180,2,2048,128,32776,2048,128,32776,0,0,13110,13110,0,0
1262,180,3,2048,128,32776,2048,128,32776,0,0,13110,13110,0,0
1263,180,4,2048,128,32776,2048,128,32776,0,0,13110,13102,8,0
1264,180,5,2048,128,32776,2048,128,32776,0,0,13102,13102,0,0
1265,180,6,2048,128,32776,2048,128,32776,0,0,13111,13111,0,0
1266,180,7,2048,128,32776,2048,128,32776,0,0,13115,13115,0,0
1267,181,0,2048,128,32776,2048,128,32776,0,0,13115,13115,0,0
1268,181,2,2048,128,32776,2048,128,32776,0,0,13115,13115,0,0
1269,181,3,2048,128,32776,2048,128,32776,0,0,13115,13115,0,0
1270,181,4,2048,128,32776,2048,128,32776,0,0,13102,13102,0,0
1271,181,5,2048,128,32776,2048,128,32776,0,0,13118,13118,0,0
1272,181,6,2048,128,32776,2048,128,32776,0,0,13118,13107,11,0
1273,181,7,2048,128,32776,2048,128,32776,0,0,13107,13107,0,0
1274,182,0,2048,128,32776,2048,128,32776,0,0,13115,13115,0,0
1275,182,2,2048,128,32776,2048,128,32776,0,0,13110,13110,0,0
1276,182,3,2048,128,32776,2048,128,32776,0,0,13111,13111,0,0
1277,182,4,2048,128,32776,2048,128,32776,0,0,13107,13107,0,0
1278,182,5,2048,128,32776,2048,128,32776,0,0,13107,13102,5,0
1279,182,6,2048,128,32776,2048,128,32776,0,0,13102,13102,0,0
1280,182,7,2048,128,32776,2048,128,32776,0,0,13110,13110,0,0
1281,183,0,2048,128,32776,2048,128,32776,0,0,13110,13103,7,0
1282,183,2,2048,128,32776,2048,128,32776,0,0,13114,13114,0,0
1283,183,3,2048,128,32776,2048,128,32776,0,0,13099,13099,0,0
1284,183,4,2048,128,32776,2048,128,32776,0,0,13099,13099,0,0
1285,183,5,2048,128,32776,2048,128,32776,0,0,13102,13102,0,0
1286,183,6,2048,128,32776,2048,128,32776,0,0,13107,13107,0,0
1287,183,7,2048,128,32776,2048,128,32776,0,0,13107,13107,0,0
1288,184,0,2048,128,32776,2048,128,32776,0,0,13107,13107,0,0
1289,184,2,2048,128,32776,2048,128,32776,0,0,13111,13110,1,0
1290,184,3,2048,128,32776,2048,128,32776,0,0,13110,13110,0,0
1291,184,4,2048,128,32776,2048,128,32776,0,0,13111,13111,0,0
1292,184,5,2048,128,32776,2048,128,32776,0,0,13111,13107,4,0
1293,184,6,2048,128,32776,2048,128,32776,0,0,13107,13107,0,0
1294,184,7,2048,128,32776,2048,128,32776,0,0,13118,13118,0,0
1295,185,0,2048,128,32776,2048,128,32776,0,0,13098,13098,0,0
1296,185,2,2048,128,32776,2048,128,32776,0,0,13106,13106,0,0
1297,185,3,2048,128,32776,2048,128,32776,0,0,13106,13106,0,0
1298,185,4,2048,128,32776,2048,128,32776,0,0,13106,13099,7,0
1299,185,5,2048,128,32776,2048,128,32776,0,0,13099,13099,0,0
1300,185,6,2048,128,32776,2048,128,32776,0,0,13102,13102,0,0
1301,185,7,2048,128,32776,2048,128,32776,0,0,13102,13106,-4,0
1302,186,0,2048,128,32776,2048,128,32776,0,0,13106,13106,0,0
1303,186,2,2048,128,32776,2048,128,32776,0,0,13106,13106,0,0
1304,186,3,2048,128,32776,2048,128,32776,0,0,13106,13106,0,0
1305,186,4,2048,128,32776,2048,128,32776,0,0,13099,13099,0,0
1306,186,5,2048,128,32776,2048,128,32776,0,0,13107,13107,0,0
1307,186,6,2048,128,32776,2048,128,32776,0,0,13107,13107,0,0
1308,186,7,2048,128,32776,2048,128,32776,0,0,13107,13107,0,0
1309,187,0,2048,128,32776,2048,128,32776,0,0,13111,13111,0,0
1310,187,2,2048,128,32776,2048,128,32776,0,0,13110,13110,0,0
1311,187,3,2048,128,32776,2048,128,32776,0,0,13110,13110,0,0
1312,187,4,2048,128,32776,2048,128,32776,0,0,13107,13107,0,0
1313,187,5,2048,128,32776,2048,128,32776,0,0,13107,13107,0,0
1314,187,6,2048,128,32776,2048,128,32776,0,0,13102,13102,0,0
1315,187,7,2048,128,32776,2048,128,32776,0,0,13110,13110,0,0
1316,188,0,2048,128,32776,2048,128,32776,0,0,13110,13111,-1,0
1317,188,2,2048,128,32776,2048,128,32776,0,0,13106,13106,0,0
1318,188,3,2048,128,32776,2048,128,32776,0,0,13106,13106,0,0
1319,188,4,2048,128,32776,2048,128,32776,0,0,13106,13106,0,0
1320,188,5,2048,128,32776,2048,128,32776,0,0,13107,13107,0,0
1321,188,6,2048,128,32776,2048,128,32776,0,0,13106,13106,0,0
1322,188,7,2048,128,32776,2048,128,32776,0,0,13106,13106,0,0
1323,189,0,2048,128,32776,2048,128,32776,0,0,13114,13114,0,0
1324,189,2,2048,128,32776,2048,128,32776,0,0,13111,13110,1,0
1325,189,3,2048,128,32776,2048,128,32776,0,0,13110,13110,0,0
1326,189,4,2048,128,32776,2048,128,32776,0,0,13110,13110,0,0
1327,189,5,2048,128,32776,2048,128,32776,0,0,13115,13115,0,0
1328,189,6,2048,128,32776,2048,128,32776,0,0,13115,13115,0,0
1329,189,7,2048,128,32776,2048,128,32776,0,0,13111,13111,0,0
1330,190,0,2048,128,32776,2048,128,32776,0,0,13111,13111,0,0
1331,190,2,2048,128,32776,2048,128,32776,0,0,13110,13110,0,0
1332,190,3,2048,128,32776,2048,128,32776,0,0,13106,13106,0,0
1333,190,4,2048,128,32776,2048,128,32776,0,0,13106,13103,3,0
1334,190,5,2048,128,32776,2048,128,32776,0,0,13103,13103,0,0
1335,190,6,2048,128,32776,2048,128,32776,0,0,13107,13107,0,0
1336,190,7,2048,128,32776,2048,128,32776,0,0,13103,13103,0,0
1337,191,0,2048,128,32776,2048,128,32776,0,0,13103,13103,0,0
1338,191,2,2048,128,32776,2048,128,32776,0,0,13111,13111,0,0
1339,191,3,2048,128,32776,2048,128,32776,0,0,13111,13111,0,0
1340,191,4,2048,128,32776,2048,128,32776,0,0,13111,13111,0,0
1341,191,5,2048,128,32776,2048,128,32776,0,0,13107,13107,0,0
1342,191,6,2048,128,32776,2048,128,32776,0,0,13107,13103,4,0
1343,191,7,2048,128,32776,2048,128,32776,0,0,13103,13103,0,0
1344,192,0,2048,128,32776,2048,128,32776,0,0,13106,13106,0,0
1345,192,2,2048,128,32776,2048,128,32776,0,0,13110,13110,0,0
1346,192,3,2048,128,32776,2048,128,32776,0,0,13098,13098,0,0
1347,192,4,2048,128,32776,2048,128,32776,0,0,13110,13110,0,0
1348,192,5,2048,128,32776,2048,128,32776,0,0,13110,13111,-1,0
1349,192,6,2048,128,32776,2048,128,32776,0,0,13111,13111,0,0
1350,192,7,2048,128,32776,2048,128,32776,0,0,13103,13103,0,0
1351,193,0,2048,128,32776,2048,128,32776,0,0,13103,13099,4,0
1352,193,2,2048,128,32776,2048,128,32776,0,0,13102,13102,0,0
1353,193,3,2048,128,32776,2048,128,32776,0,0,13102,13114,-12,0
1354,193,4,2048,128,32776,2048,128,32776,0,0,13114,13114,0,0
1355,193,5,2048,128,32776,2048,128,32776,0,0,13111,13111,0,0
1356,193,6,2048,128,32776,2048,128,32776,0,0,13107,13107,0,0
1357,193,7,2048,128,32776,2048,128,32776,0,0,13107,13107,0,0
1358,194,0,2048,128,32776,2048,128,32776,0,0,13107,13107,0,0
1359,194,2,2048,128,32776,2048,128,32776,0,0,13111,13106,5,0
1360,194,3,2048,128,32776,2048,128,32776,0,0,13106,13106,0,0
1361,194,4,2048,128,32776,2048,128,32776,0,0,13107,13107,0,0
1362,194,5,2048,128,32776,2048,128,32776,0,0,13107,13118,-11,0
1363,194,6,2048,128,32776,2048,128,32776,0,0,13118,13118,0,0
1364,194,7,2048,128,32776,2048,128,32776,0,0,13111,13111,0,0
1365,195,0,2048,128,32776,2048,128,32776,0,0,13095,13095,0,0
1366,195,2,2048,128,32776,2048,128,32776,0,0,13103,13103,0,0
1367,195,3,2048,128,32776,2048,128,32776,0,0,13106,13106,0,0
1368,195,4,2048,128,32776,2048,128,32776,0,0,13106,13106,0,0
1369,195,5,2048,128,32776,2048,128,32776,0,0,13106,13106,0,0
1370,195,6,2048,128,32776,2048,128,32776,0,0,13118,13118,0,0
1371,195,7,2048,128,32776,2048,128,32776,0,0,13103,13103,0,0
1372,196,0,2048,128,32776,2048,128,32776,0,0,13103,13103,0,0
1373,196,2,2048,128,32776,2048,128,32776,0,0,13106,13106,0,0
1374,196,3,2048,128,32776,2048,128,32776,0,0,13106,13106,0,0
1375,196,4,2048,128,32776,2048,128,32776,0,0,13111,13111,0,0
1376,196,5,2048,128,32776,2048,128,32776,0,0,13110,13110,0,0
1377,196,6,2048,128,32776,2048,128,32776,0,0,13110,13107,3,0
1378,196,7,2048,128,32776,2048,128,32776,0,0,13107,13107,0,0
1379,197,0,2048,128,32776,2048,128,32776,0,0,13107,13107,0,0
1380,197,2,2048,128,32776,2048,128,32776,0,0,13107,13107,0,0
1381,197,3,2048,128,32776,2048,128,32776,0,0,13107,13107,0,0
1382,197,4,2048,128,32776,2048,128,32776,0,0,13111,13111,0,0
1383,197,5,2048,128,32776,2048,128,32776,0,0,13111,13114,-3,0
1384,197,6,2048,128,32776,2048,128,32776,0,0,13114,13114,0,0
1385,197,7,2048,128,32776,2048,128,32776,0,0,13115,13115,0,0
1386,198,0,2048,128,32776,2048,128,32776,0,0,13115,13106,9,0
1387,198,2,2048,128,32776,2048,128,32776,0,0,13114,13114,0,0
1388,198,3,2048,128,32776,2048,128,32776,0,0,13114,13106,8,0
1389,198,4,2048,128,32776,2048,128,32776,0,0,13106,13106,0,0
1390,198,5,2048,128,32776,2048,128,32776,0,0,13107,13107,0,0
1391,198,6,2048,128,32776,2048,128,32776,0,0,13111,13111,0,0
1392,198,7,2048,128,32776,2048,128,32776,0,0,13111,13107,4,0
1393,199,0,2048,128,32776,2048,128,32776,0,0,13107,13107,0,0
1394,199,2,2048,128,32776,2048,128,32776,0,0,13118,13118,0,0
1395,199,3,2048,128,32776,2048,128,32776,0,0,13118,13118,0,0
1396,199,4,2048,128,32776,2048,128,32776,0,0,13107,13107,0,0
1397,199,5,2048,128,32776,2048,128,32776,0,0,13106,13106,0,0
1398,199,6,2048,128,32776,2048,128,32776,0,0,13106,13106,0,0
1399,199,7,2048,128,32776,2048,128,32776,0,0,13107,13107,0,0
1400,200,0,2048,128,32776,2048,128,32776,0,0,13110,13110,0,0
1401,200,2,2048,128,32776,2048,128,32776,0,0,13107,13107,0,0
1402,200,3,2048,128,32776,2048,128,32776,0,0,13107,13107,0,0
1403,200,4,2048,128,32776,2048,128,32776,0,0,13107,13110,-3,0
1404,200,5,2048,128,32776,2048,128,32776,0,0,13110,13110,0,0
1405,200,6,2048,128,32776,2048,128,32776,0,0,13110,13110,0,0
1406,200,7,2048,128,32776,2048,128,32776,0,0,13114,13114,0,0
1407,201,0,2048,128,32776,2048,128,32776,0,0,13114,13114,0,0
1408,201,2,2048,128,32776,2048,128,32776,0,0,13111,13111,0,0
1409,201,3,2048,128,32776,2048,128,32776,0,0,13111,13103,8,0
1410,201,4,2048,128,32776,2048,128,32776,0,0,13103,13103,0,0
1411,201,5,2048,128,32776,2048,128,32776,0,0,13107,13107,0,0
1412,201,6,2048,128,32776,2048,128,32776,0,0,13107,13111,-4,0
1413,201,7,2048,128,32776,2048,128,32776,0,0,13111,13111,0,0
1414,202,0,2048,128,32776,2048,128,32776,0,0,13103,13103,0,0
1415,202,2,2048,128,32776,2048,128,32776,0,0,13106,13106,0,0
1416,202,3,2048,128,32776,2048,128,32776,0,0,13107,13107,0,0
1417,202,4,2048,128,32776,2048,128,32776,0,0,13110,13110,0,0
1418,202,5,2048,128,32776,2048,128,32776,0,0,13110,13110,0,0
1419,202,6,2048,128,32776,2048,128,32776,0,0,13110,13110,0,0
1420,202,7,2048,128,32776,2048,128,32776,0,0,13110,13110,0,0
1421,203,0,2048,128,32776,2048,128,32776,0,0,13110,13111,-1,0
1422,203,2,2048,128,32776,2048,128,32776,0,0,13115,13115,0,0
1423,203,3,2048,128,32776,2048,128,32776,0,0,13115,13110,5,0
1424,203,4,2048,128,32776,2048,128,32776,0,0,13110,13110,0,0
1425,203,5,2048,128,32776,2048,128,32776,0,0,13107,13107,0,0
1426,203,6,2048,128,32776,2048,128,32776,0,0,13115,13115,0,0
1427,203,7,2048,128,32776,2048,128,32776,0,0,13115,13115,0,0
1428,204,0,2048,128,32776,2048,128,32776,0,0,13103,13103,0,0
1429,204,2,2048,128,32776,2048,128,32776,0,0,13111,13110,1,0
1430,204,3,2048,128,32776,2048,128,32776,0,0,13110,13110,0,0
1431,204,4,2048,128,32776,2048,128,32776,0,0,13106,13106,0,0
1432,204,5,2048,128,32776,2048,128,32776,0,0,13106,13111,-5,0
1433,204,6,2048,128,32776,2048,128,32776,0,0,13111,13111,0,0
1434,204,7,2048,128,32776,2048,128,32776,0,0,13106,13106,0,0
1435,205,0,2048,128,32776,2048,128,32776,0,0,13111,13111,0,0
1436,205,2,2048,128,32776,2048,128,32776,0,0,13115,13115,0,0
1437,205,3,2048,128,32776,2048,128,32776,0,0,13106,13106,0,0
1438,205,4,2048,128,32776,2048,128,32776,0,0,13106,13107,-1,0
1439,205,5,2048,128,32776,2048,128,32776,0,0,13107,13107,0,0
1440,205,6,2048,128,32776,2048,128,32776,0,0,13119,13119,0,0
1441,205,7,2048,128,32776,2048,128,32776,0,0,13110,13110,0,0
1442,206,0,2048,128,32776,2048,128,32776,0,0,13110,13110,0,0
1443,206,2,2048,128,32776,2048,128,32776,0,0,13106,13106,0,0
1444,206,3,2048,128,32776,2048,128,32776,0,0,13106,13106,0,0
1445,206,4,2048,128,32776,2048,128,32776,0,0,13111,13111,0,0
1446,206,5,2048,128,32776,2048,128,32776,0,0,13107,13107,0,0
1447,206,6,2048,128,32776,2048,128,32776,0,0,13107,13111,-4,0
1448,206,7,2048,128,32776,2048,128,32776,0,0,13111,13111,0,0
1449,207,0,2048,128,32776,2048,128,32776,0,0,13115,13115,0,0
1450,207,2,2048,128,32776,2048,128,32776,0,0,13110,13110,0,0
1451,207,3,2048,128,32776,2048,128,32776,0,0,13110,13110,0,0
1452,207,4,2048,128,32776,2048,128,32776,0,0,13118,13118,0,0
1453,207,5,2048,128,32776,2048,128,32776,0,0,13118,13118,0,0
1454,207,6,2048,128,32776,2048,128,32776,0,0,13115,13115,0,0
1455,207,7,2048,128,32776,2048,128,32776,0,0,13110,13110,0,0
1456,208,0,2048,128,32776,2048,128,32776,0,0,13110,13110,0,0
1457,208,2,2048,128,32776,2048,128,32776,0,0,13102,13102,0,0
1458,208,3,2048,128,32776,2048,128,32776,0,0,13102,13110,-8,0
1459,208,4,2048,128,32776,2048,128,32776,0,0,13110,13110,0,0
1460,208,5,2048,128,32776,2048,128,32776,0,0,13111,13111,0,0
1461,208,6,2048,128,32776,2048,128,32776,0,0,13111,13111,0,0
1462,208,7,2048,128,32776,2048,128,32776,0,0,13111,13111,0,0
1463,209,0,2048,128,32776,2048,128,32776,0,0,13110,13110,0,0
1464,209,2,2048,128,32776,2048,128,32776,0,0,13110,13114,-4,0
1465,209,3,2048,128,32776,2048,128,32776,0,0,13114,13114,0,0
1466,209,4,2048,128,32776,2048,128,32776,0,0,13110,13110,0,0
1467,209,5,2048,128,32776,2048,128,32776,0,0,13110,13106,4,0
1468,209,6,2048,128,32776,2048,128,32776,0,0,13106,13106,0,0
1469,209,7,2048,128,32776,2048,128,32776,0,0,13102,13102,0,0
1470,210,0,2048,128,32776,2048,128,32776,0,0,13110,13110,0,0
1471,210,2,2048,128,32776,2048,128,32776,0,0,13102,13102,0,0
1472,210,3,2048,128,32776,2048,128,32776,0,0,13111,13111,0,0
1473,210,4,2048,128,32776,2048,128,32776,0,0,13111,13118,-7,0
1474,210,5,2048,128,32776,2048,128,32776,0,0,13118,13118,0,0
1475,210,6,2048,128,32776,2048,128,32776,0,0,13111,13111,0,0
1476,210,7,2048,128,32776,2048,128,32776,0,0,13107,13107,0,0
1477,211,0,2048,128,32776,2048,128,32776,0,0,13107,13107,0,0
1478,211,2,2048,128,32776,2048,128,32776,0,0,13110,13110,0,0
1479,211,3,2048,128,32776,2048,128,32776,0,0,13110,13110,0,0
1480,211,4,2048,128,32776,2048,128,32776,0,0,13111,13111,0,0
1481,211,5,2048,128,32776,2048,128,32776,0,0,13107,13107,0,0
1482,211,6,2048,128,32776,2048,128,32776,0,0,13107,13111,-4,0
1483,211,7,2048,128,32776,2048,128,32776,0,0,13111,13111,0,0
1484,212,0,2048,128,32776,2048,128,32776,0,0,13106,13106,0,0
1485,212,2,2048,128,32776,2048,128,32776,0,0,13106,13106,0,0
1486,212,3,2048,128,32776,2048,128,32776,0,0,13106,13106,0,0
1487,212,4,2048,128,32776,2048,128,32776,0,0,13115,13115,0,0
1488,212,5,2048,128,32776,2048,128,32776,0,0,13115,13111,4,0
1489,212,6,2048,128,32776,2048,128,32776,0,0,13111,13111,0,0
1490,212,7,2048,128,32776,2048,128,32776,0,0,13115,13115,0,0
1491,213,0,2048,128,32776,2048,128,32776,0,0,13115,13107,8,0
1492,213,2,2048,128,32776,2048,128,32776,0,0,13106,13106,0,0
1493,213,3,2048,128,32776,2048,128,32776,0,0,13111,13111,0,0
1494,213,4,2048,128,32776,2048,128,32776,0,0,13111,13111,0,0
1495,213,5,2048,128,32776,2048,128,32776,0,0,13110,13110,0,0
1496,213,6,2048,128,32776,2048,128,32776,0,0,13110,13110,0,0
1497,213,7,2048,128,32776,2048,128,32776,0,0,13110,13103,7,0
1498,214,0,2048,128,32776,2048,128,32776,0,0,13103,13103,0,0
1499,214,2,2048,128,32776,2048,128,32776,0,0,13102,13103,-1,0
1500,214,3,2048,128,32776,2048,128,32776,0,0,13103,13103,0,0
1501,214,4,2048,128,32776,2048,128,32776,0,0,13107,13107,0,0
1502,214,5,2048,128,32776,2048,128,32776,0,0,13107,13106,1,0
1503,214,6,2048,128,32776,2048,128,32776,0,0,13106,13106,0,0
1504,214,7,2048,128,32776,2048,128,32776,0,0,13110,13110,0,0
1505,215,0,2048,128,32776,2048,128,32776,0,0,13110,13110,0,0
1506,215,2,2048,128,32776,2048,128,32776,0,0,13111,13111,0,0
1507,215,3,2048,128,32776,2048,128,32776,0,0,13107,13107,0,0
1508,215,4,2048,128,32776,2048,128,32776,0,0,13107,13106,1,0
1509,215,5,2048,128,32776,2048,128,32776,0,0,13106,13106,0,0
1510,215,6,2048,128,32776,2048,128,32776,0,0,13114,13114,0,0
1511,215,7,2048,128,32776,2048,128,32776,0,0,13114,13114,0,0
1512,216,0,2048,128,32776,2048,128,32776,0,0,13114,13114,0,0
1513,216,2,2048,128,32776,2048,128,32776,0,0,13110,13110,0,0
1514,216,3,2048,128,32776,2048,128,32776,0,0,13110,13106,4,0
1515,216,4,2048,128,32776,2048,128,32776,0,0,13106,13106,0,0
1516,216,5,2048,128,32776,2048,128,32776,0,0,13107,13107,0,0
1517,216,6,2048,128,32776,2048,128,32776,0,0,13107,13106,1,0
1518,216,7,2048,128,32776,2048,128,32776,0,0,13106,13106,0,0
1519,217,0,2048,128,32776,2048,128,32776,0,0,13102,13102,0,0
1520,217,2,2048,128,32776,2048,128,32776,0,0,13110,13110,0,0
1521,217,3,2048,128,32776,2048,128,32776,0,0,13107,13107,0,0
1522,217,4,2048,128,32776,2048,128,32776,0,0,13110,13110,0,0
1523,217,5,2048,128,32776,2048,128,32776,0,0,13110,13110,0,0
1524,217,6,2048,128,32776,2048,128,32776,0,0,13111,13111,0,0
1525,217,7,2048,128,32776,2048,128,32776,0,0,13110,13110,0,0
1526,218,0,2048,128,32776,2048,128,32776,0,0,13110,13110,0,0
1527,218,2,2048,128,32776,2048,128,32776,0,0,13110,13110,0,0
1528,218,3,2048,128,32776,2048,128,32776,0,0,13106,13106,0,0
1529,218,4,2048,128,32776,2048,128,32776,0,0,13106,13106,0,0
1530,218,5,2048,128,32776,2048,128,32776,0,0,13107,13107,0,0
1531,218,6,2048,128,32776,2048,128,32776,0,0,13110,13110,0,0
1532,218,7,2048,128,32776,2048,128,32776,0,0,13110,13106,4,0
1533,219,0,2048,128,32776,2048,128,32776,0,0,13106,13106,0,0
1534,219,2,2048,128,32776,2048,128,32776,0,0,13111,13106,5,0
1535,219,3,2048,128,32776,2048,128,32776,0,0,13106,13106,0,0
1536,219,4,2048,128,32776,2048,128,32776,0,0,13106,13106,0,0
1537,219,5,2048,128,32776,2048,128,32776,0,0,13106,13103,3,0
1538,219,6,2048,128,32776,2048,128,32776,0,0,13103,13103,0,0
1539,219,7,2048,128,32776,2048,128,32776,0,0,13106,13106,0,0
1540,220,0,2048,128,32776,2048,128,32776,0,0,13110,13110,0,0
1541,220,2,2048,128,32776,2048,128,32776,0,0,13107,13107,0,0
1542,220,3,2048,128,32776,2048,128,32776,0,0,13110,13110,0,0
1543,220,4,2048,128,32776,2048,128,32776,0,0,13110,13106,4,0
1544,220,5,2048,128,32776,2048,128,32776,0,0,13106,13106,0,0
1545,220,6,2048,128,32776,2048,128,32776,0,0,13106,13106,0,0
1546,220,7,2048,128,32776,2048,128,32776,0,0,13106,13107,-1,0
1547,221,0,2048,128,32776,2048,128,32776,0,0,13107,13107,0,0
1548,221,2,2048,128,32776,2048,128,32776,0,0,13110,13110,0,0
1549,221,3,2048,128,32776,2048,128,32776,0,0,13110,13110,0,0
1550,221,4,2048,128,32776,2048,128,32776,0,0,13106,13106,0,0
1551,221,5,2048,128,32776,2048,128,32776,0,0,13110,13110,0,0
1552,221,6,2048,128,32776,2048,128,32776,0,0,13110,13102,8,0
1553,221,7,2048,128,32776,2048,128,32776,0,0,13102,13102,0,0
1554,222,0,2048,128,32776,2048,128,32776,0,0,13111,13111,0,0
1555,222,2,2048,128,32776,2048,128,32776,0,0,13110,13110,0,0
1556,222,3,2048,128,32776,2048,128,32776,0,0,13115,13115,0,0
1557,222,4,2048,128,32776,2048,128,32776,0,0,13111,13111,0,0
1558,222,5,2048,128,32776,2048,128,32776,0,0,13111,13111,0,0
1559,222,6,2048,128,32776,2048,128,32776,0,0,13106,13106,0,0
1560,222,7,2048,128,32776,2048,128,32776,0,0,13106,13106,0,0
1561,223,0,2048,128,32776,2048,128,32776,0,0,13106,13106,0,0
1562,223,2,2048,128,32776,2048,128,32776,0,0,13110,13110,0,0
1563,223,3,2048,128,32776,2048,128,32776,0,0,13110,13115,-5,0
1564,223,4,2048,128,32776,2048,128,32776,0,0,13115,13115,0,0
1565,223,5,2048,128,32776,2048,128,32776,0,0,13111,13111,0,0
1566,223,6,2048,128,32776,2048,128,32776,0,0,13107,13107,0,0
1567,223,7,2048,128,32776,2048,128,32776,0,0,13107,13106,1,0
1568,224,0,2048,128,32776,2048,128,32776,0,0,13106,13106,0,0
1569,224,2,2048,128,32776,2048,128,32776,0,0,13111,13110,1,0
1570,224,3,2048,128,32776,2048,128,32776,0,0,13110,13110,0,0
1571,224,4,2048,128,32776,2048,128,32776,0,0,13110,13110,0,0
1572,224,5,2048,128,32776,2048,128,32776,0,0,13110,13106,4,0
1573,224,6,2048,128,32776,2048,128,32776,0,0,13106,13106,0,0
1574,224,7,2048,128,32776,2048,128,32776,0,0,13114,13114,0,0
1575,225,0,2048,128,32776,2048,128,32776,0,0,13111,13111,0,0
1576,225,2,2048,128,32776,2048,128,32776,0,0,13114,13114,0,0
1577,225,3,2048,128,32776,2048,128,32776,0,0,13106,13106,0,0
1578,225,4,2048,128,32776,2048,128,32776,0,0,13106,13110,-4,0
1579,225,5,2048,128,32776,2048,128,32776,0,0,13110,13110,0,0
1580,225,6,2048,128,32776,2048,128,32776,0,0,13106,13106,0,0
1581,225,7,2048,128,32776,2048,128,32776,0,0,13114,13114,0,0
1582,226,0,2048,128,32776,2048,128,32776,0,0,13114,13114,0,0
1583,226,2,2048,128,32776,2048,128,32776,0,0,13106,13106,0,0
1584,226,3,2048,128,32776,2048,128,32776,0,0,13106,13102,4,0
1585,226,4,2048,128,32776,2048,128,32776,0,0,13102,13102,0,0
1586,226,5,2048,128,32776,2048,128,32776,0,0,13110,13110,0,0
1587,226,6,2048,128,32776,2048,128,32776,0,0,13110,13107,3,0
1588,226,7,2048,128,32776,2048,128,32776,0,0,13107,13107,0,0
1589,227,0,2048,128,32776,2048,128,32776,0,0,13111,13111,0,0
1590,227,2,2048,128,32776,2048,128,32776,0,0,13106,13106,0,0
1591,227,3,2048,128,32776,2048,128,32776,0,0,13106,13106,0,0
1592,227,4,2048,128,32776,2048,128,32776,0,0,13106,13106,0,0
1593,227,5,2048,128,32776,2048,128,32776,0,0,13106,13106,0,0
1594,227,6,2048,128,32776,2048,128,32776,0,0,13106,13106,0,0
1595,227,7,2048,128,32776,2048,128,32776,0,0,13110,13110,0,0
1596,228,0,2048,128,32776,2048,128,32776,0,0,13110,13103,7,0
1597,228,2,2048,128,32776,2048,128,32776,0,0,13114,13114,0,0
1598,228,3,2048,128,32776,2048,128,32776,0,0,13114,13114,0,0
1599,228,4,2048,128,32776,2048,128,32776,0,0,13114,13114,0,0
1600,228,5,2048,128,32776,2048,128,32776,0,0,13111,13111,0,0
1601,228,6,2048,128,32776,2048,128,32776,0,0,13103,13103,0,0
1602,228,7,2048,128,32776,2048,128,32776,0,0,13103,13110,-7,0
1603,229,0,2048,128,32776,2048,128,32776,0,0,13110,13110,0,0
1604,229,2,2048,128,32776,2048,128,32776,0,0,13106,13115,-9,0
1605,229,3,2048,128,32776,2048,128,32776,0,0,13115,13115,0,0
1606,229,4,2048,128,32776,2048,128,32776,0,0,13115,13115,0,0
1607,229,5,2048,128,32776,2048,128,32776,0,0,13115,13110,5,0
1608,229,6,2048,128,32776,2048,128,32776,0,0,13110,13110,0,0
1609,229,7,2048,128,32776,2048,128,32776,0,0,13115,13115,0,0
1610,230,0,2048,128,32776,2048,128,32776,0,0,13106,13106,0,0
1611,230,2,2048,128,32776,2048,128,32776,0,0,13107,13107,0,0
1612,230,3,2048,128,32776,2048,128,32776,0,0,13111,13111,0,0
1613,230,4,2048,128,32776,2048,128,32776,0,0,13111,13107,4,0
1614,230,5,2048,128,32776,2048,128,32776,0,0,13107,13107,0,0
1615,230,6,2048,128,32776,2048,128,32776,0,0,13111,13111,0,0
1616,230,7,2048,128,32776,2048,128,32776,0,0,13107,13107,0,0
1617,231,0,2048,128,32776,2048,128,32776,0,0,13107,13107,0,0
1618,231,2,2048,128,32776,2048,128,32776,0,0,13114,13114,0,0
1619,231,3,2048,128,32776,2048,128,32776,0,0,13114,13114,0,0
1620,231,4,2048,128,32776,2048,128,32776,0,0,13110,13110,0,0
1621,231,5,2048,128,32776,2048,128,32776,0,0,13111,13111,0,0
1622,231,6,2048,128,32776,2048,128,32776,0,0,13111,13110,1,0
1623,231,7,2048,128,32776,2048,128,32776,0,0,13110,13110,0,0
1624,232,0,2048,128,32776,2048,128,32776,0,0,13110,13110,0,0
1625,232,2,2048,128,32776,2048,128,32776,0,0,13107,13107,0,0
1626,232,3,2048,128,32776,2048,128,32776,0,0,13110,13110,0,0
1627,232,4,2048,128,32776,2048,128,32776,0,0,13111,13111,0,0
1628,232,5,2048,128,32776,2048,128,32776,0,0,13111,13115,-4,0
1629,232,6,2048,128,32776,2048,128,32776,0,0,13115,13115,0,0
1630,232,7,2048,128,32776,2048,128,32776,0,0,13119,13119,0,0
1631,233,0,2048,128,32776,2048,128,32776,0,0,13119,13114,5,0
1632,233,2,2048,128,32776,2048,128,32776,0,0,13110,13110,0,0
1633,233,3,2048,128,32776,2048,128,32776,0,0,13107,13107,0,0
1634,233,4,2048,128,32776,2048,128,32776,0,0,13107,13107,0,0
1635,233,5,2048,128,32776,2048,128,32776,0,0,13110,13110,0,0
1636,233,6,2048,128,32776,2048,128,32776,0,0,13107,13107,0,0
1637,233,7,2048,128,32776,2048,128,32776,0,0,13107,13107,0,0
1638,234,0,2048,128,32776,2048,128,32776,0,0,13114,13114,0,0
1639,234,2,2048,128,32776,2048,128,32776,0,0,13111,13106,5,0
1640,234,3,2048,128,32776,2048,128,32776,0,0,13106,13106,0,0
1641,234,4,2048,128,32776,2048,128,32776,0,0,13103,13103,0,0
1642,234,5,2048,128,32776,2048,128,32776,0,0,13103,13111,-8,0
1643,234,6,2048,128,32776,2048,128,32776,0,0,13111,13111,0,0
1644,234,7,2048,128,32776,2048,128,32776,0,0,13102,13102,0,0
1645,235,0,2048,128,32776,2048,128,32776,0,0,13106,13106,0,0
1646,235,2,2048,128,32776,2048,128,32776,0,0,13115,13115,0,0
1647,235,3,2048,128,32776,2048,128,32776,0,0,13115,13115,0,0
1648,235,4,2048,128,32776,2048,128,32776,0,0,13115,13107,8,0
1649,235,5,2048,128,32776,2048,128,32776,0,0,13107,13107,0,0
1650,235,6,2048,128,32776,2048,128,32776,0,0,13115,13115,0,0
1651,235,7,2048,128,32776,2048,128,32776,0,0,13110,13110,0,0
1652,236,0,2048,128,32776,2048,128,32776,0,0,13110,13110,0,0
1653,236,2,2048,128,32776,2048,128,32776,0,0,13111,13111,0,0
1654,236,3,2048,128,32776,2048,128,32776,0,0,13111,13111,0,0
1655,236,4,2048,128,32776,2048,128,32776,0,0,13111,13111,0,0
1656,236,5,2048,128,32776,2048,128,32776,0,0,13106,13106,0,0
1657,236,6,2048,128,32776,2048,128,32776,0,0,13106,13111,-5,0
1658,236,7,2048,128,32776,2048,128,32776,0,0,13111,13111,0,0
1659,237,0,2048,128,32776,2048,128,32776,0,0,13107,13107,0,0
1660,237,2,2048,128,32776,2048,128,32776,0,0,13103,13103,0,0
1661,237,3,2048,128,32776,2048,128,32776,0,0,13111,13111,0,0
1662,237,4,2048,128,32776,2048,128,32776,0,0,13110,13110,0,0
1663,237,5,2048,128,32776,2048,128,32776,0,0,13110,13111,-1,0
1664,237,6,2048,128,32776,2048,128,32776,0,0,13111,13111,0,0
1665,237,7,2048,128,32776,2048,128,32776,0,0,13110,13110,0,0
1666,238,0,2048,128,32776,2048,128,32776,0,0,13110,13107,3,0
1667,238,2,2048,128,32776,2048,128,32776,0,0,13114,13114,0,0
1668,238,3,2048,128,32776,2048,128,32776,0,0,13114,13114,0,0
1669,238,4,2048,128,32776,2048,128,32776,0,0,13114,13114,0,0
1670,238,5,2048,128,32776,2048,128,32776,0,0,13110,13110,0,0
1671,238,6,2048,128,32776,2048,128,32776,0,0,13106,13106,0,0
1672,238,7,2048,128,32776,2048,128,32776,0,0,13106,13106,0,0
1673,239,0,2048,128,32776,2048,128,32776,0,0,13106,13106,0,0
1674,239,2,2048,128,32776,2048,128,32776,0,0,13102,13111,-9,0
1675,239,3,2048,128,32776,2048,128,32776,0,0,13111,13111,0,0
1676,239,4,2048,128,32776,2048,128,32776,0,0,13107,13107,0,0
1677,239,5,2048,128,32776,2048,128,32776,0,0,13107,13102,5,0
1678,239,6,2048,128,32776,2048,128,32776,0,0,13102,13102,0,0
1679,239,7,2048,128,32776,2048,128,32776,0,0,13102,13102,0,0
1680,240,0,2048,128,32776,2048,128,32776,0,0,13106,13106,0,0
1681,240,2,2048,128,32776,2048,128,32776,0,0,13111,13111,0,0
1682,240,3,2048,128,32776,2048,128,32776,0,0,13107,13107,0,0
1683,240,4,2048,128,32776,2048,128,32776,0,0,13107,13111,-4,0
1684,240,5,2048,128,32776,2048,128,32776,0,0,13111,13111,0,0
1685,240,6,2048,128,32776,2048,128,32776,0,0,13110,13110,0,0
1686,240,7,2048,128,32776,2048,128,32776,0,0,13110,13103,7,0
1687,241,0,2048,128,32776,2048,128,32776,0,0,13103,13103,0,0
1688,241,2,2048,128,32776,2048,128,32776,0,0,13111,13111,0,0
1689,241,3,2048,128,32776,2048,128,32776,0,0,13111,13111,0,0
1690,241,4,2048,128,32776,2048,128,32776,0,0,13111,13111,0,0
1691,241,5,2048,128,32776,2048,128,32776,0,0,13110,13110,0,0
1692,241,6,2048,128,32776,2048,128,32776,0,0,13110,13111,-1,0
1693,241,7,2048,128,32776,2048,128,32776,0,0,13111,13111,0,0
1694,242,0,2048,128,32776,2048,128,32776,0,0,13119,13119,0,0
1695,242,2,2048,128,32776,2048,128,32776,0,0,13111,13111,0,0
1696,242,3,2048,128,32776,2048,128,32776,0,0,13106,13106,0,0
1697,242,4,2048,128,32776,2048,128,32776,0,0,13106,13106,0,0
1698,242,5,2048,128,32776,2048,128,32776,0,0,13106,13106,0,0
1699,242,6,2048,128,32776,2048,128,32776,0,0,13110,13110,0,0
1700,242,7,2048,128,32776,2048,128,32776,0,0,13110,13110,0,0
1701,243,0,2048,128,32776,2048,128,32776,0,0,13110,13110,0,0
1702,243,2,2048,128,32776,2048,128,32776,0,0,13114,13114,0,0
1703,243,3,2048,128,32776,2048,128,32776,0,0,13114,13111,3,0
1704,243,4,2048,128,32776,2048,128,32776,0,0,13111,13111,0,0
1705,243,5,2048,128,32776,2048,128,32776,0,0,13111,13111,0,0
1706,243,6,2048,128,32776,2048,128,32776,0,0,13103,13103,0,0
1707,243,7,2048,128,32776,2048,128,32776,0,0,13103,13103,0,0
1708,244,0,2048,128,32776,2048,128,32776,0,0,13110,13110,0,0
1709,244,2,2048,128,32776,2048,128,32776,0,0,13114,13111,3,0
1710,244,3,2048,128,32776,2048,128,32776,0,0,13111,13111,0,0
1711,244,4,2048,128,32776,2048,128,32776,0,0,13099,13099,0,0
1712,244,5,2048,128,32776,2048,128,32776,0,0,13099,13102,-3,0
1713,244,6,2048,128,32776,2048,128,32776,0,0,13102,13102,0,0
1714,244,7,2048,128,32776,2048,128,32776,0,0,13110,13110,0,0
1715,245,0,2048,128,32776,2048,128,32776,0,0,13103,13103,0,0
1716,245,2,2048,128,32776,2048,128,32776,0,0,13110,13110,0,0
1717,245,3,2048,128,32776,2048,128,32776,0,0,13110,13110,0,0
1718,245,4,2048,128,32776,2048,128,32776,0,0,13110,13110,0,0
1719,245,5,2048,128,32776,2048,128,32776,0,0,13110,13110,0,0
1720,245,6,2048,128,32776,2048,128,32776,0,0,13106,13106,0,0
1721,245,7,2048,128,32776,2048,128,32776,0,0,13106,13102,4,0
1722,246,0,2048,128,32776,2048,128,32776,0,0,13102,13102,0,0
1723,246,2,2048,128,32776,2048,128,32776,0,0,13106,13106,0,0
1724,246,3,2048,128,32776,2048,128,32776,0,0,13106,13106,0,0
1725,246,4,2048,128,32776,2048,128,32776,0,0,13110,13110,0,0
1726,246,5,2048,128,32776,2048,128,32776,0,0,13099,13099,0,0
1727,246,6,2048,128,32776,2048,128,32776,0,0,13099,13107,-8,0
1728,246,7,2048,128,32776,2048,128,32776,0,0,13107,13107,0,0
1729,247,0,2048,128,32776,2048,128,32776,0,0,13102,13102,0,0
1730,247,2,2048,128,32776,2048,128,32776,0,0,13106,13106,0,0
1731,247,3,2048,128,32776,2048,128,32776,0,0,13110,13110,0,0
1732,247,4,2048,128,32776,2048,128,32776,0,0,13110,13110,0,0
1733,247,5,2048,128,32776,2048,128,32776,0,0,13110,13110,0,0
1734,247,6,2048,128,32776,2048,128,32776,0,0,13110,13110,0,0
1735,247,7,2048,128,32776,2048,128,32776,0,0,13111,13111,0,0
1736,248,0,2048,128,32776,2048,128,32776,0,0,13111,13111,0,0
1737,248,2,2048,128,32776,2048,128,32776,0,0,13107,13107,0,0
1738,248,3,2048,128,32776,2048,128,32776,0,0,13107,13102,5,0
1739,248,4,2048,128,32776,2048,128,32776,0,0,13102,13102,0,0
1740,248,5,2048,128,32776,2048,128,32776,0,0,13114,13114,0,0
1741,248,6,2048,128,32776,2048,128,32776,0,0,13103,13103,0,0
1742,248,7,2048,128,32776,2048,128,32776,0,0,13103,13103,0,0
1743,249,0,2048,128,32776,2048,128,32776,0,0,13114,13114,0,0
1744,249,2,2048,128,32776,2048,128,32776,0,0,13106,13103,3,0
1745,249,3,2048,128,32776,2048,128,32776,0,0,13103,13103,0,0
1746,249,4,2048,128,32776,2048,128,32776,0,0,13110,13110,0,0
1747,249,5,2048,128,32776,2048,128,32776,0,0,13099,13099,0,0
1748,249,6,2048,128,32776,2048,128,32776,0,0,13099,13099,0,0
1749,249,7,2048,128,32776,2048,128,32776,0,0,13107,13107,0,0
1750,250,0,2048,128,32776,2048,128,32776,0,0,13110,13110,0,0
1751,250,2,2048,128,32776,2048,128,32776,0,0,13107,13107,0,0
1752,250,3,2048,128,32776,2048,128,32776,0,0,13107,13107,0,0
1753,250,4,2048,128,32776,2048,128,32776,0,0,13107,13111,-4,0
1754,250,5,2048,128,32776,2048,128,32776,0,0,13111,13111,0,0
1755,250,6,2048,128,32776,2048,128,32776,0,0,13103,13103,0,0
1756,250,7,2048,128,32776,2048,128,32776,0,0,13114,13114,0,0
1757,251,0,2048,128,32776,2048,128,32776,0,0,13114,13114,0,0
1758,251,2,2048,128,32776,2048,128,32776,0,0,13107,13107,0,0
1759,251,3,2048,128,32776,2048,128,32776,0,0,13107,13107,0,0
1760,251,4,2048,128,32776,2048,128,32776,0,0,13110,13110,0,0
1761,251,5,2048,128,32776,2048,128,32776,0,0,13107,13107,0,0
1762,251,6,2048,128,32776,2048,128,32776,0,0,13107,13110,-3,0
1763,251,7,2048,128,32776,2048,128,32776,0,0,13110,13110,0,0
1764,252,0,2048,128,32776,2048,128,32776,0,0,13103,13103,0,0
1765,252,2,2048,128,32776,2048,128,32776,0,0,13111,13111,0,0
1766,252,3,2048,128,32776,2048,128,32776,0,0,13114,13114,0,0
1767,252,4,2048,128,32776,2048,128,32776,0,0,13106,13106,0,0
1768,252,5,2048,128,32776,2048,128,32776,0,0,13106,13106,0,0
1769,252,6,2048,128,32776,2048,128,32776,0,0,13106,13106,0,0
1770,252,7,2048,128,32776,2048,128,32776,0,0,13111,13111,0,0
1771,253,0,2048,128,32776,2048,128,32776,0,0,13111,13107,4,0
1772,253,2,2048,128,32776,2048,128,32776,0,0,13115,13115,0,0
1773,253,3,2048,128,32776,2048,128,32776,0,0,13115,13115,0,0
1774,253,4,2048,128,32776,2048,128,32776,0,0,13115,13115,0,0
1775,253,5,2048,128,32776,2048,128,32776,0,0,13114,13114,0,0
1776,253,6,2048,128,32776,2048,128,32776,0,0,13114,13114,0,0
1777,253,7,2048,128,32776,2048,128,32776,0,0,13114,13114,0,0
1778,254,0,2048,128,32776,2048,128,32776,0,0,13110,13110,0,0
1779,254,2,2048,128,32776,2048,128,32776,0,0,13110,13106,4,0
1780,254,3,2048,128,32776,2048,128,32776,0,0,13106,13106,0,0
1781,254,4,2048,128,32776,2048,128,32776,0,0,13111,13111,0,0
1782,254,5,2048,128,32776,2048,128,32776,0,0,13111,13114,-3,0
1783,254,6,2048,128,32776,2048,128,32776,0,0,13114,13114,0,0
1784,254,7,2048,128,32776,2048,128,32776,0,0,13107,13107,0,0
1785,255,0,2048,128,32776,2048,128,32776,0,0,13111,13111,0,0
1786,255,2,2048,128,32776,2048,128,32776,0,0,13115,13115,0,0
1787,255,3,2048,128,32776,2048,128,32776,0,0,13115,13115,0,0
1788,255,4,2048,128,32776,2048,128,32776,0,0,13115,13102,13,0
1789,255,5,2048,128,32776,2048,128,32776,0,0,13102,13102,0,0
1790,255,6,2048,128,32776,2048,128,32776,0,0,13111,13111,0,0
1791,255,7,2048,128,32776,2048,128,32776,0,0,13111,13110,1,0
1792,256,0,2048,128,32776,2048,128,32776,0,0,13110,13110,0,0
1793,256,2,2048,128,32776,2048,128,32776,0,0,13118,13118,0,0
1794,256,3,2048,128,32776,2048,128,32776,0,0,13118,13118,0,0
1795,256,4,2048,128,32776,2048,128,32776,0,0,13111,13111,0,0
1796,256,5,2048,128,32776,2048,128,32776,0,0,13115,13115,0,0
1797,256,6,2048,128,32776,2048,128,32776,0,0,13115,13122,-7,0
1798,256,7,2048,128,32776,2048,128,32776,0,0,13122,13122,0,0
1799,257,0,2048,128,32776,2048,128,32776,0,0,13111,13111,0,0
1800,257,2,2048,128,32776,2048,128,32776,0,0,13110,13110,0,0
1801,257,3,2048,128,32776,2048,128,32776,0,0,13111,13111,0,0
1802,257,4,2048,128,32776,2048,128,32776,0,0,13110,13110,0,0
1803,257,5,2048,128,32776,2048,128,32776,0,0,13110,13110,0,0
1804,257,6,2048,128,32776,2048,128,32776,0,0,13111,13111,0,0
1805,257,7,2048,128,32776,2048,128,32776,0,0,13107,13107,0,0
1806,258,0,2048,128,32776,2048,128,32776,0,0,13107,13107,0,0
1807,258,2,2048,128,32776,2048,128,32776,0,0,13106,13106,0,0
1808,258,3,2048,128,32776,2048,128,32776,0,0,13114,13114,0,0
1809,258,4,2048,128,32776,2048,128,32776,0,0,13114,13114,0,0
1810,258,5,2048,128,32776,2048,128,32776,0,0,13111,13111,0,0
1811,258,6,2048,128,32776,2048,128,32776,0,0,13110,13110,0,0
1812,258,7,2048,128,32776,2048,128,32776,0,0,13110,13110,0,0
1813,259,0,2048,128,32776,2048,128,32776,0,0,13111,13111,0,0
1814,259,2,2048,128,32776,2048,128,32776,0,0,13111,13107,4,0
1815,259,3,2048,128,32776,2048,128,32776,0,0,13107,13107,0,0
1816,259,4,2048,128,32776,2048,128,32776,0,0,13110,13110,0,0
1817,259,5,2048,128,32776,2048,128,32776,0,0,13110,13110,0,0
1818,259,6,2048,128,32776,2048,128,32776,0,0,13110,13110,0,0
1819,259,7,2048,128,32776,2048,128,32776,0,0,13107,13107,0,0
1820,260,0,2048,128,32776,2048,128,32776,0,0,13110,13110,0,0
1821,260,2,2048,128,32776,2048,128,32776,0,0,13106,13106,0,0
1822,260,3,2048,128,32776,2048,128,32776,0,0,13107,13107,0,0
1823,260,4,2048,128,32776,2048,128,32776,0,0,13107,13114,-7,0
1824,260,5,2048,128,32776,2048,128,32776,0,0,13114,13114,0,0
1825,260,6,2048,128,32776,2048,128,32776,0,0,13114,13114,0,0
1826,260,7,2048,128,32776,2048,128,32776,0,0,13106,13106,0,0
1827,261,0,2048,128,32776,2048,128,32776,0,0,13106,13106,0,0
1828,261,2,2048,128,32776,2048,128,32776,0,0,13110,13110,0,0
1829,261,3,2048,128,32776,2048,128,32776,0,0,13110,13110,0,0
1830,261,4,2048,128,32776,2048,128,32776,0,0,13106,13106,0,0
1831,261,5,2048,128,32776,2048,128,32776,0,0,13114,13114,0,0
1832,261,6,2048,128,32776,2048,128,32776,0,0,13114,13111,3,0
1833,261,7,2048,128,32776,2048,128,32776,0,0,13111,13111,0,0
1834,262,0,2048,128,32776,2048,128,32776,0,0,13102,13102,0,0
1835,262,2,2048,128,32776,2048,128,32776,0,0,13114,13114,0,0
1836,262,3,2048,128,32776,2048,128,32776,0,0,13110,13110,0,0
1837,262,4,2048,128,32776,2048,128,32776,0,0,13106,13106,0,0
1838,262,5,2048,128,32776,2048,128,32776,0,0,13106,13103,3,0
1839,262,6,2048,128,32776,2048,128,32776,0,0,13103,13103,0,0
1840,262,7,2048,128,32776,2048,128,32776,0,0,13103,13103,0,0
1841,263,0,2048,128,32776,2048,128,32776,0,0,13103,13111,-8,0
1842,263,2,2048,128,32776,2048,128,32776,0,0,13107,13107,0,0
1843,263,3,2048,128,32776,2048,128,32776,0,0,13107,13107,0,0
1844,263,4,2048,128,32776,2048,128,32776,0,0,13107,13107,0,0
1845,263,5,2048,128,32776,2048,128,32776,0,0,13110,13110,0,0
1846,263,6,2048,128,32776,2048,128,32776,0,0,13110,13110,0,0
1847,263,7,2048,128,32776,2048,128,32776,0,0,13110,13110,0,0
1848,264,0,2048,128,32776,2048,128,32776,0,0,13106,13106,0,0
1849,264,2,2048,128,32776,2048,128,32776,0,0,13106,13107,-1,0
1850,264,3,2048,128,32776,2048,128,32776,0,0,13107,13107,0,0
1851,264,4,2048,128,32776,2048,128,32776,0,0,13110,13110,0,0
1852,264,5,2048,128,32776,2048,128,32776,0,0,13110,13111,-1,0
1853,264,6,2048,128,32776,2048,128,32776,0,0,13111,13111,0,0
1854,264,7,2048,128,32776,2048,128,32776,0,0,13111,13111,0,0
1855,265,0,2048,128,32776,2048,128,32776,0,0,13110,13110,0,0
1856,265,2,2048,128,32776,2048,128,32776,0,0,13107,13107,0,0
1857,265,3,2048,128,32776,2048,128,32776,0,0,13111,13111,0,0
1858,265,4,2048,128,32776,2048,128,32776,0,0,13111,13115,-4,0
1859,265,5,2048,128,32776,2048,128,32776,0,0,13115,13115,0,0
1860,265,6,2048,128,32776,2048,128,32776,0,0,13114,13114,0,0
1861,265,7,2048,128,32776,2048,128,32776,0,0,13106,13106,0,0
1862,266,0,2048,128,32776,2048,128,32776,0,0,13106,13106,0,0
1863,266,2,2048,128,32776,2048,128,32776,0,0,13103,13103,0,0
1864,266,3,2048,128,32776,2048,128,32776,0,0,13103,13103,0,0
1865,266,4,2048,128,32776,2048,128,32776,0,0,13111,13111,0,0
1866,266,5,2048,128,32776,2048,128,32776,0,0,13107,13107,0,0
1867,266,6,2048,128,32776,2048,128,32776,0,0,13107,13115,-8,0
1868,266,7,2048,128,32776,2048,128,32776,0,0,13115,13115,0,0
1869,267,0,2048,128,32776,2048,128,32776,0,0,13110,13110,0,0
1870,267,2,2048,128,32776,2048,128,32776,0,0,13106,13106,0,0
1871,267,3,2048,128,32776,2048,128,32776,0,0,13110,13110,0,0
1872,267,4,2048,128,32776,2048,128,32776,0,0,13107,13107,0,0
1873,267,5,2048,128,32776,2048,128,32776,0,0,13107,13107,0,0
1874,267,6,2048,128,32776,2048,128,32776,0,0,13103,13103,0,0
1875,267,7,2048,128,32776,2048,128,32776,0,0,13111,13111,0,0
1876,268,0,2048,128,32776,2048,128,32776,0,0,13111,13118,-7,0
1877,268,2,2048,128,32776,2048,128,32776,0,0,13111,13111,0,0
1878,268,3,2048,128,32776,2048,128,32776,0,0,13111,13102,9,0
1879,268,4,2048,128,32776,2048,128,32776,0,0,13102,13102,0,0
1880,268,5,2048,128,32776,2048,128,32776,0,0,13107,13107,0,0
1881,268,6,2048,128,32776,2048,128,32776,0,0,13114,13114,0,0
1882,268,7,2048,128,32776,2048,128,32776,0,0,13114,13114,0,0
1883,269,0,2048,128,32776,2048,128,32776,0,0,13111,13111,0,0
1884,269,2,2048,128,32776,2048,128,32776,0,0,13111,13110,1,0
1885,269,3,2048,128,32776,2048,128,32776,0,0,13110,13110,0,0
1886,269,4,2048,128,32776,2048,128,32776,0,0,13114,13114,0,0
1887,269,5,2048,128,32776,2048,128,32776,0,0,13111,13111,0,0
1888,269,6,2048,128,32776,2048,128,32776,0,0,13111,13111,0,0
1889,269,7,2048,128,32776,2048,128,32776,0,0,13102,13102,0,0
1890,270,0,2048,128,32776,2048,128,32776,0,0,13106,13106,0,0
1891,270,2,2048,128,32776,2048,128,32776,0,0,13110,13110,0,0
1892,270,3,2048,128,32776,2048,128,32776,0,0,13107,13107,0,0
1893,270,4,2048,128,32776,2048,128,32776,0,0,13107,13106,1,0
1894,270,5,2048,128,32776,2048,128,32776,0,0,13106,13106,0,0
1895,270,6,2048,128,32776,2048,128,32776,0,0,13103,13103,0,0
1896,270,7,2048,128,32776,2048,128,32776,0,0,13110,13110,0,0
1897,271,0,2048,128,32776,2048,128,32776,0,0,13110,13110,0,0
1898,271,2,2048,128,32776,2048,128,32776,0,0,13106,13106,0,0
1899,271,3,2048,128,32776,2048,128,32776,0,0,13106,13106,0,0
1900,271,4,2048,128,32776,2048,128,32776,0,0,13110,13110,0,0
1901,271,5,2048,128,32776,2048,128,32776,0,0,13107,13107,0,0
1902,271,6,2048,128,32776,2048,128,32776,0,0,13107,13103,4,0
1903,271,7,2048,128,32776,2048,128,32776,0,0,13103,13103,0,0
1904,272,0,2048,128,32776,2048,128,32776,0,0,13102,13102,0,0
1905,272,2,2048,128,32776,2048,128,32776,0,0,13103,13103,0,0
1906,272,3,2048,128,32776,2048,128,32776,0,0,13106,13106,0,0
1907,272,4,2048,128,32776,2048,128,32776,0,0,13114,13114,0,0
1908,272,5,2048,128,32776,2048,128,32776,0,0,13114,13114,0,0
1909,272,6,2048,128,32776,2048,128,32776,0,0,13106,13106,0,0
1910,272,7,2048,128,32776,2048,128,32776,0,0,13107,13107,0,0
1911,273,0,2048,128,32776,2048,128,32776,0,0,13107,13106,1,0
1912,273,2,2048,128,32776,2048,128,32776,0,0,13107,13107,0,0
1913,273,3,2048,128,32776,2048,128,32776,0,0,13107,13118,-11,0
1914,273,4,2048,128,32776,2048,128,32776,0,0,13118,13118,0,0
1915,273,5,2048,128,32776,2048,128,32776,0,0,13106,13106,0,0
1916,273,6,2048,128,32776,2048,128,32776,0,0,13110,13110,0,0
1917,273,7,2048,128,32776,2048,128,32776,0,0,13110,13110,0,0
1918,274,0,2048,128,32776,2048,128,32776,0,0,13106,13106,0,0
1919,274,2,2048,128,32776,2048,128,32776,0,0,13107,13107,0,0
1920,274,3,2048,128,32776,2048,128,32776,0,0,13107,13107,0,0
1921,274,4,2048,128,32776,2048,128,32776,0,0,13110,13110,0,0
1922,274,5,2048,128,32776,2048,128,32776,0,0,13110,13107,3,0
1923,274,6,2048,128,32776,2048,128,32776,0,0,13107,13107,0,0
1924,274,7,2048,128,32776,2048,128,32776,0,0,13106,13106,0,0
1925,275,0,2048,128,32776,2048,128,32776,0,0,13106,13106,0,0
1926,275,2,2048,128,32776,2048,128,32776,0,0,13110,13110,0,0
1927,275,3,2048,128,32776,2048,128,32776,0,0,13110,13110,0,0
1928,275,4,2048,128,32776,2048,128,32776,0,0,13110,13114,-4,0
1929,275,5,2048,128,32776,2048,128,32776,0,0,13114,13114,0,0
1930,275,6,2048,128,32776,2048,128,32776,0,0,13111,13111,0,0
1931,275,7,2048,128,32776,2048,128,32776,0,0,13110,13110,0,0
1932,276,0,2048,128,32776,2048,128,32776,0,0,13110,13110,0,0
1933,276,2,2048,128,32776,2048,128,32776,0,0,13111,13111,0,0
1934,276,3,2048,128,32776,2048,128,32776,0,0,13111,13111,0,0
1935,276,4,2048,128,32776,2048,128,32776,0,0,13106,13106,0,0
1936,276,5,2048,128,32776,2048,128,32776,0,0,13118,13118,0,0
1937,276,6,2048,128,32776,2048,128,32776,0,0,13118,13102,16,0
1938,276,7,2048,128,32776,2048,128,32776,0,0,13102,13102,0,0
1939,277,0,2048,128,32776,2048,128,32776,0,0,13111,13111,0,0
1940,277,2,2048,128,32776,2048,128,32776,0,0,13107,13107,0,0
1941,277,3,2048,128,32776,2048,128,32776,0,0,13107,13107,0,0
1942,277,4,2048,128,32776,2048,128,32776,0,0,13110,13110,0,0
1943,277,5,2048,128,32776,2048,128,32776,0,0,13110,13110,0,0
1944,277,6,2048,128,32776,2048,128,32776,0,0,13119,13119,0,0
1945,277,7,2048,128,32776,2048,128,32776,0,0,13111,13111,0,0
1946,278,0,2048,128,32776,2048,128,32776,0,0,13111,13107,4,0
1947,278,2,2048,128,32776,2048,128,32776,0,0,13111,13111,0,0
1948,278,3,2048,128,32776,2048,128,32776,0,0,13111,13106,5,0
1949,278,4,2048,128,32776,2048,128,32776,0,0,13106,13106,0,0
1950,278,5,2048,128,32776,2048,128,32776,0,0,13103,13103,0,0
1951,278,6,2048,128,32776,2048,128,32776,0,0,13110,13110,0,0
1952,278,7,2048,128,32776,2048,128,32776,0,0,13110,13110,0,0
1953,279,0,2048,128,32776,2048,128,32776,0,0,13106,13106,0,0
1954,279,2,2048,128,32776,2048,128,32776,0,0,13110,13114,-4,0
1955,279,3,2048,128,32776,2048,128,32776,0,0,13114,13114,0,0
1956,279,4,2048,128,32776,2048,128,32776,0,0,13106,13106,0,0
1957,279,5,2048,128,32776,2048,128,32776,0,0,13106,13115,-9,0
1958,279,6,2048,128,32776,2048,128,32776,0,0,13115,13115,0,0
1959,279,7,2048,128,32776,2048,128,32776,0,0,13114,13114,0,0
1960,280,0,2048,128,32776,2048,128,32776,0,0,13102,13102,0,0
1961,280,2,2048,128,32776,2048,128,32776,0,0,13110,13110,0,0
1962,280,3,2048,128,32776,2048,128,32776,0,0,13106,13106,0,0
1963,280,4,2048,128,32776,2048,128,32776,0,0,13106,13106,0,0
1964,280,5,2048,128,32776,2048,128,32776,0,0,13106,13106,0,0
1965,280,6,2048,128,32776,2048,128,32776,0,0,13115,13115,0,0
1966,280,7,2048,128,32776,2048,128,32776,0,0,13115,13114,1,0
1967,281,0,2048,128,32776,2048,128,32776,0,0,13114,13114,0,0
1968,281,2,2048,128,32776,2048,128,32776,0,0,13111,13111,0,0
1969,281,3,2048,128,32776,2048,128,32776,0,0,13111,13111,0,0
1970,281,4,2048,128,32776,2048,128,32776,0,0,13106,13106,0,0
1971,281,5,2048,128,32776,2048,128,32776,0,0,13110,13110,0,0
1972,281,6,2048,128,32776,2048,128,32776,0,0,13110,13111,-1,0
1973,281,7,2048,128,32776,2048,128,32776,0,0,13111,13111,0,0
1974,282,0,2048,128,32776,2048,128,32776,0,0,13111,13111,0,0
1975,282,2,2048,128,32776,2048,128,32776,0,0,13111,13111,0,0
1976,282,3,2048,128,32776,2048,128,32776,0,0,13114,13114,0,0
1977,282,4,2048,128,32776,2048,128,32776,0,0,13115,13115,0,0
1978,282,5,2048,128,32776,2048,128,32776,0,0,13115,13115,0,0
1979,282,6,2048,128,32776,2048,128,32776,0,0,13115,13115,0,0
1980,282,7,2048,128,32776,2048,128,32776,0,0,13115,13115,0,0
1981,283,0,2048,128,32776,2048,128,32776,0,0,13115,13111,4,0
1982,283,2,2048,128,32776,2048,128,32776,0,0,13110,13110,0,0
1983,283,3,2048,128,32776,2048,128,32776,0,0,13110,13115,-5,0
1984,283,4,2048,128,32776,2048,128,32776,0,0,13115,13115,0,0
1985,283,5,2048,128,32776,2048,128,32776,0,0,13103,13103,0,0
1986,283,6,2048,128,32776,2048,128,32776,0,0,13114,13114,0,0
1987,283,7,2048,128,32776,2048,128,32776,0,0,13114,13114,0,0
1988,284,0,2048,128,32776,2048,128,32776,0,0,13114,13114,0,0
1989,284,2,2048,128,32776,2048,128,32776,0,0,13107,13122,-15,0
1990,284,3,2048,128,32776,2048,128,32776,0,0,13122,13122,0,0
1991,284,4,2048,128,32776,2048,128,32776,0,0,13107,13107,0,0
1992,284,5,2048,128,32776,2048,128,32776,0,0,13107,13107,0,0
1993,284,6,2048,128,32776,2048,128,32776,0,0,13107,13107,0,0
1994,284,7,2048,128,32776,2048,128,32776,0,0,13111,13111,0,0
1995,285,0,2048,128,32776,2048,128,32776,0,0,13107,13107,0,0
1996,285,2,2048,128,32776,2048,128,32776,0,0,13111,13111,0,0
1997,285,3,2048,128,32776,2048,128,32776,0,0,13107,13107,0,0
1998,285,4,2048,128,32776,2048,128,32776,0,0,13107,13107,0,0
1999,285,5,2048,128,32776,2048,128,32776,0,0,13107,13107,0,0
2000,285,6,2048,128,32776,2048,128,32776,0,0,13107,13107,0,0
2001,285,7,2048,128,32776,2048,128,32776,0,0,13107,13111,-4,0
2002,286,0,2048,128,32776,2048,128,32776,0,0,13111,13111,0,0
2003,286,2,2048,128,32776,2048,128,32776,0,0,13106,13106,0,0
2004,286,3,2048,128,32776,2048,128,32776,0,0,13106,13106,0,0
2005,286,4,2048,128,32776,2048,128,32776,0,0,13110,13110,0,0
2006,286,5,2048,128,32776,2048,128,32776,0,0,13107,13107,0,0
2007,286,6,2048,128,32776,2048,128,32776,0,0,13107,13110,-3,0
2008,286,7,2048,128,32776,2048,128,32776,0,0,13110,13110,0,0
2009,287,0,2048,128,32776,2048,128,32776,0,0,13107,13107,0,0
2010,287,2,2048,128,32776,2048,128,32776,0,0,13107,13107,0,0
2011,287,3,2048,128,32776,2048,128,32776,0,0,13107,13107,0,0
2012,287,4,2048,128,32776,2048,128,32776,0,0,13110,13110,0,0
2013,287,5,2048,128,32776,2048,128,32776,0,0,13110,13114,-4,0
2014,287,6,2048,128,32776,2048,128,32776,0,0,13114,13114,0,0
2015,287,7,2048,128,32776,2048,128,32776,0,0,13110,13110,0,0
2016,288,0,2048,128,32776,2048,128,32776,0,0,13110,13102,8,0
2017,288,2,2048,128,32776,2048,128,32776,0,0,13111,13111,0,0
2018,288,3,2048,128,32776,2048,128,32776,0,0,13107,13107,0,0
2019,288,4,2048,128,32776,2048,128,32776,0,0,13107,13107,0,0
2020,288,5,2048,128,32776,2048,128,32776,0,0,13110,13110,0,0
2021,288,6,2048,128,32776,2048,128,32776,0,0,13110,13110,0,0
2022,288,7,2048,128,32776,2048,128,32776,0,0,13110,13110,0,0
2023,289,0,2048,128,32776,2048,128,32776,0,0,13107,13107,0,0
2024,289,2,2048,128,32776,2048,128,32776,0,0,13106,13110,-4,0
2025,289,3,2048,128,32776,2048,128,32776,0,0,13110,13110,0,0
2026,289,4,2048,128,32776,2048,128,32776,0,0,13103,13103,0,0
2027,289,5,2048,128,32776,2048,128,32776,0,0,13103,13110,-7,0
2028,289,6,2048,128,32776,2048,128,32776,0,0,13110,13110,0,0
2029,289,7,2048,128,32776,2048,128,32776,0,0,13111,13111,0,0
2030,290,0,2048,128,32776,2048,128,32776,0,0,13114,13114,0,0
2031,290,2,2048,128,32776,2048,128,32776,0,0,13110,13110,0,0
2032,290,3,2048,128,32776,2048,128,32776,0,0,13107,13107,0,0
2033,290,4,2048,128,32776,2048,128,32776,0,0,13107,13107,0,0
2034,290,5,2048,128,32776,2048,128,32776,0,0,13107,13107,0,0
2035,290,6,2048,128,32776,2048,128,32776,0,0,13103,13103,0,0
2036,290,7,2048,128,32776,2048,128,32776,0,0,13111,13111,0,0
2037,291,0,2048,128,32776,2048,128,32776,0,0,13111,13111,0,0
2038,291,2,2048,128,32776,2048,128,32776,0,0,13114,13114,0,0
2039,291,3,2048,128,32776,2048,128,32776,0,0,13114,13110,4,0
2040,291,4,2048,128,32776,2048,128,32776,0,0,13110,13110,0,0
2041,291,5,2048,128,32776,2048,128,32776,0,0,13111,13111,0,0
2042,291,6,2048,128,32776,2048,128,32776,0,0,13111,13110,1,0
2043,291,7,2048,128,32776,2048,128,32776,0,0,13110,13110,0,0
2044,292,0,2048,128,32776,2048,128,32776,0,0,13106,13106,0,0
2045,292,2,2048,128,32776,2048,128,32776,0,0,13115,13115,0,0
2046,292,3,2048,128,32776,2048,128,32776,0,0,13107,13107,0,0
2047,292,4,2048,128,32776,2048,128,32776,0,0,13114,13114,0,0
2048,292,5,2048,128,32776,2048,128,32776,0,0,13114,13114,0,0
2049,292,6,2048,128,32776,2048,128,32776,0,0,13114,13114,0,0
2050,292,7,2048,128,32776,2048,128,32776,0,0,13103,13103,0,0
2051,293,0,2048,128,32776,2048,128,32776,0,0,13103,13114,-11,0
2052,293,2,2048,128,32776,2048,128,32776,0,0,13111,13111,0,0
2053,293,3,2048,128,32776,2048,128,32776,0,0,13111,13099,12,0
2054,293,4,2048,128,32776,2048,128,32776,0,0,13099,13099,0,0
2055,293,5,2048,128,32776,2048,128,32776,0,0,13114,13114,0,0
2056,293,6,2048,128,32776,2048,128,32776,0,0,13110,13110,0,0
2057,293,7,2048,128,32776,2048,128,32776,0,0,13110,13110,0,0
2058,294,0,2048,128,32776,2048,128,32776,0,0,13107,13107,0,0
2059,294,2,2048,128,32776,2048,128,32776,0,0,13111,13102,9,0
2060,294,3,2048,128,32776,2048,128,32776,0,0,13102,13102,0,0
2061,294,4,2048,128,32776,2048,128,32776,0,0,13111,13111,0,0
2062,294,5,2048,128,32776,2048,128,32776,0,0,13107,13107,0,0
2063,294,6,2048,128,32776,2048,128,32776,0,0,13107,13107,0,0
2064,294,7,2048,128,32776,2048,128,32776,0,0,13103,13103,0,0
2065,295,0,2048,128,32776,2048,128,32776,0,0,13110,13110,0,0
2066,295,2,2048,128,32776,2048,128,32776,0,0,13111,13111,0,0
2067,295,3,2048,128,32776,2048,128,32776,0,0,13110,13110,0,0
2068,295,4,2048,128,32776,2048,128,32776,0,0,13110,13110,0,0
2069,295,5,2048,128,32776,2048,128,32776,0,0,13110,13110,0,0
2070,295,6,2048,128,32776,2048,128,32776,0,0,13111,13111,0,0
2071,295,7,2048,128,32776,2048,128,32776,0,0,13111,13114,-3,0
2072,296,0,2048,128,32776,2048,128,32776,0,0,13114,13114,0,0
2073,296,2,2048,128,32776,2048,128,32776,0,0,13110,13110,0,0
2074,296,3,2048,128,32776,2048,128,32776,0,0,13110,13110,0,0
2075,296,4,2048,128,32776,2048,128,32776,0,0,13099,13099,0,0
2076,296,5,2048,128,32776,2048,128,32776,0,0,13110,13110,0,0
2077,296,6,2048,128,32776,2048,128,32776,0,0,13110,13111,-1,0
2078,296,7,2048,128,32776,2048,128,32776,0,0,13111,13111,0,0
2079,297,0,2048,128,32776,2048,128,32776,0,0,13106,13106,0,0
2080,297,2,2048,128,32776,2048,128,32776,0,0,13107,13107,0,0
2081,297,3,2048,128,32776,2048,128,32776,0,0,13111,13111,0,0
2082,297,4,2048,128,32776,2048,128,32776,0,0,13114,13114,0,0
2083,297,5,2048,128,32776,2048,128,32776,0,0,13114,13114,0,0
2084,297,6,2048,128,32776,2048,128,32776,0,0,13114,13114,0,0
2085,297,7,2048,128,32776,2048,128,32776,0,0,13106,13106,0,0
2086,298,0,2048,128,32776,2048,128,32776,0,0,13106,13111,-5,0
2087,298,2,2048,128,32776,2048,128,32776,0,0,13114,13114,0,0
2088,298,3,2048,128,32776,2048,128,32776,0,0,13107,13107,0,0
2089,298,4,2048,128,32776,2048,128,32776,0,0,13107,13107,0,0
2090,298,5,2048,128,32776,2048,128,32776,0,0,13110,13110,0,0
2091,298,6,2048,128,32776,2048,128,32776,0,0,13106,13106,0,0
2092,298,7,2048,128,32776,2048,128,32776,0,0,13106,13106,0,0
2093,299,0,2048,128,32776,2048,128,32776,0,0,13110,13110,0,0
2094,299,2,2048,128,32776,2048,128,32776,0,0,13114,13102,12,0
2095,299,3,2048,128,32776,2048,128,32776,0,0,13102,13102,0,0
2096,299,4,2048,128,32776,2048,128,32776,0,0,13115,13115,0,0
2097,299,5,2048,128,32776,2048,128,32776,0,0,13115,13115,0,0
2098,299,6,2048,128,32776,2048,128,32776,0,0,13115,13115,0,0
2099,299,7,2048,128,32776,2048,128,32776,0,0,13110,13110,0,0
2100,300,0,2048,128,32776,2048,128,32776,0,0,13111,13111,0,0
2101,300,2,2048,128,32776,2048,128,32776,0,0,13114,13114,0,0
2102,300,3,2048,128,32776,2048,128,32776,0,0,13115,13115,0,0
2103,300,4,2048,128,32776,2048,128,32776,0,0,13115,13119,-4,0
2104,300,5,2048,128,32776,2048,128,32776,0,0,13119,13119,0,0
2105,300,6,2048,128,32776,2048,128,32776,0,0,13115,13115,0,0
2106,300,7,2048,128,32776,2048,128,32776,0,0,13115,13106,9,0
2107,301,0,2048,128,32776,2048,128,32776,0,0,13106,13106,0,0
2108,301,2,2048,128,32776,2048,128,32776,0,0,13107,13107,0,0
2109,301,3,2048,128,32776,2048,128,32776,0,0,13107,13107,0,0
2110,301,4,2048,128,32776,2048,128,32776,0,0,13106,13106,0,0
2111,301,5,2048,128,32776,2048,128,32776,0,0,13114,13114,0,0
2112,301,6,2048,128,32776,2048,128,32776,0,0,13114,13111,3,0
2113,301,7,2048,128,32776,2048,128,32776,0,0,13111,13111,0,0
2114,302,0,2048,128,32776,2048,128,32776,0,0,13115,13115,0,0
2115,302,2,2048,128,32776,2048,128,32776,0,0,13114,13114,0,0
2116,302,3,2048,128,32776,2048,128,32776,0,0,13115,13115,0,0
2117,302,4,2048,128,32776,2048,128,32776,0,0,13107,13107,0,0
2118,302,5,2048,128,32776,2048,128,32776,0,0,13107,13099,8,0
2119,302,6,2048,128,32776,2048,128,32776,0,0,13099,13099,0,0
2120,302,7,2048,128,32776,2048,128,32776,0,0,13107,13107,0,0
2121,303,0,2048,128,32776,2048,128,32776,0,0,13107,13110,-3,0
2122,303,2,2048,128,32776,2048,128,32776,0,0,13102,13102,0,0
2123,303,3,2048,128,32776,2048,128,32776,0,0,13102,13111,-9,0
2124,303,4,2048,128,32776,2048,128,32776,0,0,13111,13111,0,0
2125,303,5,2048,128,32776,2048,128,32776,0,0,13114,13114,0,0
2126,303,6,2048,128,32776,2048,128,32776,0,0,13106,13106,0,0
2127,303,7,2048,128,32776,2048,128,32776,0,0,13106,13106,0,0
2128,304,0,2048,128,32776,2048,128,32776,0,0,13115,13115,0,0
2129,304,2,2048,128,32776,2048,128,32776,0,0,13115,13111,4,0
2130,304,3,2048,128,32776,2048,128,32776,0,0,13111,13111,0,0
2131,304,4,2048,128,32776,2048,128,32776,0,0,13107,13107,0,0
2132,304,5,2048,128,32776,2048,128,32776,0,0,13111,13111,0,0
2133,304,6,2048,128,32776,2048,128,32776,0,0,13111,13111,0,0
2134,304,7,2048,128,32776,2048,128,32776,0,0,13111,13111,0,0
2135,305,0,2048,128,32776,2048,128,32776,0,0,13103,13103,0,0
2136,305,2,2048,128,32776,2048,128,32776,0,0,13107,13107,0,0
2137,305,3,2048,128,32776,2048,128,32776,0,0,13106,13106,0,0
2138,305,4,2048,128,32776,2048,128,32776,0,0,13106,13110,-4,0
2139,305,5,2048,128,32776,2048,128,32776,0,0,13110,13110,0,0
2140,305,6,2048,128,32776,2048,128,32776,0,0,13115,13115,0,0
2141,305,7,2048,128,32776,2048,128,32776,0,0,13111,13111,0,0
2142,306,0,2048,128,32776,2048,128,32776,0,0,13111,13111,0,0
2143,306,2,2048,128,32776,2048,128,32776,0,0,13118,13118,0,0
2144,306,3,2048,128,32776,2048,128,32776,0,0,13118,13118,0,0
2145,306,4,2048,128,32776,2048,128,32776,0,0,13114,13114,0,0
2146,306,5,2048,128,32776,2048,128,32776,0,0,13123,13123,0,0
2147,306,6,2048,128,32776,2048,128,32776,0,0,13123,13099,24,0
2148,306,7,2048,128,32776,2048,128,32776,0,0,13099,13099,0,0
2149,307,0,2048,128,32776,2048,128,32776,0,0,13106,13106,0,0
2150,307,2,2048,128,32776,2048,128,32776,0,0,13107,13107,0,0
2151,307,3,2048,128,32776,2048,128,32776,0,0,13107,13107,0,0
2152,307,4,2048,128,32776,2048,128,32776,0,0,13111,13111,0,0
2153,307,5,2048,128,32776,2048,128,32776,0,0,13111,13111,0,0
2154,307,6,2048,128,32776,2048,128,32776,0,0,13107,13107,0,0
2155,307,7,2048,128,32776,2048,128,32776,0,0,13111,13111,0,0
2156,308,0,2048,128,32776,2048,128,32776,0,0,13111,13114,-3,0
2157,308,2,2048,128,32776,2048,128,32776,0,0,13106,13106,0,0
2158,308,3,2048,128,32776,2048,128,32776,0,0,13106,13115,-9,0
2159,308,4,2048,128,32776,2048,128,32776,0,0,13115,13115,0,0
2160,308,5,2048,128,32776,2048,128,32776,0,0,13114,13114,0,0
2161,308,6,2048,128,32776,2048,128,32776,0,0,13107,13107,0,0
2162,308,7,2048,128,32776,2048,128,32776,0,0,13107,13107,0,0
2163,309,0,2048,128,32776,2048,128,32776,0,0,13111,13111,0,0
2164,309,2,2048,128,32776,2048,128,32776,0,0,13110,13114,-4,0
2165,309,3,2048,128,32776,2048,128,32776,0,0,13114,13114,0,0
2166,309,4,2048,128,32776,2048,128,32776,0,0,13107,13107,0,0
2167,309,5,2048,128,32776,2048,128,32776,0,0,13110,13110,0,0
2168,309,6,2048,128,32776,2048,128,32776,0,0,13110,13110,0,0
2169,309,7,2048,128,32776,2048,128,32776,0,0,13107,13107,0,0
2170,310,0,2048,128,32776,2048,128,32776,0,0,13106,13106,0,0
2171,310,2,2048,128,32776,2048,128,32776,0,0,13110,13110,0,0
2172,310,3,2048,128,32776,2048,128,32776,0,0,13099,13099,0,0
2173,310,4,2048,128,32776,2048,128,32776,0,0,13099,13111,-12,0
2174,310,5,2048,128,32776,2048,128,32776,0,0,13111,13111,0,0
2175,310,6,2048,128,32776,2048,128,32776,0,0,13107,13107,0,0
2176,310,7,2048,128,32776,2048,128,32776,0,0,13107,13110,-3,0
2177,311,0,2048,128,32776,2048,128,32776,0,0,13110,13110,0,0
2178,311,2,2048,128,32776,2048,128,32776,0,0,13114,13114,0,0
2179,311,3,2048,128,32776,2048,128,32776,0,0,13114,13106,8,0
2180,311,4,2048,128,32776,2048,128,32776,0,0,13106,13106,0,0
2181,311,5,2048,128,32776,2048,128,32776,0,0,13106,13106,0,0
2182,311,6,2048,128,32776,2048,128,32776,0,0,13106,13106,0,0
2183,311,7,2048,128,32776,2048,128,32776,0,0,13106,13106,0,0
2184,312,0,2048,128,32776,2048,128,32776,0,0,13111,13111,0,0
2185,312,2,2048,128,32776,2048,128,32776,0,0,13110,13110,0,0
2186,312,3,2048,128,32776,2048,128,32776,0,0,13102,13102,0,0
2187,312,4,2048,128,32776,2048,128,32776,0,0,13107,13107,0,0
2188,312,5,2048,128,32776,2048,128,32776,0,0,13107,13107,0,0
2189,312,6,2048,128,32776,2048,128,32776,0,0,13107,13107,0,0
2190,312,7,2048,128,32776,2048,128,32776,0,0,13107,13107,0,0
2191,313,0,2048,128,32776,2048,128,32776,0,0,13107,13111,-4,0
2192,313,2,2048,128,32776,2048,128,32776,0,0,13110,13110,0,0
2193,313,3,2048,128,32776,2048,128,32776,0,0,13110,13110,0,0
2194,313,4,2048,128,32776,2048,128,32776,0,0,13110,13110,0,0
2195,313,5,2048,128,32776,2048,128,32776,0,0,13107,13107,0,0
2196,313,6,2048,128,32776,2048,128,32776,0,0,13110,13110,0,0
2197,313,7,2048,128,32776,2048,128,32776,0,0,13110,13110,0,0
2198,314,0,2048,128,32776,2048,128,32776,0,0,13110,13110,0,0
2199,314,2,2048,128,32776,2048,128,32776,0,0,13107,13107,0,0
2200,314,3,2048,128,32776,2048,128,32776,0,0,13107,13107,0,0
2201,314,4,2048,128,32776,2048,128,32776,0,0,13106,13106,0,0
2202,314,5,2048,128,32776,2048,128,32776,0,0,13106,13106,0,0
2203,314,6,2048,128,32776,2048,128,32776,0,0,13106,13106,0,0
2204,314,7,2048,128,32776,2048,128,32776,0,0,13099,13099,0,0
2205,315,0,2048,128,32776,2048,128,32776,0,0,13111,13111,0,0
2206,315,2,2048,128,32776,2048,128,32776,0,0,13111,13111,0,0
2207,315,3,2048,128,32776,2048,128,32776,0,0,13110,13110,0,0
2208,315,4,2048,128,32776,2048,128,32776,0,0,13110,13110,0,0
2209,315,5,2048,128,32776,2048,128,32776,0,0,13110,13110,0,0
2210,315,6,2048,128,32776,2048,128,32776,0,0,13107,13107,0,0
2211,315,7,2048,128,32776,2048,128,32776,0,0,13107,13102,5,0
2212,316,0,2048,128,32776,2048,128,32776,0,0,13102,13102,0,0
2213,316,2,2048,128,32776,2048,128,32776,0,0,13115,13115,0,0
2214,316,3,2048,128,32776,2048,128,32776,0,0,13115,13115,0,0
2215,316,4,2048,128,32776,2048,128,32776,0,0,13106,13106,0,0
2216,316,5,2048,128,32776,2048,128,32776,0,0,13111,13111,0,0
2217,316,6,2048,128,32776,2048,128,32776,0,0,13111,13107,4,0
2218,316,7,2048,128,32776,2048,128,32776,0,0,13107,13107,0,0
2219,317,0,2048,128,32776,2048,128,32776,0,0,13111,13111,0,0
2220,317,2,2048,128,32776,2048,128,32776,0,0,13110,13110,0,0
2221,317,3,2048,128,32776,2048,128,32776,0,0,13110,13110,0,0
2222,317,4,2048,128,32776,2048,128,32776,0,0,13110,13110,0,0
2223,317,5,2048,128,32776,2048,128,32776,0,0,13110,13110,0,0
2224,317,6,2048,128,32776,2048,128,32776,0,0,13111,13111,0,0
2225,317,7,2048,128,32776,2048,128,32776,0,0,13107,13107,0,0
2226,318,0,2048,128,32776,2048,128,32776,0,0,13107,13110,-3,0
2227,318,2,2048,128,32776,2048,128,32776,0,0,13107,13107,0,0
2228,318,3,2048,128,32776,2048,128,32776,0,0,13103,13103,0,0
2229,318,4,2048,128,32776,2048,128,32776,0,0,13103,13103,0,0
2230,318,5,2048,128,32776,2048,128,32776,0,0,13114,13114,0,0
2231,318,6,2048,128,32776,2048,128,32776,0,0,13106,13106,0,0
2232,318,7,2048,128,32776,2048,128,32776,0,0,13106,13111,-5,0
2233,319,0,2048,128,32776,2048,128,32776,0,0,13111,13111,0,0
2234,319,2,2048,128,32776,2048,128,32776,0,0,13107,13114,-7,0
2235,319,3,2048,128,32776,2048,128,32776,0,0,13114,13114,0,0
2236,319,4,2048,128,32776,2048,128,32776,0,0,13107,13107,0,0
2237,319,5,2048,128,32776,2048,128,32776,0,0,13107,13110,-3,0
2238,319,6,2048,128,32776,2048,128,32776,0,0,13110,13110,0,0
2239,319,7,2048,128,32776,2048,128,32776,0,0,13114,13114,0,0
2240,320,0,2048,128,32776,2048,128,32776,0,0,13119,13119,0,0
2241,320,2,2048,128,32776,2048,128,32776,0,0,13114,13114,0,0
2242,320,3,2048,128,32776,2048,128,32776,0,0,13114,13114,0,0
2243,320,4,2048,128,32776,2048,128,32776,0,0,13114,13114,0,0
2244,320,5,2048,128,32776,2048,128,32776,0,0,13114,13114,0,0
2245,320,6,2048,128,32776,2048,128,32776,0,0,13115,13115,0,0
2246,320,7,2048,128,32776,2048,128,32776,0,0,13107,13107,0,0
2247,321,0,2048,128,32776,2048,128,32776,0,0,13107,13107,0,0
2248,321,2,2048,128,32776,2048,128,32776,0,0,13110,13110,0,0
2249,321,3,2048,128,32776,2048,128,32776,0,0,13110,13107,3,0
2250,321,4,2048,128,32776,2048,128,32776,0,0,13107,13107,0,0
2251,321,5,2048,128,32776,2048,128,32776,0,0,13106,13106,0,0
2252,321,6,2048,128,32776,2048,128,32776,0,0,13106,13103,3,0
2253,321,7,2048,128,32776,2048,128,32776,0,0,13103,13103,0,0
2254,322,0,2048,128,32776,2048,128,32776,0,0,13110,13110,0,0
2255,322,2,2048,128,32776,2048,128,32776,0,0,13103,13103,0,0
2256,322,3,2048,128,32776,2048,128,32776,0,0,13111,13111,0,0
2257,322,4,2048,128,32776,2048,128,32776,0,0,13111,13111,0,0
2258,322,5,2048,128,32776,2048,128,32776,0,0,13111,13111,0,0
2259,322,6,2048,128,32776,2048,128,32776,0,0,13110,13110,0,0
2260,322,7,2048,128,32776,2048,128,32776,0,0,13110,13110,0,0
2261,323,0,2048,128,32776,2048,128,32776,0,0,13110,13102,8,0
2262,323,2,2048,128,32776,2048,128,32776,0,0,13103,13103,0,0
2263,323,3,2048,128,32776,2048,128,32776,0,0,13103,13111,-8,0
2264,323,4,2048,128,32776,2048,128,32776,0,0,13111,13111,0,0
2265,323,5,2048,128,32776,2048,128,32776,0,0,13111,13111,0,0
2266,323,6,2048,128,32776,2048,128,32776,0,0,13106,13106,0,0
2267,323,7,2048,128,32776,2048,128,32776,0,0,13106,13106,0,0
2268,324,0,2048,128,32776,2048,128,32776,0,0,13107,13107,0,0
2269,324,2,2048,128,32776,2048,128,32776,0,0,13110,13102,8,0
2270,324,3,2048,128,32776,2048,128,32776,0,0,13102,13102,0,0
2271,324,4,2048,128,32776,2048,128,32776,0,0,13114,13114,0,0
2272,324,5,2048,128,32776,2048,128,32776,0,0,13106,13106,0,0
2273,324,6,2048,128,32776,2048,128,32776,0,0,13106,13106,0,0
2274,324,7,2048,128,32776,2048,128,32776,0,0,13107,13107,0,0
2275,325,0,2048,128,32776,2048,128,32776,0,0,13103,13103,0,0
2276,325,2,2048,128,32776,2048,128,32776,0,0,13106,13106,0,0
2277,325,3,2048,128,32776,2048,128,32776,0,0,13103,13103,0,0
2278,325,4,2048,128,32776,2048,128,32776,0,0,13103,13107,-4,0
2279,325,5,2048,128,32776,2048,128,32776,0,0,13107,13107,0,0
2280,325,6,2048,128,32776,2048,128,32776,0,0,13111,13111,0,0
2281,325,7,2048,128,32776,2048,128,32776,0,0,13111,13111,0,0
2282,326,0,2048,128,32776,2048,128,32776,0,0,13111,13111,0,0
2283,326,2,2048,128,32776,2048,128,32776,0,0,13111,13111,0,0
2284,326,3,2048,128,32776,2048,128,32776,0,0,13111,13107,4,0
2285,326,4,2048,128,32776,2048,128,32776,0,0,13107,13107,0,0
2286,326,5,2048,128,32776,2048,128,32776,0,0,13119,13119,0,0
2287,326,6,2048,128,32776,2048,128,32776,0,0,13119,13098,21,0
2288,326,7,2048,128,32776,2048,128,32776,0,0,13098,13098,0,0
2289,327,0,2048,128,32776,2048,128,32776,0,0,13107,13107,0,0
2290,327,2,2048,128,32776,2048,128,32776,0,0,13107,13107,0,0
2291,327,3,2048,128,32776,2048,128,32776,0,0,13115,13115,0,0
2292,327,4,2048,128,32776,2048,128,32776,0,0,13110,13110,0,0
2293,327,5,2048,128,32776,2048,128,32776,0,0,13110,13106,4,0
2294,327,6,2048,128,32776,2048,128,32776,0,0,13106,13106,0,0
2295,327,7,2048,128,32776,2048,128,32776,0,0,13111,13111,0,0
2296,328,0,2048,128,32776,2048,128,32776,0,0,13111,13103,8,0
2297,328,2,2048,128,32776,2048,128,32776,0,0,13110,13110,0,0
2298,328,3,2048,128,32776,2048,128,32776,0,0,13110,13103,7,0
2299,328,4,2048,128,32776,2048,128,32776,0,0,13103,13103,0,0
2300,328,5,2048,128,32776,2048,128,32776,0,0,13106,13106,0,0
2301,328,6,2048,128,32776,2048,128,32776,0,0,13115,13115,0,0
2302,328,7,2048,128,32776,2048,128,32776,0,0,13115,13115,0,0
2303,329,0,2048,128,32776,2048,128,32776,0,0,13107,13107,0,0
2304,329,2,2048,128,32776,2048,128,32776,0,0,13110,13107,3,0
2305,329,3,2048,128,32776,2048,128,32776,0,0,13107,13107,0,0
2306,329,4,2048,128,32776,2048,128,32776,0,0,13099,13099,0,0
2307,329,5,2048,128,32776,2048,128,32776,0,0,13099,13110,-11,0
2308,329,6,2048,128,32776,2048,128,32776,0,0,13110,13110,0,0
2309,329,7,2048,128,32776,2048,128,32776,0,0,13106,13106,0,0
2310,330,0,2048,128,32776,2048,128,32776,0,0,13103,13103,0,0
2311,330,2,2048,128,32776,2048,128,32776,0,0,13111,13111,0,0
2312,330,3,2048,128,32776,2048,128,32776,0,0,13114,13114,0,0
2313,330,4,2048,128,32776,2048,128,32776,0,0,13114,13111,3,0
2314,330,5,2048,128,32776,2048,128,32776,0,0,13111,13111,0,0
2315,330,6,2048,128,32776,2048,128,32776,0,0,13106,13106,0,0
2316,330,7,2048,128,32776,2048,128,32776,0,0,13110,13110,0,0
2317,331,0,2048,128,32776,2048,128,32776,0,0,13110,13110,0,0
2318,331,2,2048,128,32776,2048,128,32776,0,0,13106,13106,0,0
2319,331,3,2048,128,32776,2048,128,32776,0,0,13106,13106,0,0
2320,331,4,2048,128,32776,2048,128,32776,0,0,13115,13115,0,0
2321,331,5,2048,128,32776,2048,128,32776,0,0,13107,13107,0,0
2322,331,6,2048,128,32776,2048,128,32776,0,0,13107,13111,-4,0
2323,331,7,2048,128,32776,2048,128,32776,0,0,13111,13111,0,0
2324,332,0,2048,128,32776,2048,128,32776,0,0,13111,13111,0,0
2325,332,2,2048,128,32776,2048,128,32776,0,0,13106,13106,0,0
2326,332,3,2048,128,32776,2048,128,32776,0,0,13114,13114,0,0
2327,332,4,2048,128,32776,2048,128,32776,0,0,13110,13110,0,0
2328,332,5,2048,128,32776,2048,128,32776,0,0,13110,13110,0,0
2329,332,6,2048,128,32776,2048,128,32776,0,0,13107,13107,0,0
2330,332,7,2048,128,32776,2048,128,32776,0,0,13106,13106,0,0
2331,333,0,2048,128,32776,2048,128,32776,0,0,13106,13110,-4,0
2332,333,2,2048,128,32776,2048,128,32776,0,0,13107,13107,0,0
2333,333,3,2048,128,32776,2048,128,32776,0,0,13110,13110,0,0
2334,333,4,2048,128,32776,2048,128,32776,0,0,13110,13110,0,0
2335,333,5,2048,128,32776,2048,128,32776,0,0,13106,13106,0,0
2336,333,6,2048,128,32776,2048,128,32776,0,0,13107,13107,0,0
2337,333,7,2048,128,32776,2048,128,32776,0,0,13107,13107,0,0
2338,334,0,2048,128,32776,2048,128,32776,0,0,13106,13106,0,0
2339,334,2,2048,128,32776,2048,128,32776,0,0,13114,13111,3,0
2340,334,3,2048,128,32776,2048,128,32776,0,0,13111,13111,0,0
2341,334,4,2048,128,32776,2048,128,32776,0,0,13106,13106,0,0
2342,334,5,2048,128,32776,2048,128,32776,0,0,13106,13107,-1,0
2343,334,6,2048,128,32776,2048,128,32776,0,0,13107,13107,0,0
2344,334,7,2048,128,32776,2048,128,32776,0,0,13115,13115,0,0
2345,335,0,2048,128,32776,2048,128,32776,0,0,13098,13098,0,0
2346,335,2,2048,128,32776,2048,128,32776,0,0,13102,13102,0,0
2347,335,3,2048,128,32776,2048,128,32776,0,0,13106,13106,0,0
2348,335,4,2048,128,32776,2048,128,32776,0,0,13106,13106,0,0
2349,335,5,2048,128,32776,2048,128,32776,0,0,13106,13106,0,0
2350,335,6,2048,128,32776,2048,128,32776,0,0,13103,13103,0,0
2351,335,7,2048,128,32776,2048,128,32776,0,0,13103,13103,0,0
2352,336,0,2048,128,32776,2048,128,32776,0,0,13103,13103,0,0
2353,336,2,2048,128,32776,2048,128,32776,0,0,13114,13114,0,0
2354,336,3,2048,128,32776,2048,128,32776,0,0,13114,13114,0,0
2355,336,4,2048,128,32776,2048,128,32776,0,0,13107,13107,0,0
2356,336,5,2048,128,32776,2048,128,32776,0,0,13111,13111,0,0
2357,336,6,2048,128,32776,2048,128,32776,0,0,13111,13115,-4,0
2358,336,7,2048,128,32776,2048,128,32776,0,0,13115,13115,0,0
2359,337,0,2048,128,32776,2048,128,32776,0,0,13114,13114,0,0
2360,337,2,2048,128,32776,2048,128,32776,0,0,13107,13107,0,0
2361,337,3,2048,128,32776,2048,128,32776,0,0,13115,13115,0,0
2362,337,4,2048,128,32776,2048,128,32776,0,0,13107,13107,0,0
2363,337,5,2048,128,32776,2048,128,32776,0,0,13107,13107,0,0
2364,337,6,2048,128,32776,2048,128,32776,0,0,13110,13110,0,0
2365,337,7,2048,128,32776,2048,128,32776,0,0,13107,13107,0,0
2366,338,0,2048,128,32776,2048,128,32776,0,0,13107,13114,-7,0
2367,338,2,2048,128,32776,2048,128,32776,0,0,13106,13106,0,0
2368,338,3,2048,128,32776,2048,128,32776,0,0,13103,13103,0,0
2369,338,4,2048,128,32776,2048,128,32776,0,0,13103,13103,0,0
2370,338,5,2048,128,32776,2048,128,32776,0,0,13107,13107,0,0
2371,338,6,2048,128,32776,2048,128,32776,0,0,13111,13111,0,0
2372,338,7,2048,128,32776,2048,128,32776,0,0,13111,13111,0,0
2373,339,0,2048,128,32776,2048,128,32776,0,0,13110,13110,0,0
2374,339,2,2048,128,32776,2048,128,32776,0,0,13114,13110,4,0
2375,339,3,2048,128,32776,2048,128,32776,0,0,13110,13110,0,0
2376,339,4,2048,128,32776,2048,128,32776,0,0,13114,13114,0,0
2377,339,5,2048,128,32776,2048,128,32776,0,0,13114,13110,4,0
2378,339,6,2048,128,32776,2048,128,32776,0,0,13110,13110,0,0
2379,339,7,2048,128,32776,2048,128,32776,0,0,13110,13110,0,0
2380,340,0,2048,128,32776,2048,128,32776,0,0,13106,13106,0,0
2381,340,2,2048,128,32776,2048,128,32776,0,0,13107,13107,0,0
2382,340,3,2048,128,32776,2048,128,32776,0,0,13111,13111,0,0
2383,340,4,2048,128,32776,2048,128,32776,0,0,13111,13107,4,0
2384,340,5,2048,128,32776,2048,128,32776,0,0,13107,13107,0,0
2385,340,6,2048,128,32776,2048,128,32776,0,0,13111,13111,0,0
2386,340,7,2048,128,32776,2048,128,32776,0,0,13098,13098,0,0
2387,341,0,2048,128,32776,2048,128,32776,0,0,13098,13098,0,0
2388,341,2,2048,128,32776,2048,128,32776,0,0,13103,13103,0,0
2389,341,3,2048,128,32776,2048,128,32776,0,0,13103,13103,0,0
2390,341,4,2048,128,32776,2048,128,32776,0,0,13106,13106,0,0
2391,341,5,2048,128,32776,2048,128,32776,0,0,13106,13106,0,0
2392,341,6,2048,128,32776,2048,128,32776,0,0,13106,13114,-8,0
2393,341,7,2048,128,32776,2048,128,32776,0,0,13114,13114,0,0
2394,342,0,2048,128,32776,2048,128,32776,0,0,13106,13106,0,0
2395,342,2,2048,128,32776,2048,128,32776,0,0,13114,13114,0,0
2396,342,3,2048,128,32776,2048,128,32776,0,0,13111,13111,0,0
2397,342,4,2048,128,32776,2048,128,32776,0,0,13115,13115,0,0
2398,342,5,2048,128,32776,2048,128,32776,0,0,13115,13115,0,0
2399,342,6,2048,128,32776,2048,128,32776,0,0,13110,13110,0,0
2400,342,7,2048,128,32776,2048,128,32776,0,0,13115,13115,0,0
2401,343,0,2048,128,32776,2048,128,32776,0,0,13115,13111,4,0
2402,343,2,2048,128,32776,2048,128,32776,0,0,13115,13115,0,0
2403,343,3,2048,128,32776,2048,128,32776,0,0,13106,13106,0,0
2404,343,4,2048,128,32776,2048,128,32776,0,0,13106,13106,0,0
2405,343,5,2048,128,32776,2048,128,32776,0,0,13110,13110,0,0
2406,343,6,2048,128,32776,2048,128,32776,0,0,13110,13110,0,0
2407,343,7,2048,128,32776,2048,128,32776,0,0,13110,13110,0,0
2408,344,0,2048,128,32776,2048,128,32776,0,0,13119,13119,0,0
2409,344,2,2048,128,32776,2048,128,32776,0,0,13102,13106,-4,0
2410,344,3,2048,128,32776,2048,128,32776,0,0,13106,13106,0,0
2411,344,4,2048,128,32776,2048,128,32776,0,0,13115,13115,0,0
2412,344,5,2048,128,32776,2048,128,32776,0,0,13115,13102,13,0
2413,344,6,2048,128,32776,2048,128,32776,0,0,13102,13102,0,0
2414,344,7,2048,128,32776,2048,128,32776,0,0,13110,13110,0,0
2415,345,0,2048,128,32776,2048,128,32776,0,0,13110,13110,0,0
2416,345,2,2048,128,32776,2048,128,32776,0,0,13114,13114,0,0
2417,345,3,2048,128,32776,2048,128,32776,0,0,13102,13102,0,0
2418,345,4,2048,128,32776,2048,128,32776,0,0,13102,13106,-4,0
2419,345,5,2048,128,32776,2048,128,32776,0,0,13106,13106,0,0
2420,345,6,2048,128,32776,2048,128,32776,0,0,13102,13102,0,0
2421,345,7,2048,128,32776,2048,128,32776,0,0,13107,13107,0,0
2422,346,0,2048,128,32776,2048,128,32776,0,0,13107,13107,0,0
2423,346,2,2048,128,32776,2048,128,32776,0,0,13111,13111,0,0
2424,346,3,2048,128,32776,2048,128,32776,0,0,13111,13111,0,0
2425,346,4,2048,128,32776,2048,128,32776,0,0,13114,13114,0,0
2426,346,5,2048,128,32776,2048,128,32776,0,0,13111,13111,0,0
2427,346,6,2048,128,32776,2048,128,32776,0,0,13111,13111,0,0
2428,346,7,2048,128,32776,2048,128,32776,0,0,13111,13111,0,0
2429,347,0,2048,128,32776,2048,128,32776,0,0,13106,13106,0,0
2430,347,2,2048,128,32776,2048,128,32776,0,0,13098,13098,0,0
2431,347,3,2048,128,32776,2048,128,32776,0,0,13111,13111,0,0
2432,347,4,2048,128,32776,2048,128,32776,0,0,13103,13103,0,0
2433,347,5,2048,128,32776,2048,128,32776,0,0,13103,13111,-8,0
2434,347,6,2048,128,32776,2048,128,32776,0,0,13111,13111,0,0
2435,347,7,2048,128,32776,2048,128,32776,0,0,13107,13107,0,0
2436,348,0,2048,128,32776,2048,128,32776,0,0,13107,13111,-4,0
2437,348,2,2048,128,32776,2048,128,32776,0,0,13111,13111,0,0
2438,348,3,2048,128,32776,2048,128,32776,0,0,13111,13110,1,0
2439,348,4,2048,128,32776,2048,128,32776,0,0,13110,13110,0,0
2440,348,5,2048,128,32776,2048,128,32776,0,0,13107,13107,0,0
2441,348,6,2048,128,32776,2048,128,32776,0,0,13118,13118,0,0
2442,348,7,2048,128,32776,2048,128,32776,0,0,13118,13107,11,0
2443,349,0,2048,128,32776,2048,128,32776,0,0,13107,13107,0,0
2444,349,2,2048,128,32776,2048,128,32776,0,0,13111,13110,1,0
2445,349,3,2048,128,32776,2048,128,32776,0,0,13110,13110,0,0
2446,349,4,2048,128,32776,2048,128,32776,0,0,13115,13115,0,0
2447,349,5,2048,128,32776,2048,128,32776,0,0,13107,13107,0,0
2448,349,6,2048,128,32776,2048,128,32776,0,0,13107,13107,0,0
2449,349,7,2048,128,32776,2048,128,32776,0,0,13107,13107,0,0
2450,350,0,2048,128,32776,2048,128,32776,0,0,13110,13110,0,0
2451,350,2,2048,128,32776,2048,128,32776,0,0,13115,13115,0,0
2452,350,3,2048,128,32776,2048,128,32776,0,0,13110,13110,0,0
2453,350,4,2048,128,32776,2048,128,32776,0,0,13110,13103,7,0
2454,350,5,2048,128,32776,2048,128,32776,0,0,13103,13103,0,0
2455,350,6,2048,128,32776,2048,128,32776,0,0,13115,13115,0,0
2456,350,7,2048,128,32776,2048,128,32776,0,0,13115,13110,5,0
2457,351,0,2048,128,32776,2048,128,32776,0,0,13110,13110,0,0
2458,351,2,2048,128,32776,2048,128,32776,0,0,13110,13110,0,0
2459,351,3,2048,128,32776,2048,128,32776,0,0,13110,13122,-12,0
2460,351,4,2048,128,32776,2048,128,32776,0,0,13122,13122,0,0
2461,351,5,2048,128,32776,2048,128,32776,0,0,13114,13114,0,0
2462,351,6,2048,128,32776,2048,128,32776,0,0,13114,13115,-1,0
2463,351,7,2048,128,32776,2048,128,32776,0,0,13115,13115,0,0
2464,352,0,2048,128,32776,2048,128,32776,0,0,13110,13110,0,0
2465,352,2,2048,128,32776,2048,128,32776,0,0,13114,13114,0,0
2466,352,3,2048,128,32776,2048,128,32776,0,0,13102,13102,0,0
2467,352,4,2048,128,32776,2048,128,32776,0,0,13106,13106,0,0
2468,352,5,2048,128,32776,2048,128,32776,0,0,13106,13106,0,0
2469,352,6,2048,128,32776,2048,128,32776,0,0,13106,13106,0,0
2470,352,7,2048,128,32776,2048,128,32776,0,0,13106,13106,0,0
2471,353,0,2048,128,32776,2048,128,32776,0,0,13106,13114,-8,0
2472,353,2,2048,128,32776,2048,128,32776,0,0,13106,13106,0,0
2473,353,3,2048,128,32776,2048,128,32776,0,0,13107,13107,0,0
2474,353,4,2048,128,32776,2048,128,32776,0,0,13107,13107,0,0
2475,353,5,2048,128,32776,2048,128,32776,0,0,13111,13111,0,0
2476,353,6,2048,128,32776,2048,128,32776,0,0,13110,13110,0,0
2477,353,7,2048,128,32776,2048,128,32776,0,0,13110,13110,0,0
2478,354,0,2048,128,32776,2048,128,32776,0,0,13110,13110,0,0
2479,354,2,2048,128,32776,2048,128,32776,0,0,13107,13110,-3,0
2480,354,3,2048,128,32776,2048,128,32776,0,0,13110,13110,0,0
2481,354,4,2048,128,32776,2048,128,32776,0,0,13107,13107,0,0
2482,354,5,2048,128,32776,2048,128,32776,0,0,13107,13102,5,0
2483,354,6,2048,128,32776,2048,128,32776,0,0,13102,13102,0,0
2484,354,7,2048,128,32776,2048,128,32776,0,0,13102,13102,0,0
2485,355,0,2048,128,32776,2048,128,32776,0,0,13106,13106,0,0
2486,355,2,2048,128,32776,2048,128,32776,0,0,13107,13107,0,0
2487,355,3,2048,128,32776,2048,128,32776,0,0,13106,13106,0,0
2488,355,4,2048,128,32776,2048,128,32776,0,0,13106,13107,-1,0
2489,355,5,2048,128,32776,2048,128,32776,0,0,13107,13107,0,0
2490,355,6,2048,128,32776,2048,128,32776,0,0,13110,13110,0,0
2491,355,7,2048,128,32776,2048,128,32776,0,0,13110,13106,4,0
2492,356,0,2048,128,32776,2048,128,32776,0,0,13106,13106,0,0
2493,356,2,2048,128,32776,2048,128,32776,0,0,13106,13106,0,0
2494,356,3,2048,128,32776,2048,128,32776,0,0,13106,13110,-4,0
2495,356,4,2048,128,32776,2048,128,32776,0,0,13110,13110,0,0
2496,356,5,2048,128,32776,2048,128,32776,0,0,13114,13114,0,0
2497,356,6,2048,128,32776,2048,128,32776,0,0,13114,13107,7,0
2498,356,7,2048,128,32776,2048,128,32776,0,0,13107,13107,0,0
2499,357,0,2048,128,32776,2048,128,32776,0,0,13110,13110,0,0
2500,357,2,2048,128,32776,2048,128,32776,0,0,13102,13102,0,0
2501,357,3,2048,128,32776,2048,128,32776,0,0,13111,13111,0,0
2502,357,4,2048,128,32776,2048,128,32776,0,0,13107,13107,0,0
2503,357,5,2048,128,32776,2048,128,32776,0,0,13107,13111,-4,0
2504,357,6,2048,128,32776,2048,128,32776,0,0,13111,13111,0,0
2505,357,7,2048,128,32776,2048,128,32776,0,0,13118,13118,0,0
2506,358,0,2048,128,32776,2048,128,32776,0,0,13118,13111,7,0
2507,358,2,2048,128,32776,2048,128,32776,0,0,13107,13107,0,0
2508,358,3,2048,128,32776,2048,128,32776,0,0,13107,13103,4,0
2509,358,4,2048,128,32776,2048,128,32776,0,0,13103,13103,0,0
2510,358,5,2048,128,32776,2048,128,32776,0,0,13115,13115,0,0
2511,358,6,2048,128,32776,2048,128,32776,0,0,13107,13107,0,0
2512,358,7,2048,128,32776,2048,128,32776,0,0,13107,13103,4,0
2513,359,0,2048,128,32776,2048,128,32776,0,0,13103,13103,0,0
2514,359,2,2048,128,32776,2048,128,32776,0,0,13110,13106,4,0
2515,359,3,2048,128,32776,2048,128,32776,0,0,13106,13106,0,0
2516,359,4,2048,128,32776,2048,128,32776,0,0,13106,13106,0,0
2517,359,5,2048,128,32776,2048,128,32776,0,0,13106,13106,0,0
2518,359,6,2048,128,32776,2048,128,32776,0,0,13106,13106,0,0
2519,359,7,2048,128,32776,2048,128,32776,0,0,13111,13111,0,0
2520,360,0,2048,128,32776,2048,128,32776,0,0,13103,13103,0,0
2521,360,2,2048,128,32776,2048,128,32776,0,0,13103,13103,0,0
2522,360,3,2048,128,32776,2048,128,32776,0,0,13103,13103,0,0
2523,360,4,2048,128,32776,2048,128,32776,0,0,13103,13099,4,0
2524,360,5,2048,128,32776,2048,128,32776,0,0,13099,13099,0,0
2525,360,6,2048,128,32776,2048,128,32776,0,0,13110,13110,0,0
2526,360,7,2048,128,32776,2048,128,32776,0,0,13110,13111,-1,0
2527,361,0,2048,128,32776,2048,128,32776,0,0,13111,13111,0,0
2528,361,2,2048,128,32776,2048,128,32776,0,0,13106,13106,0,0
2529,361,3,2048,128,32776,2048,128,32776,0,0,13106,13110,-4,0
2530,361,4,2048,128,32776,2048,128,32776,0,0,13110,13110,0,0
2531,361,5,2048,128,32776,2048,128,32776,0,0,13107,13107,0,0
2532,361,6,2048,128,32776,2048,128,32776,0,0,13107,13107,0,0
2533,361,7,2048,128,32776,2048,128,32776,0,0,13107,13107,0,0
2534,362,0,2048,128,32776,2048,128,32776,0,0,13110,13110,0,0
2535,362,2,2048,128,32776,2048,128,32776,0,0,13106,13106,0,0
2536,362,3,2048,128,32776,2048,128,32776,0,0,13107,13107,0,0
2537,362,4,2048,128,32776,2048,128,32776,0,0,13114,13114,0,0
2538,362,5,2048,128,32776,2048,128,32776,0,0,13114,13114,0,0
2539,362,6,2048,128,32776,2048,128,32776,0,0,13114,13114,0,0
2540,362,7,2048,128,32776,2048,128,32776,0,0,13111,13111,0,0
2541,363,0,2048,128,32776,2048,128,32776,0,0,13111,13115,-4,0
2542,363,2,2048,128,32776,2048,128,32776,0,0,13119,13119,0,0
2543,363,3,2048,128,32776,2048,128,32776,0,0,13119,13107,12,0
2544,363,4,2048,128,32776,2048,128,32776,0,0,13107,13107,0,0
2545,363,5,2048,128,32776,2048,128,32776,0,0,13115,13115,0,0
2546,363,6,2048,128,32776,2048,128,32776,0,0,13107,13107,0,0
2547,363,7,2048,128,32776,2048,128,32776,0,0,13107,13107,0,0
2548,364,0,2048,128,32776,2048,128,32776,0,0,13106,13106,0,0
2549,364,2,2048,128,32776,2048,128,32776,0,0,13118,13110,8,0
2550,364,3,2048,128,32776,2048,128,32776,0,0,13110,13110,0,0
2551,364,4,2048,128,32776,2048,128,32776,0,0,13114,13114,0,0
2552,364,5,2048,128,32776,2048,128,32776,0,0,13114,13107,7,0
2553,364,6,2048,128,32776,2048,128,32776,0,0,13107,13107,0,0
2554,364,7,2048,128,32776,2048,128,32776,0,0,13106,13106,0,0
2555,365,0,2048,128,32776,2048,128,32776,0,0,13115,13115,0,0
2556,365,2,2048,128,32776,2048,128,32776,0,0,13114,13114,0,0
2557,365,3,2048,128,32776,2048,128,32776,0,0,13107,13107,0,0
2558,365,4,2048,128,32776,2048,128,32776,0,0,13107,13110,-3,0
2559,365,5,2048,128,32776,2048,128,32776,0,0,13110,13110,0,0
2560,365,6,2048,128,32776,2048,128,32776,0,0,13102,13102,0,0
2561,365,7,2048,128,32776,2048,128,32776,0,0,13110,13110,0,0
2562,366,0,2048,128,32776,2048,128,32776,0,0,13110,13110,0,0
2563,366,2,2048,128,32776,2048,128,32776,0,0,13111,13111,0,0
2564,366,3,2048,128,32776,2048,128,32776,0,0,13111,13111,0,0
2565,366,4,2048,128,32776,2048,128,32776,0,0,13114,13114,0,0
2566,366,5,2048,128,32776,2048,128,32776,0,0,13111,13111,0,0
2567,366,6,2048,128,32776,2048,128,32776,0,0,13111,13107,4,0
2568,366,7,2048,128,32776,2048,128,32776,0,0,13107,13107,0,0
2569,367,0,2048,128,32776,2048,128,32776,0,0,13111,13111,0,0
2570,367,2,2048,128,32776,2048,128,32776,0,0,13111,13111,0,0
2571,367,3,2048,128,32776,2048,128,32776,0,0,13102,13102,0,0
2572,367,4,2048,128,32776,2048,128,32776,0,0,13114,13114,0,0
2573,367,5,2048,128,32776,2048,128,32776,0,0,13114,13114,0,0
2574,367,6,2048,128,32776,2048,128,32776,0,0,13110,13110,0,0
2575,367,7,2048,128,32776,2048,128,32776,0,0,13118,13118,0,0
2576,368,0,2048,128,32776,2048,128,32776,0,0,13118,13110,8,0
2577,368,2,2048,128,32776,2048,128,32776,0,0,13106,13106,0,0
2578,368,3,2048,128,32776,2048,128,32776,0,0,13114,13114,0,0
2579,368,4,2048,128,32776,2048,128,32776,0,0,13114,13114,0,0
2580,368,5,2048,128,32776,2048,128,32776,0,0,13118,13118,0,0
2581,368,6,2048,128,32776,2048,128,32776,0,0,13107,13107,0,0
2582,368,7,2048,128,32776,2048,128,32776,0,0,13107,13107,0,0
2583,369,0,2048,128,32776,2048,128,32776,0,0,13106,13106,0,0
2584,369,2,2048,128,32776,2048,128,32776,0,0,13107,13115,-8,0
2585,369,3,2048,128,32776,2048,128,32776,0,0,13115,13115,0,0
2586,369,4,2048,128,32776,2048,128,32776,0,0,13107,13107,0,0
2587,369,5,2048,128,32776,2048,128,32776,0,0,13107,13110,-3,0
2588,369,6,2048,128,32776,2048,128,32776,0,0,13110,13110,0,0
2589,369,7,2048,128,32776,2048,128,32776,0,0,13111,13111,0,0
2590,370,0,2048,128,32776,2048,128,32776,0,0,13107,13107,0,0
2591,370,2,2048,128,32776,2048,128,32776,0,0,13103,13103,0,0
2592,370,3,2048,128,32776,2048,128,32776,0,0,13114,13114,0,0
2593,370,4,2048,128,32776,2048,128,32776,0,0,13114,13102,12,0
2594,370,5,2048,128,32776,2048,128,32776,0,0,13102,13102,0,0
2595,370,6,2048,128,32776,2048,128,32776,0,0,13106,13106,0,0
2596,370,7,2048,128,32776,2048,128,32776,0,0,13106,13106,0,0
2597,371,0,2048,128,32776,2048,128,32776,0,0,13106,13106,0,0
2598,371,2,2048,128,32776,2048,128,32776,0,0,13111,13111,0,0
2599,371,3,2048,128,32776,2048,128,32776,0,0,13111,13111,0,0
2600,371,4,2048,128,32776,2048,128,32776,0,0,13107,13107,0,0
2601,371,5,2048,128,32776,2048,128,32776,0,0,13111,13111,0,0
2602,371,6,2048,128,32776,2048,128,32776,0,0,13111,13099,12,0
2603,371,7,2048,128,32776,2048,128,32776,0,0,13099,13099,0,0
2604,372,0,2048,128,32776,2048,128,32776,0,0,13106,13106,0,0
2605,372,2,2048,128,32776,2048,128,32776,0,0,13110,13110,0,0
2606,372,3,2048,128,32776,2048,128,32776,0,0,13110,13110,0,0
2607,372,4,2048,128,32776,2048,128,32776,0,0,13110,13110,0,0
2608,372,5,2048,128,32776,2048,128,32776,0,0,13110,13110,0,0
2609,372,6,2048,128,32776,2048,128,32776,0,0,13098,13098,0,0
2610,372,7,2048,128,32776,2048,128,32776,0,0,13110,13110,0,0
2611,373,0,2048,128,32776,2048,128,32776,0,0,13110,13110,0,0
2612,373,2,2048,128,32776,2048,128,32776,0,0,13111,13111,0,0
2613,373,3,2048,128,32776,2048,128,32776,0,0,13111,13123,-12,0
2614,373,4,2048,128,32776,2048,128,32776,0,0,13123,13123,0,0
2615,373,5,2048,128,32776,2048,128,32776,0,0,13111,13111,0,0
2616,373,6,2048,128,32776,2048,128,32776,0,0,13114,13114,0,0
2617,373,7,2048,128,32776,2048,128,32776,0,0,13114,13114,0,0
2618,374,0,2048,128,32776,2048,128,32776,0,0,13110,13110,0,0
2619,374,2,2048,128,32776,2048,128,32776,0,0,13107,13114,-7,0
2620,374,3,2048,128,32776,2048,128,32776,0,0,13114,13114,0,0
2621,374,4,2048,128,32776,2048,128,32776,0,0,13107,13107,0,0
2622,374,5,2048,128,32776,2048,128,32776,0,0,13115,13115,0,0
2623,374,6,2048,128,32776,2048,128,32776,0,0,13115,13115,0,0
2624,374,7,2048,128,32776,2048,128,32776,0,0,13111,13111,0,0
2625,375,0,2048,128,32776,2048,128,32776,0,0,13115,13115,0,0
2626,375,2,2048,128,32776,2048,128,32776,0,0,13107,13107,0,0
2627,375,3,2048,128,32776,2048,128,32776,0,0,13099,13099,0,0
2628,375,4,2048,128,32776,2048,128,32776,0,0,13099,13115,-16,0
2629,375,5,2048,128,32776,2048,128,32776,0,0,13115,13115,0,0
2630,375,6,2048,128,32776,2048,128,32776,0,0,13114,13114,0,0
2631,375,7,2048,128,32776,2048,128,32776,0,0,13103,13103,0,0
2632,376,0,2048,128,32776,2048,128,32776,0,0,13103,13103,0,0
2633,376,2,2048,128,32776,2048,128,32776,0,0,13110,13110,0,0
2634,376,3,2048,128,32776,2048,128,32776,0,0,13110,13110,0,0
2635,376,4,2048,128,32776,2048,128,32776,0,0,13110,13110,0,0
2636,376,5,2048,128,32776,2048,128,32776,0,0,13114,13114,0,0
2637,376,6,2048,128,32776,2048,128,32776,0,0,13114,13107,7,0
2638,376,7,2048,128,32776,2048,128,32776,0,0,13107,13107,0,0
2639,377,0,2048,128,32776,2048,128,32776,0,0,13106,13106,0,0
2640,377,2,2048,128,32776,2048,128,32776,0,0,13106,13106,0,0
2641,377,3,2048,128,32776,2048,128,32776,0,0,13102,13102,0,0
2642,377,4,2048,128,32776,2048,128,32776,0,0,13110,13110,0,0
2643,377,5,2048,128,32776,2048,128,32776,0,0,13110,13110,0,0
2644,377,6,2048,128,32776,2048,128,32776,0,0,13114,13114,0,0
2645,377,7,2048,128,32776,2048,128,32776,0,0,13110,13110,0,0
2646,378,0,2048,128,32776,2048,128,32776,0,0,13110,13103,7,0
2647,378,2,2048,128,32776,2048,128,32776,0,0,13111,13111,0,0
2648,378,3,2048,128,32776,2048,128,32776,0,0,13111,13102,9,0
2649,378,4,2048,128,32776,2048,128,32776,0,0,13102,13102,0,0
2650,378,5,2048,128,32776,2048,128,32776,0,0,13103,13103,0,0
2651,378,6,2048,128,32776,2048,128,32776,0,0,13103,13103,0,0
2652,378,7,2048,128,32776,2048,128,32776,0,0,13103,13103,0,0
2653,379,0,2048,128,32776,2048,128,32776,0,0,13102,13102,0,0
2654,379,2,2048,128,32776,2048,128,32776,0,0,13107,13103,4,0
2655,379,3,2048,128,32776,2048,128,32776,0,0,13103,13103,0,0
2656,379,4,2048,128,32776,2048,128,32776,0,0,13110,13110,0,0
2657,379,5,2048,128,32776,2048,128,32776,0,0,13115,13115,0,0
2658,379,6,2048,128,32776,2048,128,32776,0,0,13115,13115,0,0
2659,379,7,2048,128,32776,2048,128,32776,0,0,13102,13102,0,0
2660,380,0,2048,128,32776,2048,128,32776,0,0,13106,13106,0,0
2661,380,2,2048,128,32776,2048,128,32776,0,0,13110,13110,0,0
2662,380,3,2048,128,32776,2048,128,32776,0,0,13103,13103,0,0
2663,380,4,2048,128,32776,2048,128,32776,0,0,13103,13106,-3,0
2664,380,5,2048,128,32776,2048,128,32776,0,0,13106,13106,0,0
2665,380,6,2048,128,32776,2048,128,32776,0,0,13102,13102,0,0
2666,380,7,2048,128,32776,2048,128,32776,0,0,13102,13098,4,0
2667,381,0,2048,128,32776,2048,128,32776,0,0,13098,13098,0,0
2668,381,2,2048,128,32776,2048,128,32776,0,0,13099,13099,0,0
2669,381,3,2048,128,32776,2048,128,32776,0,0,13099,13099,0,0
2670,381,4,2048,128,32776,2048,128,32776,0,0,13107,13107,0,0
2671,381,5,2048,128,32776,2048,128,32776,0,0,13111,13111,0,0
2672,381,6,2048,128,32776,2048,128,32776,0,0,13111,13107,4,0
2673,381,7,2048,128,32776,2048,128,32776,0,0,13107,13107,0,0
2674,382,0,2048,128,32776,2048,128,32776,0,0,13107,13107,0,0
2675,382,2,2048,128,32776,2048,128,32776,0,0,13103,13103,0,0
2676,382,3,2048,128,32776,2048,128,32776,0,0,13110,13110,0,0
2677,382,4,2048,128,32776,2048,128,32776,0,0,13103,13103,0,0
2678,382,5,2048,128,32776,2048,128,32776,0,0,13103,13103,0,0
2679,382,6,2048,128,32776,2048,128,32776,0,0,13110,13110,0,0
2680,382,7,2048,128,32776,2048,128,32776,0,0,13110,13110,0,0
2681,383,0,2048,128,32776,2048,128,32776,0,0,13110,13111,-1,0
2682,383,2,2048,128,32776,2048,128,32776,0,0,13118,13118,0,0
2683,383,3,2048,128,32776,2048,128,32776,0,0,13107,13107,0,0
2684,383,4,2048,128,32776,2048,128,32776,0,0,13107,13107,0,0
2685,383,5,2048,128,32776,2048,128,32776,0,0,13106,13106,0,0
2686,383,6,2048,128,32776,2048,128,32776,0,0,13107,13107,0,0
2687,383,7,2048,128,32776,2048,128,32776,0,0,13107,13107,0,0
2688,384,0,2048,128,32776,2048,128,32776,0,0,13102,13102,0,0
2689,384,2,2048,128,32776,2048,128,32776,0,0,13114,13107,7,0
2690,384,3,2048,128,32776,2048,128,32776,0,0,13107,13107,0,0
2691,384,4,2048,128,32776,2048,128,32776,0,0,13111,13111,0,0
2692,384,5,2048,128,32776,2048,128,32776,0,0,13102,13102,0,0
2693,384,6,2048,128,32776,2048,128,32776,0,0,13102,13102,0,0
2694,384,7,2048,128,32776,2048,128,32776,0,0,13107,13107,0,0
2695,385,0,2048,128,32776,2048,128,32776,0,0,13106,13106,0,0
2696,385,2,2048,128,32776,2048,128,32776,0,0,13107,13107,0,0
2697,385,3,2048,128,32776,2048,128,32776,0,0,13102,13102,0,0
2698,385,4,2048,128,32776,2048,128,32776,0,0,13102,13111,-9,0
2699,385,5,2048,128,32776,2048,128,32776,0,0,13111,13111,0,0
2700,385,6,2048,128,32776,2048,128,32776,0,0,13107,13107,0,0
2701,385,7,2048,128,32776,2048,128,32776,0,0,13107,13102,5,0
2702,386,0,2048,128,32776,2048,128,32776,0,0,13102,13102,0,0
2703,386,2,2048,128,32776,2048,128,32776,0,0,13111,13111,0,0
2704,386,3,2048,128,32776,2048,128,32776,0,0,13111,13111,0,0
2705,386,4,2048,128,32776,2048,128,32776,0,0,13106,13106,0,0
2706,386,5,2048,128,32776,2048,128,32776,0,0,13107,13107,0,0
2707,386,6,2048,128,32776,2048,128,32776,0,0,13107,13107,0,0
2708,386,7,2048,128,32776,2048,128,32776,0,0,13107,13107,0,0
2709,387,0,2048,128,32776,2048,128,32776,0,0,13110,13110,0,0
2710,387,2,2048,128,32776,2048,128,32776,0,0,13106,13106,0,0
2711,387,3,2048,128,32776,2048,128,32776,0,0,13107,13107,0,0
2712,387,4,2048,128,32776,2048,128,32776,0,0,13118,13118,0,0
2713,387,5,2048,128,32776,2048,128,32776,0,0,13118,13118,0,0
2714,387,6,2048,128,32776,2048,128,32776,0,0,13111,13111,0,0
2715,387,7,2048,128,32776,2048,128,32776,0,0,13110,13110,0,0
2716,388,0,2048,128,32776,2048,128,32776,0,0,13110,13111,-1,0
2717,388,2,2048,128,32776,2048,128,32776,0,0,13118,13118,0,0
2718,388,3,2048,128,32776,2048,128,32776,0,0,13118,13107,11,0
2719,388,4,2048,128,32776,2048,128,32776,0,0,13107,13107,0,0
2720,388,5,2048,128,32776,2048,128,32776,0,0,13107,13107,0,0
2721,388,6,2048,128,32776,2048,128,32776,0,0,13114,13114,0,0
2722,388,7,2048,128,32776,2048,128,32776,0,0,13114,13114,0,0
2723,389,0,2048,128,32776,2048,128,32776,0,0,13106,13106,0,0
2724,389,2,2048,128,32776,2048,128,32776,0,0,13111,13110,1,0
2725,389,3,2048,128,32776,2048,128,32776,0,0,13110,13110,0,0
2726,389,4,2048,128,32776,2048,128,32776,0,0,13114,13114,0,0
2727,389,5,2048,128,32776,2048,128,32776,0,0,13114,13103,11,0
2728,389,6,2048,128,32776,2048,128,32776,0,0,13103,13103,0,0
2729,389,7,2048,128,32776,2048,128,32776,0,0,13114,13114,0,0
2730,390,0,2048,128,32776,2048,128,32776,0,0,13115,13115,0,0
2731,390,2,2048,128,32776,2048,128,32776,0,0,13107,13107,0,0
2732,390,3,2048,128,32776,2048,128,32776,0,0,13111,13111,0,0
2733,390,4,2048,128,32776,2048,128,32776,0,0,13111,13110,1,0
2734,390,5,2048,128,32776,2048,128,32776,0,0,13110,13110,0,0
2735,390,6,2048,128,32776,2048,128,32776,0,0,13107,13107,0,0
2736,390,7,2048,128,32776,2048,128,32776,0,0,13107,13115,-8,0
2737,391,0,2048,128,32776,2048,128,32776,0,0,13115,13115,0,0
2738,391,2,2048,128,32776,2048,128,32776,0,0,13111,13111,0,0
2739,391,3,2048,128,32776,2048,128,32776,0,0,13111,13111,0,0
2740,391,4,2048,128,32776,2048,128,32776,0,0,13103,13103,0,0
2741,391,5,2048,128,32776,2048,128,32776,0,0,13102,13102,0,0
2742,391,6,2048,128,32776,2048,128,32776,0,0,13102,13111,-9,0
2743,391,7,2048,128,32776,2048,128,32776,0,0,13111,13111,0,0
2744,392,0,2048,128,32776,2048,128,32776,0,0,13098,13098,0,0
2745,392,2,2048,128,32776,2048,128,32776,0,0,13111,13111,0,0
2746,392,3,2048,128,32776,2048,128,32776,0,0,13111,13111,0,0
2747,392,4,2048,128,32776,2048,128,32776,0,0,13107,13107,0,0
2748,392,5,2048,128,32776,2048,128,32776,0,0,13107,13107,0,0
2749,392,6,2048,128,32776,2048,128,32776,0,0,13115,13115,0,0
2750,392,7,2048,128,32776,2048,128,32776,0,0,13110,13110,0,0
2751,393,0,2048,128,32776,2048,128,32776,0,0,13110,13102,8,0
2752,393,2,2048,128,32776,2048,128,32776,0,0,13107,13107,0,0
2753,393,3,2048,128,32776,2048,128,32776,0,0,13107,13107,0,0
2754,393,4,2048,128,32776,2048,128,32776,0,0,13107,13107,0,0
2755,393,5,2048,128,32776,2048,128,32776,0,0,13110,13110,0,0
2756,393,6,2048,128,32776,2048,128,32776,0,0,13106,13106,0,0
2757,393,7,2048,128,32776,2048,128,32776,0,0,13106,13106,0,0
2758,394,0,2048,128,32776,2048,128,32776,0,0,13107,13107,0,0
2759,394,2,2048,128,32776,2048,128,32776,0,0,13111,13118,-7,0
2760,394,3,2048,128,32776,2048,128,32776,0,0,13118,13118,0,0
2761,394,4,2048,128,32776,2048,128,32776,0,0,13114,13114,0,0
2762,394,5,2048,128,32776,2048,128,32776,0,0,13114,13107,7,0
2763,394,6,2048,128,32776,2048,128,32776,0,0,13107,13107,0,0
2764,394,7,2048,128,32776,2048,128,32776,0,0,13103,13103,0,0
2765,395,0,2048,128,32776,2048,128,32776,0,0,13106,13106,0,0
2766,395,2,2048,128,32776,2048,128,32776,0,0,13110,13110,0,0
2767,395,3,2048,128,32776,2048,128,32776,0,0,13110,13110,0,0
2768,395,4,2048,128,32776,2048,128,32776,0,0,13110,13115,-5,0
2769,395,5,2048,128,32776,2048,128,32776,0,0,13115,13115,0,0
2770,395,6,2048,128,32776,2048,128,32776,0,0,13107,13107,0,0
2771,395,7,2048,128,32776,2048,128,32776,0,0,13107,13107,0,0
2772,396,0,2048,128,32776,2048,128,32776,0,0,13107,13107,0,0
2773,396,2,2048,128,32776,2048,128,32776,0,0,13107,13107,0,0
2774,396,3,2048,128,32776,2048,128,32776,0,0,13107,13107,0,0
2775,396,4,2048,128,32776,2048,128,32776,0,0,13107,13107,0,0
2776,396,5,2048,128,32776,2048,128,32776,0,0,13107,13107,0,0
2777,396,6,2048,128,32776,2048,128,32776,0,0,13107,13110,-3,0
2778,396,7,2048,128,32776,2048,128,32776,0,0,13110,13110,0,0
2779,397,0,2048,128,32776,2048,128,32776,0,0,13115,13115,0,0
2780,397,2,2048,128,32776,2048,128,32776,0,0,13110,13110,0,0
2781,397,3,2048,128,32776,2048,128,32776,0,0,13107,13107,0,0
2782,397,4,2048,128,32776,2048,128,32776,0,0,13103,13103,0,0
2783,397,5,2048,128,32776,2048,128,32776,0,0,13103,13111,-8,0
2784,397,6,2048,128,32776,2048,128,32776,0,0,13111,13111,0,0
2785,397,7,2048,128,32776,2048,128,32776,0,0,13103,13103,0,0
2786,398,0,2048,128,32776,2048,128,32776,0,0,13103,13107,-4,0
2787,398,2,2048,128,32776,2048,128,32776,0,0,13106,13106,0,0
2788,398,3,2048,128,32776,2048,128,32776,0,0,13106,13111,-5,0
2789,398,4,2048,128,32776,2048,128,32776,0,0,13111,13111,0,0
2790,398,5,2048,128,32776,2048,128,32776,0,0,13114,13114,0,0
2791,398,6,2048,128,32776,2048,128,32776,0,0,13107,13107,0,0
2792,398,7,2048,128,32776,2048,128,32776,0,0,13107,13114,-7,0
2793,399,0,2048,128,32776,2048,128,32776,0,0,13114,13114,0,0
2794,399,2,2048,128,32776,2048,128,32776,0,0,13110,13107,3,0
2795,399,3,2048,128,32776,2048,128,32776,0,0,13107,13107,0,0
2796,399,4,2048,128,32776,2048,128,32776,0,0,13111,13111,0,0
2797,399,5,2048,128,32776,2048,128,32776,0,0,13107,13107,0,0
2798,399,6,2048,128,32776,2048,128,32776,0,0,13107,13107,0,0
2799,399,7,2048,128,32776,2048,128,32776,0,0,13110,13110,0,0
2800,400,0,2048,128,32776,2048,128,32776,0,0,13115,13115,0,0
2801,400,2,2048,128,32776,2048,128,32776,0,0,13110,13110,0,0
2802,400,3,2048,128,32776,2048,128,32776,0,0,13110,13110,0,0
2803,400,4,2048,128,32776,2048,128,32776,0,0,13110,13114,-4,0
2804,400,5,2048,128,32776,2048,128,32776,0,0,13114,13114,0,0
2805,400,6,2048,128,32776,2048,128,32776,0,0,13111,13111,0,0
2806,400,7,2048,128,32776,2048,128,32776,0,0,13111,13115,-4,0
2807,401,0,2048,128,32776,2048,128,32776,0,0,13115,13115,0,0
2808,401,2,2048,128,32776,2048,128,32776,0,0,13111,13111,0,0
2809,401,3,2048,128,32776,2048,128,32776,0,0,13111,13111,0,0
2810,401,4,2048,128,32776,2048,128,32776,0,0,13106,13106,0,0
2811,401,5,2048,128,32776,2048,128,32776,0,0,13115,13115,0,0
2812,401,6,2048,128,32776,2048,128,32776,0,0,13115,13111,4,0
2813,401,7,2048,128,32776,2048,128,32776,0,0,13111,13111,0,0
2814,402,0,2048,128,32776,2048,128,32776,0,0,13111,13111,0,0
2815,402,2,2048,128,32776,2048,128,32776,0,0,13111,13111,0,0
2816,402,3,2048,128,32776,2048,128,32776,0,0,13106,13106,0,0
2817,402,4,2048,128,32776,2048,128,32776,0,0,13110,13110,0,0
2818,402,5,2048,128,32776,2048,128,32776,0,0,13110,13110,0,0
2819,402,6,2048,128,32776,2048,128,32776,0,0,13106,13106,0,0
2820,402,7,2048,128,32776,2048,128,32776,0,0,13114,13114,0,0
2821,403,0,2048,128,32776,2048,128,32776,0,0,13114,13111,3,0
2822,403,2,2048,128,32776,2048,128,32776,0,0,13115,13115,0,0
2823,403,3,2048,128,32776,2048,128,32776,0,0,13110,13110,0,0
2824,403,4,2048,128,32776,2048,128,32776,0,0,13110,13110,0,0
2825,403,5,2048,128,32776,2048,128,32776,0,0,13114,13114,0,0
2826,403,6,2048,128,32776,2048,128,32776,0,0,13107,13107,0,0
2827,403,7,2048,128,32776,2048,128,32776,0,0,13107,13107,0,0
2828,404,0,2048,128,32776,2048,128,32776,0,0,13107,13107,0,0
2829,404,2,2048,128,32776,2048,128,32776,0,0,13103,13111,-8,0
2830,404,3,2048,128,32776,2048,128,32776,0,0,13111,13111,0,0
2831,404,4,2048,128,32776,2048,128,32776,0,0,13111,13111,0,0
2832,404,5,2048,128,32776,2048,128,32776,0,0,13111,13099,12,0
2833,404,6,2048,128,32776,2048,128,32776,0,0,13099,13099,0,0
2834,404,7,2048,128,32776,2048,128,32776,0,0,13110,13110,0,0
2835,405,0,2048,128,32776,2048,128,32776,0,0,13107,13107,0,0
2836,405,2,2048,128,32776,2048,128,32776,0,0,13119,13119,0,0
2837,405,3,2048,128,32776,2048,128,32776,0,0,13111,13111,0,0
2838,405,4,2048,128,32776,2048,128,32776,0,0,13111,13106,5,0
2839,405,5,2048,128,32776,2048,128,32776,0,0,13106,13106,0,0
2840,405,6,2048,128,32776,2048,128,32776,0,0,13106,13106,0,0
2841,405,7,2048,128,32776,2048,128,32776,0,0,13106,13106,0,0
2842,406,0,2048,128,32776,2048,128,32776,0,0,13106,13106,0,0
2843,406,2,2048,128,32776,2048,128,32776,0,0,13114,13114,0,0
2844,406,3,2048,128,32776,2048,128,32776,0,0,13114,13114,0,0
2845,406,4,2048,128,32776,2048,128,32776,0,0,13111,13111,0,0
2846,406,5,2048,128,32776,2048,128,32776,0,0,13106,13106,0,0
2847,406,6,2048,128,32776,2048,128,32776,0,0,13106,13107,-1,0
2848,406,7,2048,128,32776,2048,128,32776,0,0,13107,13107,0,0
2849,407,0,2048,128,32776,2048,128,32776,0,0,13111,13111,0,0
2850,407,2,2048,128,32776,2048,128,32776,0,0,13111,13111,0,0
2851,407,3,2048,128,32776,2048,128,32776,0,0,13106,13106,0,0
2852,407,4,2048,128,32776,2048,128,32776,0,0,13115,13115,0,0
2853,407,5,2048,128,32776,2048,128,32776,0,0,13115,13115,0,0
2854,407,6,2048,128,32776,2048,128,32776,0,0,13102,13102,0,0
2855,407,7,2048,128,32776,2048,128,32776,0,0,13114,13114,0,0
2856,408,0,2048,128,32776,2048,128,32776,0,0,13114,13103,11,0
2857,408,2,2048,128,32776,2048,128,32776,0,0,13107,13107,0,0
2858,408,3,2048,128,32776,2048,128,32776,0,0,13111,13111,0,0
2859,408,4,2048,128,32776,2048,128,32776,0,0,13111,13111,0,0
2860,408,5,2048,128,32776,2048,128,32776,0,0,13110,13110,0,0
2861,408,6,2048,128,32776,2048,128,32776,0,0,13107,13107,0,0
2862,408,7,2048,128,32776,2048,128,32776,0,0,13107,13107,0,0
2863,409,0,2048,128,32776,2048,128,32776,0,0,13102,13102,0,0
2864,409,2,2048,128,32776,2048,128,32776,0,0,13110,13127,-17,0
2865,409,3,2048,128,32776,2048,128,32776,0,0,13127,13127,0,0
2866,409,4,2048,128,32776,2048,128,32776,0,0,13107,13107,0,0
2867,409,5,2048,128,32776,2048,128,32776,0,0,13107,13106,1,0
2868,409,6,2048,128,32776,2048,128,32776,0,0,13106,13106,0,0
2869,409,7,2048,128,32776,2048,128,32776,0,0,13106,13106,0,0
2870,410,0,2048,128,32776,2048,128,32776,0,0,13110,13110,0,0
2871,410,2,2048,128,32776,2048,128,32776,0,0,13106,13106,0,0
2872,410,3,2048,128,32776,2048,128,32776,0,0,13106,13106,0,0
2873,410,4,2048,128,32776,2048,128,32776,0,0,13106,13110,-4,0
2874,410,5,2048,128,32776,2048,128,32776,0,0,13110,13110,0,0
2875,410,6,2048,128,32776,2048,128,32776,0,0,13110,13110,0,0
2876,410,7,2048,128,32776,2048,128,32776,0,0,13110,13110,0,0
2877,411,0,2048,128,32776,2048,128,32776,0,0,13110,13110,0,0
2878,411,2,2048,128,32776,2048,128,32776,0,0,13102,13102,0,0
2879,411,3,2048,128,32776,2048,128,32776,0,0,13102,13106,-4,0
2880,411,4,2048,128,32776,2048,128,32776,0,0,13106,13106,0,0
2881,411,5,2048,128,32776,2048,128,32776,0,0,13107,13107,0,0
2882,411,6,2048,128,32776,2048,128,32776,0,0,13107,13102,5,0
2883,411,7,2048,128,32776,2048,128,32776,0,0,13102,13102,0,0
2884,412,0,2048,128,32776,2048,128,32776,0,0,13103,13103,0,0
2885,412,2,2048,128,32776,2048,128,32776,0,0,13111,13111,0,0
2886,412,3,2048,128,32776,2048,128,32776,0,0,13114,13114,0,0
2887,412,4,2048,128,32776,2048,128,32776,0,0,13106,13106,0,0
2888,412,5,2048,128,32776,2048,128,32776,0,0,13106,13106,0,0
2889,412,6,2048,128,32776,2048,128,32776,0,0,13107,13107,0,0
2890,412,7,2048,128,32776,2048,128,32776,0,0,13110,13110,0,0
2891,413,0,2048,128,32776,2048,128,32776,0,0,13110,13110,0,0
2892,413,2,2048,128,32776,2048,128,32776,0,0,13107,13107,0,0
2893,413,3,2048,128,32776,2048,128,32776,0,0,13107,13110,-3,0
2894,413,4,2048,128,32776,2048,128,32776,0,0,13110,13110,0,0
2895,413,5,2048,128,32776,2048,128,32776,0,0,13102,13102,0,0
2896,413,6,2048,128,32776,2048,128,32776,0,0,13111,13111,0,0
2897,413,7,2048,128,32776,2048,128,32776,0,0,13111,13106,5,0
2898,414,0,2048,128,32776,2048,128,32776,0,0,13106,13106,0,0
2899,414,2,2048,128,32776,2048,128,32776,0,0,13107,13107,0,0
2900,414,3,2048,128,32776,2048,128,32776,0,0,13107,13107,0,0
2901,414,4,2048,128,32776,2048,128,32776,0,0,13107,13107,0,0
2902,414,5,2048,128,32776,2048,128,32776,0,0,13107,13110,-3,0
2903,414,6,2048,128,32776,2048,128,32776,0,0,13110,13110,0,0
2904,414,7,2048,128,32776,2048,128,32776,0,0,13118,13118,0,0
2905,415,0,2048,128,32776,2048,128,32776,0,0,13106,13106,0,0
2906,415,2,2048,128,32776,2048,128,32776,0,0,13106,13106,0,0
2907,415,3,2048,128,32776,2048,128,32776,0,0,13114,13114,0,0
2908,415,4,2048,128,32776,2048,128,32776,0,0,13114,13118,-4,0
2909,415,5,2048,128,32776,2048,128,32776,0,0,13118,13118,0,0
2910,415,6,2048,128,32776,2048,128,32776,0,0,13110,13110,0,0
2911,415,7,2048,128,32776,2048,128,32776,0,0,13110,13110,0,0
2912,416,0,2048,128,32776,2048,128,32776,0,0,13110,13110,0,0
2913,416,2,2048,128,32776,2048,128,32776,0,0,13115,13115,0,0
2914,416,3,2048,128,32776,2048,128,32776,0,0,13115,13115,0,0
2915,416,4,2048,128,32776,2048,128,32776,0,0,13119,13119,0,0
2916,416,5,2048,128,32776,2048,128,32776,0,0,13110,13110,0,0
2917,416,6,2048,128,32776,2048,128,32776,0,0,13110,13106,4,0
2918,416,7,2048,128,32776,2048,128,32776,0,0,13106,13106,0,0
2919,417,0,2048,128,32776,2048,128,32776,0,0,13114,13114,0,0
2920,417,2,2048,128,32776,2048,128,32776,0,0,13111,13111,0,0
2921,417,3,2048,128,32776,2048,128,32776,0,0,13111,13111,0,0
2922,417,4,2048,128,32776,2048,128,32776,0,0,13111,13111,0,0
2923,417,5,2048,128,32776,2048,128,32776,0,0,13111,13106,5,0
2924,417,6,2048,128,32776,2048,128,32776,0,0,13106,13106,0,0
2925,417,7,2048,128,32776,2048,128,32776,0,0,13111,13111,0,0
2926,418,0,2048,128,32776,2048,128,32776,0,0,13111,13111,0,0
2927,418,2,2048,128,32776,2048,128,32776,0,0,13111,13111,0,0
2928,418,3,2048,128,32776,2048,128,32776,0,0,13111,13118,-7,0
2929,418,4,2048,128,32776,2048,128,32776,0,0,13118,13118,0,0
2930,418,5,2048,128,32776,2048,128,32776,0,0,13103,13103,0,0
2931,418,6,2048,128,32776,2048,128,32776,0,0,13110,13110,0,0
2932,418,7,2048,128,32776,2048,128,32776,0,0,13110,13110,0,0
2933,419,0,2048,128,32776,2048,128,32776,0,0,13110,13110,0,0
2934,419,2,2048,128,32776,2048,128,32776,0,0,13118,13107,11,0
2935,419,3,2048,128,32776,2048,128,32776,0,0,13107,13107,0,0
2936,419,4,2048,128,32776,2048,128,32776,0,0,13107,13107,0,0
2937,419,5,2048,128,32776,2048,128,32776,0,0,13107,13114,-7,0
2938,419,6,2048,128,32776,2048,128,32776,0,0,13114,13114,0,0
2939,419,7,2048,128,32776,2048,128,32776,0,0,13110,13110,0,0
2940,420,0,2048,128,32776,2048,128,32776,0,0,13111,13111,0,0
2941,420,2,2048,128,32776,2048,128,32776,0,0,13110,13110,0,0
2942,420,3,2048,128,32776,2048,128,32776,0,0,13107,13107,0,0
2943,420,4,2048,128,32776,2048,128,32776,0,0,13107,13103,4,0
2944,420,5,2048,128,32776,2048,128,32776,0,0,13103,13103,0,0
2945,420,6,2048,128,32776,2048,128,32776,0,0,13111,13111,0,0
2946,420,7,2048,128,32776,2048,128,32776,0,0,13111,13111,0,0
2947,421,0,2048,128,32776,2048,128,32776,0,0,13111,13111,0,0
2948,421,2,2048,128,32776,2048,128,32776,0,0,13111,13111,0,0
2949,421,3,2048,128,32776,2048,128,32776,0,0,13111,13111,0,0
2950,421,4,2048,128,32776,2048,128,32776,0,0,13110,13110,0,0
2951,421,5,2048,128,32776,2048,128,32776,0,0,13115,13115,0,0
2952,421,6,2048,128,32776,2048,128,32776,0,0,13115,13110,5,0
2953,421,7,2048,128,32776,2048,128,32776,0,0,13110,13110,0,0
2954,422,0,2048,128,32776,2048,128,32776,0,0,13107,13107,0,0
2955,422,2,2048,128,32776,2048,128,32776,0,0,13110,13110,0,0
2956,422,3,2048,128,32776,2048,128,32776,0,0,13110,13110,0,0
2957,422,4,2048,128,32776,2048,128,32776,0,0,13107,13107,0,0
2958,422,5,2048,128,32776,2048,128,32776,0,0,13107,13107,0,0
2959,422,6,2048,128,32776,2048,128,32776,0,0,13110,13110,0,0
2960,422,7,2048,128,32776,2048,128,32776,0,0,13111,13111,0,0
2961,423,0,2048,128,32776,2048,128,32776,0,0,13111,13110,1,0
2962,423,2,2048,128,32776,2048,128,32776,0,0,13102,13102,0,0
2963,423,3,2048,128,32776,2048,128,32776,0,0,13102,13106,-4,0
2964,423,4,2048,128,32776,2048,128,32776,0,0,13106,13106,0,0
2965,423,5,2048,128,32776,2048,128,32776,0,0,13099,13099,0,0
2966,423,6,2048,128,32776,2048,128,32776,0,0,13110,13110,0,0
2967,423,7,2048,128,32776,2048,128,32776,0,0,13110,13110,0,0
2968,424,0,2048,128,32776,2048,128,32776,0,0,13111,13111,0,0
2969,424,2,2048,128,32776,2048,128,32776,0,0,13110,13110,0,0
2970,424,3,2048,128,32776,2048,128,32776,0,0,13110,13110,0,0
2971,424,4,2048,128,32776,2048,128,32776,0,0,13106,13106,0,0
2972,424,5,2048,128,32776,2048,128,32776,0,0,13106,13107,-1,0
2973,424,6,2048,128,32776,2048,128,32776,0,0,13107,13107,0,0
2974,424,7,2048,128,32776,2048,128,32776,0,0,13098,13098,0,0
2975,425,0,2048,128,32776,2048,128,32776,0,0,13103,13103,0,0
2976,425,2,2048,128,32776,2048,128,32776,0,0,13107,13107,0,0
2977,425,3,2048,128,32776,2048,128,32776,0,0,13107,13107,0,0
2978,425,4,2048,128,32776,2048,128,32776,0,0,13107,13110,-3,0
2979,425,5,2048,128,32776,2048,128,32776,0,0,13110,13110,0,0
2980,425,6,2048,128,32776,2048,128,32776,0,0,13114,13114,0,0
2981,425,7,2048,128,32776,2048,128,32776,0,0,13114,13110,4,0
2982,426,0,2048,128,32776,2048,128,32776,0,0,13110,13110,0,0
2983,426,2,2048,128,32776,2048,128,32776,0,0,13106,13106,0,0
2984,426,3,2048,128,32776,2048,128,32776,0,0,13106,13106,0,0
2985,426,4,2048,128,32776,2048,128,32776,0,0,13110,13110,0,0
2986,426,5,2048,128,32776,2048,128,32776,0,0,13110,13110,0,0
2987,426,6,2048,128,32776,2048,128,32776,0,0,13110,13110,0,0
2988,426,7,2048,128,32776,2048,128,32776,0,0,13110,13110,0,0
2989,427,0,2048,128,32776,2048,128,32776,0,0,13111,13111,0,0
2990,427,2,2048,128,32776,2048,128,32776,0,0,13099,13099,0,0
2991,427,3,2048,128,32776,2048,128,32776,0,0,13107,13107,0,0
2992,427,4,2048,128,32776,2048,128,32776,0,0,13103,13103,0,0
2993,427,5,2048,128,32776,2048,128,32776,0,0,13103,13103,0,0
2994,427,6,2048,128,32776,2048,128,32776,0,0,13114,13114,0,0
2995,427,7,2048,128,32776,2048,128,32776,0,0,13106,13106,0,0
2996,428,0,2048,128,32776,2048,128,32776,0,0,13106,13111,-5,0
2997,428,2,2048,128,32776,2048,128,32776,0,0,13110,13110,0,0
2998,428,3,2048,128,32776,2048,128,32776,0,0,13102,13102,0,0
2999,428,4,2048,128,32776,2048,128,32776,0,0,13102,13102,0,0
3000,428,5,2048,128,32776,2048,128,32776,0,0,13102,13102,0,0
3001,428,6,2048,128,32776,2048,128,32776,0,0,13110,13110,0,0
3002,428,7,2048,128,32776,2048,128,32776,0,0,13110,13110,0,0
3003,429,0,2048,128,32776,2048,128,32776,0,0,13110,13110,0,0
3004,429,2,2048,128,32776,2048,128,32776,0,0,13111,13115,-4,0
3005,429,3,2048,128,32776,2048,128,32776,0,0,13115,13115,0,0
3006,429,4,2048,128,32776,2048,128,32776,0,0,13106,13106,0,0
3007,429,5,2048,128,32776,2048,128,32776,0,0,13106,13111,-5,0
3008,429,6,2048,128,32776,2048,128,32776,0,0,13111,13111,0,0
3009,429,7,2048,128,32776,2048,128,32776,0,0,13115,13115,0,0
3010,430,0,2048,128,32776,2048,128,32776,0,0,13106,13106,0,0
3011,430,2,2048,128,32776,2048,128,32776,0,0,13110,13110,0,0
3012,430,3,2048,128,32776,2048,128,32776,0,0,13110,13110,0,0
3013,430,4,2048,128,32776,2048,128,32776,0,0,13110,13098,12,0
3014,430,5,2048,128,32776,2048,128,32776,0,0,13098,13098,0,0
3015,430,6,2048,128,32776,2048,128,32776,0,0,13102,13102,0,0
3016,430,7,2048,128,32776,2048,128,32776,0,0,13102,13106,-4,0
3017,431,0,2048,128,32776,2048,128,32776,0,0,13106,13106,0,0
3018,431,2,2048,128,32776,2048,128,32776,0,0,13107,13107,0,0
3019,431,3,2048,128,32776,2048,128,32776,0,0,13107,13107,0,0
3020,431,4,2048,128,32776,2048,128,32776,0,0,13106,13106,0,0
3021,431,5,2048,128,32776,2048,128,32776,0,0,13106,13106,0,0
3022,431,6,2048,128,32776,2048,128,32776,0,0,13106,13107,-1,0
3023,431,7,2048,128,32776,2048,128,32776,0,0,13107,13107,0,0
3024,432,0,2048,128,32776,2048,128,32776,0,0,13118,13118,0,0
3025,432,2,2048,128,32776,2048,128,32776,0,0,13110,13110,0,0
3026,432,3,2048,128,32776,2048,128,32776,0,0,13107,13107,0,0
3027,432,4,2048,128,32776,2048,128,32776,0,0,13102,13102,0,0
3028,432,5,2048,128,32776,2048,128,32776,0,0,13102,13102,0,0
3029,432,6,2048,128,32776,2048,128,32776,0,0,13111,13111,0,0
3030,432,7,2048,128,32776,2048,128,32776,0,0,13103,13103,0,0
3031,433,0,2048,128,32776,2048,128,32776,0,0,13103,13107,-4,0
3032,433,2,2048,128,32776,2048,128,32776,0,0,13103,13103,0,0
3033,433,3,2048,128,32776,2048,128,32776,0,0,13106,13106,0,0
3034,433,4,2048,128,32776,2048,128,32776,0,0,13106,13106,0,0
3035,433,5,2048,128,32776,2048,128,32776,0,0,13110,13110,0,0
3036,433,6,2048,128,32776,2048,128,32776,0,0,13111,13111,0,0
3037,433,7,2048,128,32776,2048,128,32776,0,0,13111,13111,0,0
3038,434,0,2048,128,32776,2048,128,32776,0,0,13103,13103,0,0
3039,434,2,2048,128,32776,2048,128,32776,0,0,13107,13107,0,0
3040,434,3,2048,128,32776,2048,128,32776,0,0,13107,13107,0,0
3041,434,4,2048,128,32776,2048,128,32776,0,0,13106,13106,0,0
3042,434,5,2048,128,32776,2048,128,32776,0,0,13106,13102,4,0
3043,434,6,2048,128,32776,2048,128,32776,0,0,13102,13102,0,0
3044,434,7,2048,128,32776,2048,128,32776,0,0,13110,13110,0,0
3045,435,0,2048,128,32776,2048,128,32776,0,0,13110,13110,0,0
3046,435,2,2048,128,32776,2048,128,32776,0,0,13106,13106,0,0
3047,435,3,2048,128,32776,2048,128,32776,0,0,13106,13106,0,0
3048,435,4,2048,128,32776,2048,128,32776,0,0,13106,13106,0,0
3049,435,5,2048,128,32776,2048,128,32776,0,0,13106,13106,0,0
3050,435,6,2048,128,32776,2048,128,32776,0,0,13111,13111,0,0
3051,435,7,2048,128,32776,2048,128,32776,0,0,13107,13107,0,0
3052,436,0,2048,128,32776,2048,128,32776,0,0,13107,13107,0,0
3053,436,2,2048,128,32776,2048,128,32776,0,0,13107,13107,0,0
3054,436,3,2048,128,32776,2048,128,32776,0,0,13107,13107,0,0
3055,436,4,2048,128,32776,2048,128,32776,0,0,13110,13110,0,0
3056,436,5,2048,128,32776,2048,128,32776,0,0,13115,13115,0,0
3057,436,6,2048,128,32776,2048,128,32776,0,0,13115,13102,13,0
3058,436,7,2048,128,32776,2048,128,32776,0,0,13102,13102,0,0
3059,437,0,2048,128,32776,2048,128,32776,0,0,13111,13111,0,0
3060,437,2,2048,128,32776,2048,128,32776,0,0,13110,13110,0,0
3061,437,3,2048,128,32776,2048,128,32776,0,0,13107,13107,0,0
3062,437,4,2048,128,32776,2048,128,32776,0,0,13114,13114,0,0
3063,437,5,2048,128,32776,2048,128,32776,0,0,13114,13107,7,0
3064,437,6,2048,128,32776,2048,128,32776,0,0,13107,13107,0,0
3065,437,7,2048,128,32776,2048,128,32776,0,0,13107,13107,0,0
3066,438,0,2048,128,32776,2048,128,32776,0,0,13107,13107,0,0
3067,438,2,2048,128,32776,2048,128,32776,0,0,13118,13118,0,0
3068,438,3,2048,128,32776,2048,128,32776,0,0,13114,13114,0,0
3069,438,4,2048,128,32776,2048,128,32776,0,0,13114,13114,0,0
3070,438,5,2048,128,32776,2048,128,32776,0,0,13107,13107,0,0
3071,438,6,2048,128,32776,2048,128,32776,0,0,13111,13111,0,0
3072,438,7,2048,128,32776,2048,128,32776,0,0,13111,13111,0,0
3073,439,0,2048,128,32776,2048,128,32776,0,0,13103,13103,0,0
3074,439,2,2048,128,32776,2048,128,32776,0,0,13107,13111,-4,0
3075,439,3,2048,128,32776,2048,128,32776,0,0,13111,13111,0,0
3076,439,4,2048,128,32776,2048,128,32776,0,0,13099,13099,0,0
3077,439,5,2048,128,32776,2048,128,32776,0,0,13099,13111,-12,0
3078,439,6,2048,128,32776,2048,128,32776,0,0,13111,13111,0,0
3079,439,7,2048,128,32776,2048,128,32776,0,0,13103,13103,0,0
3080,440,0,2048,128,32776,2048,128,32776,0,0,13107,13107,0,0
3081,440,2,2048,128,32776,2048,128,32776,0,0,13111,13111,0,0
3082,440,3,2048,128,32776,2048,128,32776,0,0,13106,13106,0,0
3083,440,4,2048,128,32776,2048,128,32776,0,0,13106,13115,-9,0
3084,440,5,2048,128,32776,2048,128,32776,0,0,13115,13115,0,0
3085,440,6,2048,128,32776,2048,128,32776,0,0,13114,13114,0,0
3086,440,7,2048,128,32776,2048,128,32776,0,0,13114,13107,7,0
3087,441,0,2048,128,32776,2048,128,32776,0,0,13107,13107,0,0
3088,441,2,2048,128,32776,2048,128,32776,0,0,13110,13110,0,0
3089,441,3,2048,128,32776,2048,128,32776,0,0,13110,13110,0,0
3090,441,4,2048,128,32776,2048,128,32776,0,0,13107,13107,0,0
3091,441,5,2048,128,32776,2048,128,32776,0,0,13110,13110,0,0
3092,441,6,2048,128,32776,2048,128,32776,0,0,13110,13107,3,0
3093,441,7,2048,128,32776,2048,128,32776,0,0,13107,13107,0,0
3094,442,0,2048,128,32776,2048,128,32776,0,0,13106,13106,0,0
3095,442,2,2048,128,32776,2048,128,32776,0,0,13110,13110,0,0
3096,442,3,2048,128,32776,2048,128,32776,0,0,13106,13106,0,0
3097,442,4,2048,128,32776,2048,128,32776,0,0,13111,13111,0,0
3098,442,5,2048,128,32776,2048,128,32776,0,0,13111,13111,0,0
3099,442,6,2048,128,32776,2048,128,32776,0,0,13111,13111,0,0
3100,442,7,2048,128,32776,2048,128,32776,0,0,13106,13106,0,0
3101,443,0,2048,128,32776,2048,128,32776,0,0,13106,13110,-4,0
3102,443,2,2048,128,32776,2048,128,32776,0,0,13107,13107,0,0
3103,443,3,2048,128,32776,2048,128,32776,0,0,13107,13099,8,0
3104,443,4,2048,128,32776,2048,128,32776,0,0,13099,13099,0,0
3105,443,5,2048,128,32776,2048,128,32776,0,0,13098,13098,0,0
3106,443,6,2048,128,32776,2048,128,32776,0,0,13102,13102,0,0
3107,443,7,2048,128,32776,2048,128,32776,0,0,13102,13102,0,0
3108,444,0,2048,128,32776,2048,128,32776,0,0,13111,13111,0,0
3109,444,2,2048,128,32776,2048,128,32776,0,0,13114,13107,7,0
3110,444,3,2048,128,32776,2048,128,32776,0,0,13107,13107,0,0
3111,444,4,2048,128,32776,2048,128,32776,0,0,13107,13107,0,0
3112,444,5,2048,128,32776,2048,128,32776,0,0,13107,13114,-7,0
3113,444,6,2048,128,32776,2048,128,32776,0,0,13114,13114,0,0
3114,444,7,2048,128,32776,2048,128,32776,0,0,13111,13111,0,0
3115,445,0,2048,128,32776,2048,128,32776,0,0,13107,13107,0,0
3116,445,2,2048,128,32776,2048,128,32776,0,0,13099,13099,0,0
3117,445,3,2048,128,32776,2048,128,32776,0,0,13111,13111,0,0
3118,445,4,2048,128,32776,2048,128,32776,0,0,13111,13110,1,0
3119,445,5,2048,128,32776,2048,128,32776,0,0,13110,13110,0,0
3120,445,6,2048,128,32776,2048,128,32776,0,0,13110,13110,0,0
3121,445,7,2048,128,32776,2048,128,32776,0,0,13110,13114,-4,0
3122,446,0,2048,128,32776,2048,128,32776,0,0,13114,13114,0,0
3123,446,2,2048,128,32776,2048,128,32776,0,0,13119,13119,0,0
3124,446,3,2048,128,32776,2048,128,32776,0,0,13119,13110,9,0
3125,446,4,2048,128,32776,2048,128,32776,0,0,13110,13110,0,0
3126,446,5,2048,128,32776,2048,128,32776,0,0,13111,13111,0,0
3127,446,6,2048,128,32776,2048,128,32776,0,0,13111,13107,4,0
3128,446,7,2048,128,32776,2048,128,32776,0,0,13107,13107,0,0
3129,447,0,2048,128,32776,2048,128,32776,0,0,13103,13103,0,0
3130,447,2,2048,128,32776,2048,128,32776,0,0,13106,13106,0,0
3131,447,3,2048,128,32776,2048,128,32776,0,0,13102,13102,0,0
3132,447,4,2048,128,32776,2048,128,32776,0,0,13106,13106,0,0
3133,447,5,2048,128,32776,2048,128,32776,0,0,13106,13106,0,0
3134,447,6,2048,128,32776,2048,128,32776,0,0,13111,13111,0,0
3135,447,7,2048,128,32776,2048,128,32776,0,0,13111,13111,0,0
3136,448,0,2048,128,32776,2048,128,32776,0,0,13111,13114,-3,0
3137,448,2,2048,128,32776,2048,128,32776,0,0,13110,13110,0,0
3138,448,3,2048,128,32776,2048,128,32776,0,0,13107,13107,0,0
3139,448,4,2048,128,32776,2048,128,32776,0,0,13107,13107,0,0
3140,448,5,2048,128,32776,2048,128,32776,0,0,13110,13110,0,0
3141,448,6,2048,128,32776,2048,128,32776,0,0,13107,13107,0,0
3142,448,7,2048,128,32776,2048,128,32776,0,0,13107,13106,1,0
3143,449,0,2048,128,32776,2048,128,32776,0,0,13106,13106,0,0
3144,449,2,2048,128,32776,2048,128,32776,0,0,13111,13110,1,0
3145,449,3,2048,128,32776,2048,128,32776,0,0,13110,13110,0,0
3146,449,4,2048,128,32776,2048,128,32776,0,0,13110,13110,0,0
3147,449,5,2048,128,32776,2048,128,32776,0,0,13110,13106,4,0
3148,449,6,2048,128,32776,2048,128,32776,0,0,13106,13106,0,0
3149,449,7,2048,128,32776,2048,128,32776,0,0,13110,13110,0,0
3150,450,0,2048,128,32776,2048,128,32776,0,0,13107,13107,0,0
3151,450,2,2048,128,32776,2048,128,32776,0,0,13111,13111,0,0
3152,450,3,2048,128,32776,2048,128,32776,0,0,13110,13110,0,0
3153,450,4,2048,128,32776,2048,128,32776,0,0,13110,13107,3,0
3154,450,5,2048,128,32776,2048,128,32776,0,0,13107,13107,0,0
3155,450,6,2048,128,32776,2048,128,32776,0,0,13103,13103,0,0
3156,450,7,2048,128,32776,2048,128,32776,0,0,13103,13107,-4,0
3157,451,0,2048,128,32776,2048,128,32776,0,0,13107,13107,0,0
3158,451,2,2048,128,32776,2048,128,32776,0,0,13115,13115,0,0
3159,451,3,2048,128,32776,2048,128,32776,0,0,13115,13107,8,0
3160,451,4,2048,128,32776,2048,128,32776,0,0,13107,13107,0,0
3161,451,5,2048,128,32776,2048,128,32776,0,0,13110,13110,0,0
3162,451,6,2048,128,32776,2048,128,32776,0,0,13110,13111,-1,0
3163,451,7,2048,128,32776,2048,128,32776,0,0,13111,13111,0,0
3164,452,0,2048,128,32776,2048,128,32776,0,0,13111,13111,0,0
3165,452,2,2048,128,32776,2048,128,32776,0,0,13106,13106,0,0
3166,452,3,2048,128,32776,2048,128,32776,0,0,13110,13110,0,0
3167,452,4,2048,128,32776,2048,128,32776,0,0,13111,13111,0,0
3168,452,5,2048,128,32776,2048,128,32776,0,0,13111,13110,1,0
3169,452,6,2048,128,32776,2048,128,32776,0,0,13110,13110,0,0
3170,452,7,2048,128,32776,2048,128,32776,0,0,13111,13111,0,0
3171,453,0,2048,128,32776,2048,128,32776,0,0,13111,13110,1,0
3172,453,2,2048,128,32776,2048,128,32776,0,0,13111,13111,0,0
3173,453,3,2048,128,32776,2048,128,32776,0,0,13111,13111,0,0
3174,453,4,2048,128,32776,2048,128,32776,0,0,13111,13111,0,0
3175,453,5,2048,128,32776,2048,128,32776,0,0,13111,13111,0,0
3176,453,6,2048,128,32776,2048,128,32776,0,0,13111,13111,0,0
3177,453,7,2048,128,32776,2048,128,32776,0,0,13111,13107,4,0
3178,454,0,2048,128,32776,2048,128,32776,0,0,13107,13107,0,0
3179,454,2,2048,128,32776,2048,128,32776,0,0,13110,13106,4,0
3180,454,3,2048,128,32776,2048,128,32776,0,0,13106,13106,0,0
3181,454,4,2048,128,32776,2048,128,32776,0,0,13111,13111,0,0
3182,454,5,2048,128,32776,2048,128,32776,0,0,13107,13107,0,0
3183,454,6,2048,128,32776,2048,128,32776,0,0,13107,13107,0,0
3184,454,7,2048,128,32776,2048,128,32776,0,0,13107,13107,0,0
3185,455,0,2048,128,32776,2048,128,32776,0,0,13110,13110,0,0
3186,455,2,2048,128,32776,2048,128,32776,0,0,13107,13107,0,0
3187,455,3,2048,128,32776,2048,128,32776,0,0,13106,13106,0,0
3188,455,4,2048,128,32776,2048,128,32776,0,0,13106,13106,0,0
3189,455,5,2048,128,32776,2048,128,32776,0,0,13106,13106,0,0
3190,455,6,2048,128,32776,2048,128,32776,0,0,13102,13102,0,0
3191,455,7,2048,128,32776,2048,128,32776,0,0,13102,13106,-4,0
3192,456,0,2048,128,32776,2048,128,32776,0,0,13106,13106,0,0
3193,456,2,2048,128,32776,2048,128,32776,0,0,13118,13118,0,0
3194,456,3,2048,128,32776,2048,128,32776,0,0,13118,13111,7,0
3195,456,4,2048,128,32776,2048,128,32776,0,0,13111,13111,0,0
3196,456,5,2048,128,32776,2048,128,32776,0,0,13114,13114,0,0
3197,456,6,2048,128,32776,2048,128,32776,0,0,13114,13106,8,0
3198,456,7,2048,128,32776,2048,128,32776,0,0,13106,13106,0,0
3199,457,0,2048,128,32776,2048,128,32776,0,0,13107,13107,0,0
3200,457,2,2048,128,32776,2048,128,32776,0,0,13102,13102,0,0
3201,457,3,2048,128,32776,2048,128,32776,0,0,13107,13107,0,0
3202,457,4,2048,128,32776,2048,128,32776,0,0,13111,13111,0,0
3203,457,5,2048,128,32776,2048,128,32776,0,0,13111,13111,0,0
3204,457,6,2048,128,32776,2048,128,32776,0,0,13103,13103,0,0
3205,457,7,2048,128,32776,2048,128,32776,0,0,13111,13111,0,0
3206,458,0,2048,128,32776,2048,128,32776,0,0,13111,13118,-7,0
3207,458,2,2048,128,32776,2048,128,32776,0,0,13110,13110,0,0
3208,458,3,2048,128,32776,2048,128,32776,0,0,13103,13103,0,0
3209,458,4,2048,128,32776,2048,128,32776,0,0,13103,13103,0,0
3210,458,5,2048,128,32776,2048,128,32776,0,0,13110,13110,0,0
3211,458,6,2048,128,32776,2048,128,32776,0,0,13115,13115,0,0
3212,458,7,2048,128,32776,2048,128,32776,0,0,13115,13115,0,0
3213,459,0,2048,128,32776,2048,128,32776,0,0,13107,13107,0,0
3214,459,2,2048,128,32776,2048,128,32776,0,0,13110,13111,-1,0
3215,459,3,2048,128,32776,2048,128,32776,0,0,13111,13111,0,0
3216,459,4,2048,128,32776,2048,128,32776,0,0,13102,13102,0,0
3217,459,5,2048,128,32776,2048,128,32776,0,0,13102,13110,-8,0
3218,459,6,2048,128,32776,2048,128,32776,0,0,13110,13110,0,0
3219,459,7,2048,128,32776,2048,128,32776,0,0,13106,13106,0,0
3220,460,0,2048,128,32776,2048,128,32776,0,0,13107,13107,0,0
3221,460,2,2048,128,32776,2048,128,32776,0,0,13114,13114,0,0
3222,460,3,2048,128,32776,2048,128,32776,0,0,13106,13106,0,0
3223,460,4,2048,128,32776,2048,128,32776,0,0,13106,13111,-5,0
3224,460,5,2048,128,32776,2048,128,32776,0,0,13111,13111,0,0
3225,460,6,2048,128,32776,2048,128,32776,0,0,13114,13114,0,0
3226,460,7,2048,128,32776,2048,128,32776,0,0,13114,13103,11,0
3227,461,0,2048,128,32776,2048,128,32776,0,0,13103,13103,0,0
3228,461,2,2048,128,32776,2048,128,32776,0,0,13103,13103,0,0
3229,461,3,2048,128,32776,2048,128,32776,0,0,13103,13103,0,0
3230,461,4,2048,128,32776,2048,128,32776,0,0,13111,13111,0,0
3231,461,5,2048,128,32776,2048,128,32776,0,0,13102,13102,0,0
3232,461,6,2048,128,32776,2048,128,32776,0,0,13102,13111,-9,0
3233,461,7,2048,128,32776,2048,128,32776,0,0,13111,13111,0,0
3234,462,0,2048,128,32776,2048,128,32776,0,0,13111,13111,0,0
3235,462,2,2048,128,32776,2048,128,32776,0,0,13106,13106,0,0
3236,462,3,2048,128,32776,2048,128,32776,0,0,13111,13111,0,0
3237,462,4,2048,128,32776,2048,128,32776,0,0,13111,13111,0,0
3238,462,5,2048,128,32776,2048,128,32776,0,0,13111,13106,5,0
3239,462,6,2048,128,32776,2048,128,32776,0,0,13106,13106,0,0
3240,462,7,2048,128,32776,2048,128,32776,0,0,13111,13111,0,0
3241,463,0,2048,128,32776,2048,128,32776,0,0,13111,13103,8,0
3242,463,2,2048,128,32776,2048,128,32776,0,0,13106,13106,0,0
3243,463,3,2048,128,32776,2048,128,32776,0,0,13110,13110,0,0
3244,463,4,2048,128,32776,2048,128,32776,0,0,13110,13110,0,0
3245,463,5,2048,128,32776,2048,128,32776,0,0,13111,13111,0,0
3246,463,6,2048,128,32776,2048,128,32776,0,0,13114,13114,0,0
3247,463,7,2048,128,32776,2048,128,32776,0,0,13114,13118,-4,0
3248,464,0,2048,128,32776,2048,128,32776,0,0,13118,13118,0,0
3249,464,2,2048,128,32776,2048,128,32776,0,0,13103,13102,1,0
3250,464,3,2048,128,32776,2048,128,32776,0,0,13102,13102,0,0
3251,464,4,2048,128,32776,2048,128,32776,0,0,13106,13106,0,0
3252,464,5,2048,128,32776,2048,128,32776,0,0,13106,13106,0,0
3253,464,6,2048,128,32776,2048,128,32776,0,0,13106,13106,0,0
3254,464,7,2048,128,32776,2048,128,32776,0,0,13110,13110,0,0
3255,465,0,2048,128,32776,2048,128,32776,0,0,13110,13110,0,0
3256,465,2,2048,128,32776,2048,128,32776,0,0,13107,13107,0,0
3257,465,3,2048,128,32776,2048,128,32776,0,0,13110,13110,0,0
3258,465,4,2048,128,32776,2048,128,32776,0,0,13110,13102,8,0
3259,465,5,2048,128,32776,2048,128,32776,0,0,13102,13102,0,0
3260,465,6,2048,128,32776,2048,128,32776,0,0,13114,13114,0,0
3261,465,7,2048,128,32776,2048,128,32776,0,0,13114,13106,8,0
3262,466,0,2048,128,32776,2048,128,32776,0,0,13106,13106,0,0
3263,466,2,2048,128,32776,2048,128,32776,0,0,13107,13107,0,0
3264,466,3,2048,128,32776,2048,128,32776,0,0,13107,13107,0,0
3265,466,4,2048,128,32776,2048,128,32776,0,0,13110,13110,0,0
3266,466,5,2048,128,32776,2048,128,32776,0,0,13110,13110,0,0
3267,466,6,2048,128,32776,2048,128,32776,0,0,13110,13107,3,0
3268,466,7,2048,128,32776,2048,128,32776,0,0,13107,13107,0,0
3269,467,0,2048,128,32776,2048,128,32776,0,0,13102,13102,0,0
3270,467,2,2048,128,32776,2048,128,32776,0,0,13110,13110,0,0
3271,467,3,2048,128,32776,2048,128,32776,0,0,13110,13110,0,0
3272,467,4,2048,128,32776,2048,128,32776,0,0,13110,13110,0,0
3273,467,5,2048,128,32776,2048,128,32776,0,0,13110,13110,0,0
3274,467,6,2048,128,32776,2048,128,32776,0,0,13110,13110,0,0
3275,467,7,2048,128,32776,2048,128,32776,0,0,13110,13110,0,0
3276,468,0,2048,128,32776,2048,128,32776,0,0,13110,13114,-4,0
3277,468,2,2048,128,32776,2048,128,32776,0,0,13110,13110,0,0
3278,468,3,2048,128,32776,2048,128,32776,0,0,13111,13111,0,0
3279,468,4,2048,128,32776,2048,128,32776,0,0,13111,13111,0,0
3280,468,5,2048,128,32776,2048,128,32776,0,0,13115,13115,0,0
3281,468,6,2048,128,32776,2048,128,32776,0,0,13111,13111,0,0
3282,468,7,2048,128,32776,2048,128,32776,0,0,13111,13111,0,0
3283,469,0,2048,128,32776,2048,128,32776,0,0,13106,13106,0,0
3284,469,2,2048,128,32776,2048,128,32776,0,0,13099,13114,-15,0
3285,469,3,2048,128,32776,2048,128,32776,0,0,13114,13114,0,0
3286,469,4,2048,128,32776,2048,128,32776,0,0,13107,13107,0,0
3287,469,5,2048,128,32776,2048,128,32776,0,0,13103,13103,0,0
3288,469,6,2048,128,32776,2048,128,32776,0,0,13103,13103,0,0
3289,469,7,2048,128,32776,2048,128,32776,0,0,13106,13106,0,0
3290,470,0,2048,128,32776,2048,128,32776,0,0,13114,13114,0,0
3291,470,2,2048,128,32776,2048,128,32776,0,0,13106,13106,0,0
3292,470,3,2048,128,32776,2048,128,32776,0,0,13107,13107,0,0
3293,470,4,2048,128,32776,2048,128,32776,0,0,13107,13110,-3,0
3294,470,5,2048,128,32776,2048,128,32776,0,0,13110,13110,0,0
3295,470,6,2048,128,32776,2048,128,32776,0,0,13103,13103,0,0
3296,470,7,2048,128,32776,2048,128,32776,0,0,13110,13110,0,0
3297,471,0,2048,128,32776,2048,128,32776,0,0,13110,13110,0,0
3298,471,2,2048,128,32776,2048,128,32776,0,0,13111,13111,0,0
3299,471,3,2048,128,32776,2048,128,32776,0,0,13111,13111,0,0
3300,471,4,2048,128,32776,2048,128,32776,0,0,13111,13111,0,0
3301,471,5,2048,128,32776,2048,128,32776,0,0,13114,13114,0,0
3302,471,6,2048,128,32776,2048,128,32776,0,0,13114,13111,3,0
3303,471,7,2048,128,32776,2048,128,32776,0,0,13111,13111,0,0
3304,472,0,2048,128,32776,2048,128,32776,0,0,13110,13110,0,0
3305,472,2,2048,128,32776,2048,128,32776,0,0,13106,13106,0,0
3306,472,3,2048,128,32776,2048,128,32776,0,0,13111,13111,0,0
3307,472,4,2048,128,32776,2048,128,32776,0,0,13111,13111,0,0
3308,472,5,2048,128,32776,2048,128,32776,0,0,13111,13115,-4,0
3309,472,6,2048,128,32776,2048,128,32776,0,0,13115,13115,0,0
3310,472,7,2048,128,32776,2048,128,32776,0,0,13110,13110,0,0
3311,473,0,2048,128,32776,2048,128,32776,0,0,13110,13111,-1,0
3312,473,2,2048,128,32776,2048,128,32776,0,0,13110,13110,0,0
3313,473,3,2048,128,32776,2048,128,32776,0,0,13106,13106,0,0
3314,473,4,2048,128,32776,2048,128,32776,0,0,13106,13106,0,0
3315,473,5,2048,128,32776,2048,128,32776,0,0,13110,13110,0,0
3316,473,6,2048,128,32776,2048,128,32776,0,0,13106,13106,0,0
3317,473,7,2048,128,32776,2048,128,32776,0,0,13106,13106,0,0
3318,474,0,2048,128,32776,2048,128,32776,0,0,13114,13114,0,0
3319,474,2,2048,128,32776,2048,128,32776,0,0,13114,13107,7,0
3320,474,3,2048,128,32776,2048,128,32776,0,0,13107,13107,0,0
3321,474,4,2048,128,32776,2048,128,32776,0,0,13102,13102,0,0
3322,474,5,2048,128,32776,2048,128,32776,0,0,13102,13107,-5,0
3323,474,6,2048,128,32776,2048,128,32776,0,0,13107,13107,0,0
3324,474,7,2048,128,32776,2048,128,32776,0,0,13107,13107,0,0
3325,475,0,2048,128,32776,2048,128,32776,0,0,13099,13099,0,0
3326,475,2,2048,128,32776,2048,128,32776,0,0,13110,13110,0,0
3327,475,3,2048,128,32776,2048,128,32776,0,0,13111,13111,0,0
3328,475,4,2048,128,32776,2048,128,32776,0,0,13111,13103,8,0
3329,475,5,2048,128,32776,2048,128,32776,0,0,13103,13103,0,0
3330,475,6,2048,128,32776,2048,128,32776,0,0,13103,13103,0,0
3331,475,7,2048,128,32776,2048,128,32776,0,0,13103,13103,0,0
3332,476,0,2048,128,32776,2048,128,32776,0,0,13103,13103,0,0
3333,476,2,2048,128,32776,2048,128,32776,0,0,13111,13111,0,0
3334,476,3,2048,128,32776,2048,128,32776,0,0,13111,13115,-4,0
3335,476,4,2048,128,32776,2048,128,32776,0,0,13115,13115,0,0
3336,476,5,2048,128,32776,2048,128,32776,0,0,13106,13106,0,0
3337,476,6,2048,128,32776,2048,128,32776,0,0,13106,13098,8,0
3338,476,7,2048,128,32776,2048,128,32776,0,0,13098,13098,0,0
3339,477,0,2048,128,32776,2048,128,32776,0,0,13106,13106,0,0
3340,477,2,2048,128,32776,2048,128,32776,0,0,13110,13110,0,0
3341,477,3,2048,128,32776,2048,128,32776,0,0,13111,13111,0,0
3342,477,4,2048,128,32776,2048,128,32776,0,0,13107,13107,0,0
3343,477,5,2048,128,32776,2048,128,32776,0,0,13107,13107,0,0
3344,477,6,2048,128,32776,2048,128,32776,0,0,13102,13102,0,0
3345,477,7,2048,128,32776,2048,128,32776,0,0,13103,13103,0,0
3346,478,0,2048,128,32776,2048,128,32776,0,0,13103,13110,-7,0
3347,478,2,2048,128,32776,2048,128,32776,0,0,13114,13114,0,0
3348,478,3,2048,128,32776,2048,128,32776,0,0,13107,13107,0,0
3349,478,4,2048,128,32776,2048,128,32776,0,0,13107,13107,0,0
3350,478,5,2048,128,32776,2048,128,32776,0,0,13102,13102,0,0
3351,478,6,2048,128,32776,2048,128,32776,0,0,13110,13110,0,0
3352,478,7,2048,128,32776,2048,128,32776,0,0,13110,13111,-1,0
3353,479,0,2048,128,32776,2048,128,32776,0,0,13111,13111,0,0
3354,479,2,2048,128,32776,2048,128,32776,0,0,13111,13115,-4,0
3355,479,3,2048,128,32776,2048,128,32776,0,0,13115,13115,0,0
3356,479,4,2048,128,32776,2048,128,32776,0,0,13107,13107,0,0
3357,479,5,2048,128,32776,2048,128,32776,0,0,13107,13103,4,0
3358,479,6,2048,128,32776,2048,128,32776,0,0,13103,13103,0,0
3359,479,7,2048,128,32776,2048,128,32776,0,0,13114,13114,0,0
3360,480,0,2048,128,32776,2048,128,32776,0,0,13110,13110,0,0
3361,480,2,2048,128,32776,2048,128,32776,0,0,13106,13106,0,0
3362,480,3,2048,128,32776,2048,128,32776,0,0,13106,13106,0,0
3363,480,4,2048,128,32776,2048,128,32776,0,0,13106,13106,0,0
3364,480,5,2048,128,32776,2048,128,32776,0,0,13106,13106,0,0
3365,480,6,2048,128,32776,2048,128,32776,0,0,13114,13114,0,0
3366,480,7,2048,128,32776,2048,128,32776,0,0,13114,13111,3,0
3367,481,0,2048,128,32776,2048,128,32776,0,0,13111,13111,0,0
3368,481,2,2048,128,32776,2048,128,32776,0,0,13110,13110,0,0
3369,481,3,2048,128,32776,2048,128,32776,0,0,13110,13110,0,0
3370,481,4,2048,128,32776,2048,128,32776,0,0,13107,13107,0,0
3371,481,5,2048,128,32776,2048,128,32776,0,0,13119,13119,0,0
3372,481,6,2048,128,32776,2048,128,32776,0,0,13119,13106,13,0
3373,481,7,2048,128,32776,2048,128,32776,0,0,13106,13106,0,0
3374,482,0,2048,128,32776,2048,128,32776,0,0,13115,13115,0,0
3375,482,2,2048,128,32776,2048,128,32776,0,0,13103,13103,0,0
3376,482,3,2048,128,32776,2048,128,32776,0,0,13103,13103,0,0
3377,482,4,2048,128,32776,2048,128,32776,0,0,13106,13106,0,0
3378,482,5,2048,128,32776,2048,128,32776,0,0,13106,13106,0,0
3379,482,6,2048,128,32776,2048,128,32776,0,0,13114,13114,0,0
3380,482,7,2048,128,32776,2048,128,32776,0,0,13110,13110,0,0
3381,483,0,2048,128,32776,2048,128,32776,0,0,13110,13115,-5,0
3382,483,2,2048,128,32776,2048,128,32776,0,0,13118,13118,0,0
3383,483,3,2048,128,32776,2048,128,32776,0,0,13118,13111,7,0
3384,483,4,2048,128,32776,2048,128,32776,0,0,13111,13111,0,0
3385,483,5,2048,128,32776,2048,128,32776,0,0,13111,13111,0,0
3386,483,6,2048,128,32776,2048,128,32776,0,0,13106,13106,0,0
3387,483,7,2048,128,32776,2048,128,32776,0,0,13106,13106,0,0
3388,484,0,2048,128,32776,2048,128,32776,0,0,13106,13106,0,0
3389,484,2,2048,128,32776,2048,128,32776,0,0,13106,13107,-1,0
3390,484,3,2048,128,32776,2048,128,32776,0,0,13107,13107,0,0
3391,484,4,2048,128,32776,2048,128,32776,0,0,13111,13111,0,0
3392,484,5,2048,128,32776,2048,128,32776,0,0,13111,13110,1,0
3393,484,6,2048,128,32776,2048,128,32776,0,0,13110,13110,0,0
3394,484,7,2048,128,32776,2048,128,32776,0,0,13114,13114,0,0
3395,485,0,2048,128,32776,2048,128,32776,0,0,13111,13111,0,0
3396,485,2,2048,128,32776,2048,128,32776,0,0,13110,13110,0,0
3397,485,3,2048,128,32776,2048,128,32776,0,0,13118,13118,0,0
3398,485,4,2048,128,32776,2048,128,32776,0,0,13118,13111,7,0
3399,485,5,2048,128,32776,2048,128,32776,0,0,13111,13111,0,0
3400,485,6,2048,128,32776,2048,128,32776,0,0,13114,13114,0,0
3401,485,7,2048,128,32776,2048,128,32776,0,0,13114,13114,0,0
3402,486,0,2048,128,32776,2048,128,32776,0,0,13114,13114,0,0
3403,486,2,2048,128,32776,2048,128,32776,0,0,13118,13118,0,0
3404,486,3,2048,128,32776,2048,128,32776,0,0,13118,13111,7,0
3405,486,4,2048,128,32776,2048,128,32776,0,0,13111,13111,0,0
3406,486,5,2048,128,32776,2048,128,32776,0,0,13106,13106,0,0
3407,486,6,2048,128,32776,2048,128,32776,0,0,13106,13107,-1,0
3408,486,7,2048,128,32776,2048,128,32776,0,0,13107,13107,0,0
3409,487,0,2048,128,32776,2048,128,32776,0,0,13110,13110,0,0
3410,487,2,2048,128,32776,2048,128,32776,0,0,13118,13118,0,0
3411,487,3,2048,128,32776,2048,128,32776,0,0,13107,13107,0,0
3412,487,4,2048,128,32776,2048,128,32776,0,0,13107,13107,0,0
3413,487,5,2048,128,32776,2048,128,32776,0,0,13107,13111,-4,0
3414,487,6,2048,128,32776,2048,128,32776,0,0,13111,13111,0,0
3415,487,7,2048,128,32776,2048,128,32776,0,0,13111,13111,0,0
3416,488,0,2048,128,32776,2048,128,32776,0,0,13111,13107,4,0
3417,488,2,2048,128,32776,2048,128,32776,0,0,13114,13114,0,0
3418,488,3,2048,128,32776,2048,128,32776,0,0,13107,13107,0,0
3419,488,4,2048,128,32776,2048,128,32776,0,0,13107,13107,0,0
3420,488,5,2048,128,32776,2048,128,32776,0,0,13111,13111,0,0
3421,488,6,2048,128,32776,2048,128,32776,0,0,13111,13111,0,0
3422,488,7,2048,128,32776,2048,128,32776,0,0,13111,13102,9,0
3423,489,0,2048,128,32776,2048,128,32776,0,0,13102,13102,0,0
3424,489,2,2048,128,32776,2048,128,32776,0,0,13115,13107,8,0
3425,489,3,2048,128,32776,2048,128,32776,0,0,13107,13107,0,0
3426,489,4,2048,128,32776,2048,128,32776,0,0,13106,13106,0,0
3427,489,5,2048,128,32776,2048,128,32776,0,0,13106,13111,-5,0
3428,489,6,2048,128,32776,2048,128,32776,0,0,13111,13111,0,0
3429,489,7,2048,128,32776,2048,128,32776,0,0,13115,13115,0,0
3430,490,0,2048,128,32776,2048,128,32776,0,0,13110,13110,0,0
3431,490,2,2048,128,32776,2048,128,32776,0,0,13114,13114,0,0
3432,490,3,2048,128,32776,2048,128,32776,0,0,13106,13106,0,0
3433,490,4,2048,128,32776,2048,128,32776,0,0,13106,13094,12,0
3434,490,5,2048,128,32776,2048,128,32776,0,0,13094,13094,0,0
3435,490,6,2048,128,32776,2048,128,32776,0,0,13102,13102,0,0
3436,490,7,2048,128,32776,2048,128,32776,0,0,13102,13102,0,0
3437,491,0,2048,128,32776,2048,128,32776,0,0,13102,13102,0,0
3438,491,2,2048,128,32776,2048,128,32776,0,0,13102,13102,0,0
3439,491,3,2048,128,32776,2048,128,32776,0,0,13102,13102,0,0
3440,491,4,2048,128,32776,2048,128,32776,0,0,13111,13111,0,0
3441,491,5,2048,128,32776,2048,128,32776,0,0,13106,13106,0,0
3442,491,6,2048,128,32776,2048,128,32776,0,0,13106,13110,-4,0
3443,491,7,2048,128,32776,2048,128,32776,0,0,13110,13110,0,0
3444,492,0,2048,128,32776,2048,128,32776,0,0,13103,13103,0,0
3445,492,2,2048,128,32776,2048,128,32776,0,0,13114,13114,0,0
3446,492,3,2048,128,32776,2048,128,32776,0,0,13110,13110,0,0
3447,492,4,2048,128,32776,2048,128,32776,0,0,13110,13110,0,0
3448,492,5,2048,128,32776,2048,128,32776,0,0,13110,13106,4,0
3449,492,6,2048,128,32776,2048,128,32776,0,0,13106,13106,0,0
3450,492,7,2048,128,32776,2048,128,32776,0,0,13103,13103,0,0
3451,493,0,2048,128,32776,2048,128,32776,0,0,13103,13115,-12,0
3452,493,2,2048,128,32776,2048,128,32776,0,0,13106,13106,0,0
3453,493,3,2048,128,32776,2048,128,32776,0,0,13107,13107,0,0
3454,493,4,2048,128,32776,2048,128,32776,0,0,13107,13107,0,0
3455,493,5,2048,128,32776,2048,128,32776,0,0,13107,13107,0,0
3456,493,6,2048,128,32776,2048,128,32776,0,0,13114,13114,0,0
3457,493,7,2048,128,32776,2048,128,32776,0,0,13114,13114,0,0
3458,494,0,2048,128,32776,2048,128,32776,0,0,13110,13110,0,0
3459,494,2,2048,128,32776,2048,128,32776,0,0,13111,13106,5,0
3460,494,3,2048,128,32776,2048,128,32776,0,0,13106,13106,0,0
3461,494,4,2048,128,32776,2048,128,32776,0,0,13110,13110,0,0
3462,494,5,2048,128,32776,2048,128,32776,0,0,13110,13110,0,0
3463,494,6,2048,128,32776,2048,128,32776,0,0,13110,13110,0,0
3464,494,7,2048,128,32776,2048,128,32776,0,0,13106,13106,0,0
3465,495,0,2048,128,32776,2048,128,32776,0,0,13106,13106,0,0
3466,495,2,2048,128,32776,2048,128,32776,0,0,13110,13110,0,0
3467,495,3,2048,128,32776,2048,128,32776,0,0,13106,13106,0,0
3468,495,4,2048,128,32776,2048,128,32776,0,0,13106,13102,4,0
3469,495,5,2048,128,32776,2048,128,32776,0,0,13102,13102,0,0
3470,495,6,2048,128,32776,2048,128,32776,0,0,13106,13106,0,0
3471,495,7,2048,128,32776,2048,128,32776,0,0,13106,13106,0,0
3472,496,0,2048,128,32776,2048,128,32776,0,0,13106,13106,0,0
3473,496,2,2048,128,32776,2048,128,32776,0,0,13106,13106,0,0
3474,496,3,2048,128,32776,2048,128,32776,0,0,13106,13111,-5,0
3475,496,4,2048,128,32776,2048,128,32776,0,0,13111,13111,0,0
3476,496,5,2048,128,32776,2048,128,32776,0,0,13099,13099,0,0
3477,496,6,2048,128,32776,2048,128,32776,0,0,13099,13110,-11,0
3478,496,7,2048,128,32776,2048,128,32776,0,0,13110,13110,0,0
3479,497,0,2048,128,32776,2048,128,32776,0,0,13107,13107,0,0
3480,497,2,2048,128,32776,2048,128,32776,0,0,13110,13110,0,0
3481,497,3,2048,128,32776,2048,128,32776,0,0,13111,13111,0,0
3482,497,4,2048,128,32776,2048,128,32776,0,0,13114,13114,0,0
3483,497,5,2048,128,32776,2048,128,32776,0,0,13114,13111,3,0
3484,497,6,2048,128,32776,2048,128,32776,0,0,13111,13111,0,0
3485,497,7,2048,128,32776,2048,128,32776,0,0,13107,13107,0,0
3486,498,0,2048,128,32776,2048,128,32776,0,0,13107,13102,5,0
3487,498,2,2048,128,32776,2048,128,32776,0,0,13103,13103,0,0
3488,498,3,2048,128,32776,2048,128,32776,0,0,13103,13114,-11,0
3489,498,4,2048,128,32776,2048,128,32776,0,0,13114,13114,0,0
3490,498,5,2048,128,32776,2048,128,32776,0,0,13098,13098,0,0
3491,498,6,2048,128,32776,2048,128,32776,0,0,13115,13115,0,0
3492,498,7,2048,128,32776,2048,128,32776,0,0,13115,13107,8,0
3493,499,0,2048,128,32776,2048,128,32776,0,0,13107,13107,0,0
3494,499,2,2048,128,32776,2048,128,32776,0,0,13107,13111,-4,0
3495,499,3,2048,128,32776,2048,128,32776,0,0,13111,13111,0,0
3496,499,4,2048,128,32776,2048,128,32776,0,0,13107,13107,0,0
3497,499,5,2048,128,32776,2048,128,32776,0,0,13107,13111,-4,0
3498,499,6,2048,128,32776,2048,128,32776,0,0,13111,13111,0,0
3499,499,7,2048,128,32776,2048,128,32776,0,0,13114,13114,0,0
3500,500,0,2048,128,32776,2048,128,32776,0,0,13111,13111,0,0
3501,500,2,2048,128,32776,2048,128,32776,0,0,13114,13114,0,0
3502,500,3,2048,128,32776,2048,128,32776,0,0,13111,13111,0,0
3503,500,4,2048,128,32776,2048,128,32776,0,0,13111,13111,0,0
3504,500,5,2048,128,32776,2048,128,32776,0,0,13111,13111,0,0
3505,500,6,2048,128,32776,2048,128,32776,0,0,13106,13106,0,0
3506,500,7,2048,128,32776,2048,128,32776,0,0,13107,13107,0,0
3507,501,0,2048,128,32776,2048,128,32776,0,0,13107,13107,0,0
3508,501,2,2048,128,32776,2048,128,32776,0,0,13103,13103,0,0
3509,501,3,2048,128,32776,2048,128,32776,0,0,13103,13103,0,0
3510,501,4,2048,128,32776,2048,128,32776,0,0,13111,13111,0,0
3511,501,5,2048,128,32776,2048,128,32776,0,0,13114,13114,0,0
3512,501,6,2048,128,32776,2048,128,32776,0,0,13114,13114,0,0
3513,501,7,2048,128,32776,2048,128,32776,0,0,13114,13114,0,0
3514,502,0,2048,128,32776,2048,128,32776,0,0,13110,13110,0,0
3515,502,2,2048,128,32776,2048,128,32776,0,0,13106,13106,0,0
3516,502,3,2048,128,32776,2048,128,32776,0,0,13107,13107,0,0
3517,502,4,2048,128,32776,2048,128,32776,0,0,13111,13111,0,0
3518,502,5,2048,128,32776,2048,128,32776,0,0,13111,13111,0,0
3519,502,6,2048,128,32776,2048,128,32776,0,0,13111,13111,0,0
3520,502,7,2048,128,32776,2048,128,32776,0,0,13106,13106,0,0
3521,503,0,2048,128,32776,2048,128,32776,0,0,13106,13115,-9,0
3522,503,2,2048,128,32776,2048,128,32776,0,0,13107,13107,0,0
3523,503,3,2048,128,32776,2048,128,32776,0,0,13107,13107,0,0
3524,503,4,2048,128,32776,2048,128,32776,0,0,13107,13107,0,0
3525,503,5,2048,128,32776,2048,128,32776,0,0,13102,13102,0,0
3526,503,6,2048,128,32776,2048,128,32776,0,0,13110,13110,0,0
3527,503,7,2048,128,32776,2048,128,32776,0,0,13110,13103,7,0
3528,504,0,2048,128,32776,2048,128,32776,0,0,13103,13103,0,0
3529,504,2,2048,128,32776,2048,128,32776,0,0,13114,13102,12,0
3530,504,3,2048,128,32776,2048,128,32776,0,0,13102,13102,0,0
3531,504,4,2048,128,32776,2048,128,32776,0,0,13107,13107,0,0
3532,504,5,2048,128,32776,2048,128,32776,0,0,13115,13115,0,0
3533,504,6,2048,128,32776,2048,128,32776,0,0,13115,13115,0,0
3534,504,7,2048,128,32776,2048,128,32776,0,0,13107,13107,0,0
3535,505,0,2048,128,32776,2048,128,32776,0,0,13106,13106,0,0
3536,505,2,2048,128,32776,2048,128,32776,0,0,13110,13110,0,0
3537,505,3,2048,128,32776,2048,128,32776,0,0,13110,13110,0,0
3538,505,4,2048,128,32776,2048,128,32776,0,0,13110,13106,4,0
3539,505,5,2048,128,32776,2048,128,32776,0,0,13106,13106,0,0
3540,505,6,2048,128,32776,2048,128,32776,0,0,13107,13107,0,0
3541,505,7,2048,128,32776,2048,128,32776,0,0,13107,13119,-12,0
3542,506,0,2048,128,32776,2048,128,32776,0,0,13119,13119,0,0
3543,506,2,2048,128,32776,2048,128,32776,0,0,13110,13110,0,0
3544,506,3,2048,128,32776,2048,128,32776,0,0,13110,13110,0,0
3545,506,4,2048,128,32776,2048,128,32776,0,0,13106,13106,0,0
3546,506,5,2048,128,32776,2048,128,32776,0,0,13106,13106,0,0
3547,506,6,2048,128,32776,2048,128,32776,0,0,13106,13111,-5,0
3548,506,7,2048,128,32776,2048,128,32776,0,0,13111,13111,0,0
3549,507,0,2048,128,32776,2048,128,32776,0,0,13114,13114,0,0
3550,507,2,2048,128,32776,2048,128,32776,0,0,13115,13115,0,0
3551,507,3,2048,128,32776,2048,128,32776,0,0,13102,13102,0,0
3552,507,4,2048,128,32776,2048,128,32776,0,0,13106,13106,0,0
3553,507,5,2048,128,32776,2048,128,32776,0,0,13106,13111,-5,0
3554,507,6,2048,128,32776,2048,128,32776,0,0,13111,13111,0,0
3555,507,7,2048,128,32776,2048,128,32776,0,0,13114,13114,0,0
3556,508,0,2048,128,32776,2048,128,32776,0,0,13114,13110,4,0
3557,508,2,2048,128,32776,2048,128,32776,0,0,13107,13107,0,0
3558,508,3,2048,128,32776,2048,128,32776,0,0,13106,13106,0,0
3559,508,4,2048,128,32776,2048,128,32776,0,0,13106,13106,0,0
3560,508,5,2048,128,32776,2048,128,32776,0,0,13106,13106,0,0
3561,508,6,2048,128,32776,2048,128,32776,0,0,13111,13111,0,0
3562,508,7,2048,128,32776,2048,128,32776,0,0,13111,13111,0,0
3563,509,0,2048,128,32776,2048,128,32776,0,0,13106,13106,0,0
3564,509,2,2048,128,32776,2048,128,32776,0,0,13102,13102,0,0
3565,509,3,2048,128,32776,2048,128,32776,0,0,13102,13102,0,0
3566,509,4,2048,128,32776,2048,128,32776,0,0,13107,13107,0,0
3567,509,5,2048,128,32776,2048,128,32776,0,0,13111,13111,0,0
3568,509,6,2048,128,32776,2048,128,32776,0,0,13111,13111,0,0
3569,509,7,2048,128,32776,2048,128,32776,0,0,13103,13103,0,0
3570,510,0,2048,128,32776,2048,128,32776,0,0,13099,13099,0,0
3571,510,2,2048,128,32776,2048,128,32776,0,0,13111,13111,0,0
3572,510,3,2048,128,32776,2048,128,32776,0,0,13107,13107,0,0
3573,510,4,2048,128,32776,2048,128,32776,0,0,13107,13106,1,0
3574,510,5,2048,128,32776,2048,128,32776,0,0,13106,13106,0,0
3575,510,6,2048,128,32776,2048,128,32776,0,0,13110,13110,0,0
3576,510,7,2048,128,32776,2048,128,32776,0,0,13107,13107,0,0
3577,511,0,2048,128,32776,2048,128,32776,0,0,13107,13107,0,0
3578,511,2,2048,128,32776,2048,128,32776,0,0,13114,13114,0,0
3579,511,3,2048,128,32776,2048,128,32776,0,0,13114,13114,0,0
3580,511,4,2048,128,32776,2048,128,32776,0,0,13103,13103,0,0
3581,511,5,2048,128,32776,2048,128,32776,0,0,13107,13107,0,0
3582,511,6,2048,128,32776,2048,128,32776,0,0,13107,13115,-8,0
3583,511,7,2048,128,32776,2048,128,32776,0,0,13115,13115,0,0
3584,512,0,2048,128,32776,2048,128,32776,0,0,13110,13110,0,0
3585,512,2,2048,128,32776,2048,128,32776,0,0,13114,13114,0,0
3586,512,3,2048,128,32776,2048,128,32776,0,0,13110,13110,0,0
3587,512,4,2048,128,32776,2048,128,32776,0,0,13106,13106,0,0
3588,512,5,2048,128,32776,2048,128,32776,0,0,13106,13106,0,0
3589,512,6,2048,128,32776,2048,128,32776,0,0,13111,13111,0,0
3590,512,7,2048,128,32776,2048,128,32776,0,0,13099,13099,0,0
3591,513,0,2048,128,32776,2048,128,32776,0,0,13099,13107,-8,0
3592,513,2,2048,128,32776,2048,128,32776,0,0,13107,13107,0,0
3593,513,3,2048,128,32776,2048,128,32776,0,0,13107,13107,0,0
3594,513,4,2048,128,32776,2048,128,32776,0,0,13107,13107,0,0
3595,513,5,2048,128,32776,2048,128,32776,0,0,13102,13102,0,0
3596,513,6,2048,128,32776,2048,128,32776,0,0,13114,13114,0,0
3597,513,7,2048,128,32776,2048,128,32776,0,0,13114,13114,0,0
3598,514,0,2048,128,32776,2048,128,32776,0,0,13102,13102,0,0
3599,514,2,2048,128,32776,2048,128,32776,0,0,13106,13103,3,0
3600,514,3,2048,128,32776,2048,128,32776,0,0,13103,13103,0,0
3601,514,4,2048,128,32776,2048,128,32776,0,0,13106,13106,0,0
3602,514,5,2048,128,32776,2048,128,32776,0,0,13106,13103,3,0
3603,514,6,2048,128,32776,2048,128,32776,0,0,13103,13103,0,0
3604,514,7,2048,128,32776,2048,128,32776,0,0,13106,13106,0,0
3605,515,0,2048,128,32776,2048,128,32776,0,0,13114,13114,0,0
3606,515,2,2048,128,32776,2048,128,32776,0,0,13111,13111,0,0
3607,515,3,2048,128,32776,2048,128,32776,0,0,13111,13111,0,0
3608,515,4,2048,128,32776,2048,128,32776,0,0,13111,13107,4,0
3609,515,5,2048,128,32776,2048,128,32776,0,0,13107,13107,0,0
3610,515,6,2048,128,32776,2048,128,32776,0,0,13103,13103,0,0
3611,515,7,2048,128,32776,2048,128,32776,0,0,13103,13111,-8,0
3612,516,0,2048,128,32776,2048,128,32776,0,0,13111,13111,0,0
3613,516,2,2048,128,32776,2048,128,32776,0,0,13114,13114,0,0
3614,516,3,2048,128,32776,2048,128,32776,0,0,13114,13111,3,0
3615,516,4,2048,128,32776,2048,128,32776,0,0,13111,13111,0,0
3616,516,5,2048,128,32776,2048,128,32776,0,0,13111,13111,0,0
3617,516,6,2048,128,32776,2048,128,32776,0,0,13111,13110,1,0
3618,516,7,2048,128,32776,2048,128,32776,0,0,13110,13110,0,0
3619,517,0,2048,128,32776,2048,128,32776,0,0,13110,13110,0,0
3620,517,2,2048,128,32776,2048,128,32776,0,0,13106,13106,0,0
3621,517,3,2048,128,32776,2048,128,32776,0,0,13110,13110,0,0
3622,517,4,2048,128,32776,2048,128,32776,0,0,13107,13107,0,0
3623,517,5,2048,128,32776,2048,128,32776,0,0,13107,13110,-3,0
3624,517,6,2048,128,32776,2048,128,32776,0,0,13110,13110,0,0
3625,517,7,2048,128,32776,2048,128,32776,0,0,13099,13099,0,0
3626,518,0,2048,128,32776,2048,128,32776,0,0,13099,13107,-8,0
3627,518,2,2048,128,32776,2048,128,32776,0,0,13107,13107,0,0
3628,518,3,2048,128,32776,2048,128,32776,0,0,13111,13111,0,0
3629,518,4,2048,128,32776,2048,128,32776,0,0,13111,13111,0,0
3630,518,5,2048,128,32776,2048,128,32776,0,0,13106,13106,0,0
3631,518,6,2048,128,32776,2048,128,32776,0,0,13110,13110,0,0
3632,518,7,2048,128,32776,2048,128,32776,0,0,13110,13110,0,0
3633,519,0,2048,128,32776,2048,128,32776,0,0,13098,13098,0,0
3634,519,2,2048,128,32776,2048,128,32776,0,0,13107,13103,4,0
3635,519,3,2048,128,32776,2048,128,32776,0,0,13103,13103,0,0
3636,519,4,2048,128,32776,2048,128,32776,0,0,13107,13107,0,0
3637,519,5,2048,128,32776,2048,128,32776,0,0,13107,13103,4,0
3638,519,6,2048,128,32776,2048,128,32776,0,0,13103,13103,0,0
3639,519,7,2048,128,32776,2048,128,32776,0,0,13110,13110,0,0
3640,520,0,2048,128,32776,2048,128,32776,0,0,13107,13107,0,0
3641,520,2,2048,128,32776,2048,128,32776,0,0,13107,13107,0,0
3642,520,3,2048,128,32776,2048,128,32776,0,0,13111,13111,0,0
3643,520,4,2048,128,32776,2048,128,32776,0,0,13111,13114,-3,0
3644,520,5,2048,128,32776,2048,128,32776,0,0,13114,13114,0,0
3645,520,6,2048,128,32776,2048,128,32776,0,0,13111,13111,0,0
3646,520,7,2048,128,32776,2048,128,32776,0,0,13111,13111,0,0
3647,521,0,2048,128,32776,2048,128,32776,0,0,13111,13111,0,0
3648,521,2,2048,128,32776,2048,128,32776,0,0,13111,13111,0,0
3649,521,3,2048,128,32776,2048,128,32776,0,0,13111,13111,0,0
3650,521,4,2048,128,32776,2048,128,32776,0,0,13110,13110,0,0
3651,521,5,2048,128,32776,2048,128,32776,0,0,13099,13099,0,0
3652,521,6,2048,128,32776,2048,128,32776,0,0,13099,13102,-3,0
3653,521,7,2048,128,32776,2048,128,32776,0,0,13102,13102,0,0
3654,522,0,2048,128,32776,2048,128,32776,0,0,13111,13111,0,0
3655,522,2,2048,128,32776,2048,128,32776,0,0,13111,13111,0,0
3656,522,3,2048,128,32776,2048,128,32776,0,0,13103,13103,0,0
3657,522,4,2048,128,32776,2048,128,32776,0,0,13102,13102,0,0
3658,522,5,2048,128,32776,2048,128,32776,0,0,13102,13107,-5,0
3659,522,6,2048,128,32776,2048,128,32776,0,0,13107,13107,0,0
3660,522,7,2048,128,32776,2048,128,32776,0,0,13102,13102,0,0
3661,523,0,2048,128,32776,2048,128,32776,0,0,13102,13115,-13,0
3662,523,2,2048,128,32776,2048,128,32776,0,0,13111,13111,0,0
3663,523,3,2048,128,32776,2048,128,32776,0,0,13111,13114,-3,0
3664,523,4,2048,128,32776,2048,128,32776,0,0,13114,13114,0,0
3665,523,5,2048,128,32776,2048,128,32776,0,0,13115,13115,0,0
3666,523,6,2048,128,32776,2048,128,32776,0,0,13107,13107,0,0
3667,523,7,2048,128,32776,2048,128,32776,0,0,13107,13107,0,0
3668,524,0,2048,128,32776,2048,128,32776,0,0,13107,13107,0,0
3669,524,2,2048,128,32776,2048,128,32776,0,0,13106,13106,0,0
3670,524,3,2048,128,32776,2048,128,32776,0,0,13106,13106,0,0
3671,524,4,2048,128,32776,2048,128,32776,0,0,13106,13106,0,0
3672,524,5,2048,128,32776,2048,128,32776,0,0,13110,13110,0,0
3673,524,6,2048,128,32776,2048,128,32776,0,0,13110,13110,0,0
3674,524,7,2048,128,32776,2048,128,32776,0,0,13111,13111,0,0
3675,525,0,2048,128,32776,2048,128,32776,0,0,13114,13114,0,0
3676,525,2,2048,128,32776,2048,128,32776,0,0,13115,13115,0,0
3677,525,3,2048,128,32776,2048,128,32776,0,0,13107,13107,0,0
3678,525,4,2048,128,32776,2048,128,32776,0,0,13107,13111,-4,0
3679,525,5,2048,128,32776,2048,128,32776,0,0,13111,13111,0,0
3680,525,6,2048,128,32776,2048,128,32776,0,0,13102,13102,0,0
3681,525,7,2048,128,32776,2048,128,32776,0,0,13110,13110,0,0
3682,526,0,2048,128,32776,2048,128,32776,0,0,13110,13110,0,0
3683,526,2,2048,128,32776,2048,128,32776,0,0,13110,13110,0,0
3684,526,3,2048,128,32776,2048,128,32776,0,0,13110,13110,0,0
3685,526,4,2048,128,32776,2048,128,32776,0,0,13107,13107,0,0
3686,526,5,2048,128,32776,2048,128,32776,0,0,13102,13102,0,0
3687,526,6,2048,128,32776,2048,128,32776,0,0,13102,13106,-4,0
3688,526,7,2048,128,32776,2048,128,32776,0,0,13106,13106,0,0
3689,527,0,2048,128,32776,2048,128,32776,0,0,13102,13102,0,0
3690,527,2,2048,128,32776,2048,128,32776,0,0,13102,13102,0,0
3691,527,3,2048,128,32776,2048,128,32776,0,0,13103,13103,0,0
3692,527,4,2048,128,32776,2048,128,32776,0,0,13111,13111,0,0
3693,527,5,2048,128,32776,2048,128,32776,0,0,13111,13106,5,0
3694,527,6,2048,128,32776,2048,128,32776,0,0,13106,13106,0,0
3695,527,7,2048,128,32776,2048,128,32776,0,0,13110,13110,0,0
3696,528,0,2048,128,32776,2048,128,32776,0,0,13110,13102,8,0
3697,528,2,2048,128,32776,2048,128,32776,0,0,13111,13111,0,0
3698,528,3,2048,128,32776,2048,128,32776,0,0,13111,13106,5,0
3699,528,4,2048,128,32776,2048,128,32776,0,0,13106,13106,0,0
3700,528,5,2048,128,32776,2048,128,32776,0,0,13106,13106,0,0
3701,528,6,2048,128,32776,2048,128,32776,0,0,13111,13111,0,0
3702,528,7,2048,128,32776,2048,128,32776,0,0,13111,13115,-4,0
3703,529,0,2048,128,32776,2048,128,32776,0,0,13115,13115,0,0
3704,529,2,2048,128,32776,2048,128,32776,0,0,13102,13102,0,0
3705,529,3,2048,128,32776,2048,128,32776,0,0,13102,13102,0,0
3706,529,4,2048,128,32776,2048,128,32776,0,0,13110,13110,0,0
3707,529,5,2048,128,32776,2048,128,32776,0,0,13106,13106,0,0
3708,529,6,2048,128,32776,2048,128,32776,0,0,13106,13106,0,0
3709,529,7,2048,128,32776,2048,128,32776,0,0,13114,13114,0,0
3710,530,0,2048,128,32776,2048,128,32776,0,0,13111,13111,0,0
3711,530,2,2048,128,32776,2048,128,32776,0,0,13110,13110,0,0
3712,530,3,2048,128,32776,2048,128,32776,0,0,13115,13115,0,0
3713,530,4,2048,128,32776,2048,128,32776,0,0,13115,13119,-4,0
3714,530,5,2048,128,32776,2048,128,32776,0,0,13119,13119,0,0
3715,530,6,2048,128,32776,2048,128,32776,0,0,13111,13111,0,0
3716,530,7,2048,128,32776,2048,128,32776,0,0,13106,13106,0,0
3717,531,0,2048,128,32776,2048,128,32776,0,0,13106,13106,0,0
3718,531,2,2048,128,32776,2048,128,32776,0,0,13106,13106,0,0
3719,531,3,2048,128,32776,2048,128,32776,0,0,13106,13106,0,0
3720,531,4,2048,128,32776,2048,128,32776,0,0,13107,13107,0,0
3721,531,5,2048,128,32776,2048,128,32776,0,0,13103,13103,0,0
3722,531,6,2048,128,32776,2048,128,32776,0,0,13103,13107,-4,0
3723,531,7,2048,128,32776,2048,128,32776,0,0,13107,13107,0,0
3724,532,0,2048,128,32776,2048,128,32776,0,0,13107,13107,0,0
3725,532,2,2048,128,32776,2048,128,32776,0,0,13103,13103,0,0
3726,532,3,2048,128,32776,2048,128,32776,0,0,13103,13103,0,0
3727,532,4,2048,128,32776,2048,128,32776,0,0,13110,13110,0,0
3728,532,5,2048,128,32776,2048,128,32776,0,0,13110,13114,-4,0
3729,532,6,2048,128,32776,2048,128,32776,0,0,13114,13114,0,0
3730,532,7,2048,128,32776,2048,128,32776,0,0,13111,13111,0,0
3731,533,0,2048,128,32776,2048,128,32776,0,0,13111,13102,9,0
3732,533,2,2048,128,32776,2048,128,32776,0,0,13106,13106,0,0
3733,533,3,2048,128,32776,2048,128,32776,0,0,13107,13107,0,0
3734,533,4,2048,128,32776,2048,128,32776,0,0,13107,13107,0,0
3735,533,5,2048,128,32776,2048,128,32776,0,0,13111,13111,0,0
3736,533,6,2048,128,32776,2048,128,32776,0,0,13107,13107,0,0
3737,533,7,2048,128,32776,2048,128,32776,0,0,13107,13107,0,0
3738,534,0,2048,128,32776,2048,128,32776,0,0,13107,13107,0,0
3739,534,2,2048,128,32776,2048,128,32776,0,0,13106,13107,-1,0
3740,534,3,2048,128,32776,2048,128,32776,0,0,13107,13107,0,0
3741,534,4,2048,128,32776,2048,128,32776,0,0,13106,13106,0,0
3742,534,5,2048,128,32776,2048,128,32776,0,0,13106,13114,-8,0
3743,534,6,2048,128,32776,2048,128,32776,0,0,13114,13114,0,0
3744,534,7,2048,128,32776,2048,128,32776,0,0,13098,13098,0,0
3745,535,0,2048,128,32776,2048,128,32776,0,0,13110,13110,0,0
3746,535,2,2048,128,32776,2048,128,32776,0,0,13111,13111,0,0
3747,535,3,2048,128,32776,2048,128,32776,0,0,13107,13107,0,0
3748,535,4,2048,128,32776,2048,128,32776,0,0,13107,13103,4,0
3749,535,5,2048,128,32776,2048,128,32776,0,0,13103,13103,0,0
3750,535,6,2048,128,32776,2048,128,32776,0,0,13111,13111,0,0
3751,535,7,2048,128,32776,2048,128,32776,0,0,13115,13115,0,0
3752,536,0,2048,128,32776,2048,128,32776,0,0,13115,13115,0,0
3753,536,2,2048,128,32776,2048,128,32776,0,0,13110,13110,0,0
3754,536,3,2048,128,32776,2048,128,32776,0,0,13110,13110,0,0
3755,536,4,2048,128,32776,2048,128,32776,0,0,13115,13115,0,0
3756,536,5,2048,128,32776,2048,128,32776,0,0,13111,13111,0,0
3757,536,6,2048,128,32776,2048,128,32776,0,0,13111,13103,8,0
3758,536,7,2048,128,32776,2048,128,32776,0,0,13103,13103,0,0
3759,537,0,2048,128,32776,2048,128,32776,0,0,13106,13106,0,0
3760,537,2,2048,128,32776,2048,128,32776,0,0,13107,13107,0,0
3761,537,3,2048,128,32776,2048,128,32776,0,0,13110,13110,0,0
3762,537,4,2048,128,32776,2048,128,32776,0,0,13102,13102,0,0
3763,537,5,2048,128,32776,2048,128,32776,0,0,13102,13102,0,0
3764,537,6,2048,128,32776,2048,128,32776,0,0,13106,13106,0,0
3765,537,7,2048,128,32776,2048,128,32776,0,0,13110,13110,0,0
3766,538,0,2048,128,32776,2048,128,32776,0,0,13110,13110,0,0
3767,538,2,2048,128,32776,2048,128,32776,0,0,13106,13106,0,0
3768,538,3,2048,128,32776,2048,128,32776,0,0,13106,13114,-8,0
3769,538,4,2048,128,32776,2048,128,32776,0,0,13114,13114,0,0
3770,538,5,2048,128,32776,2048,128,32776,0,0,13111,13111,0,0
3771,538,6,2048,128,32776,2048,128,32776,0,0,13098,13098,0,0
3772,538,7,2048,128,32776,2048,128,32776,0,0,13098,13098,0,0
3773,539,0,2048,128,32776,2048,128,32776,0,0,13111,13111,0,0
3774,539,2,2048,128,32776,2048,128,32776,0,0,13111,13106,5,0
3775,539,3,2048,128,32776,2048,128,32776,0,0,13106,13106,0,0
3776,539,4,2048,128,32776,2048,128,32776,0,0,13106,13106,0,0
3777,539,5,2048,128,32776,2048,128,32776,0,0,13107,13107,0,0
3778,539,6,2048,128,32776,2048,128,32776,0,0,13107,13107,0,0
3779,539,7,2048,128,32776,2048,128,32776,0,0,13107,13107,0,0
3780,540,0,2048,128,32776,2048,128,32776,0,0,13107,13107,0,0
3781,540,2,2048,128,32776,2048,128,32776,0,0,13106,13106,0,0
3782,540,3,2048,128,32776,2048,128,32776,0,0,13110,13110,0,0
3783,540,4,2048,128,32776,2048,128,32776,0,0,13110,13103,7,0
3784,540,5,2048,128,32776,2048,128,32776,0,0,13103,13103,0,0
3785,540,6,2048,128,32776,2048,128,32776,0,0,13103,13103,0,0
3786,540,7,2048,128,32776,2048,128,32776,0,0,13103,13102,1,0
3787,541,0,2048,128,32776,2048,128,32776,0,0,13102,13102,0,0
3788,541,2,2048,128,32776,2048,128,32776,0,0,13102,13102,0,0
3789,541,3,2048,128,32776,2048,128,32776,0,0,13102,13102,0,0
3790,541,4,2048,128,32776,2048,128,32776,0,0,13098,13098,0,0
3791,541,5,2048,128,32776,2048,128,32776,0,0,13106,13106,0,0
3792,541,6,2048,128,32776,2048,128,32776,0,0,13106,13110,-4,0
3793,541,7,2048,128,32776,2048,128,32776,0,0,13110,13110,0,0
3794,542,0,2048,128,32776,2048,128,32776,0,0,13107,13107,0,0
3795,542,2,2048,128,32776,2048,128,32776,0,0,13106,13106,0,0
3796,542,3,2048,128,32776,2048,128,32776,0,0,13107,13107,0,0
3797,542,4,2048,128,32776,2048,128,32776,0,0,13107,13107,0,0
3798,542,5,2048,128,32776,2048,128,32776,0,0,13107,13107,0,0
3799,542,6,2048,128,32776,2048,128,32776,0,0,13102,13102,0,0
3800,542,7,2048,128,32776,2048,128,32776,0,0,13110,13110,0,0
3801,543,0,2048,128,32776,2048,128,32776,0,0,13110,13110,0,0
3802,543,2,2048,128,32776,2048,128,32776,0,0,13107,13107,0,0
3803,543,3,2048,128,32776,2048,128,32776,0,0,13110,13110,0,0
3804,543,4,2048,128,32776,2048,128,32776,0,0,13110,13110,0,0
3805,543,5,2048,128,32776,2048,128,32776,0,0,13110,13110,0,0
3806,543,6,2048,128,32776,2048,128,32776,0,0,13103,13103,0,0
3807,543,7,2048,128,32776,2048,128,32776,0,0,13103,13103,0,0
3808,544,0,2048,128,32776,2048,128,32776,0,0,13095,13095,0,0
3809,544,2,2048,128,32776,2048,128,32776,0,0,13103,13103,0,0
3810,544,3,2048,128,32776,2048,128,32776,0,0,13103,13103,0,0
3811,544,4,2048,128,32776,2048,128,32776,0,0,13114,13114,0,0
3812,544,5,2048,128,32776,2048,128,32776,0,0,13114,13115,-1,0
3813,544,6,2048,128,32776,2048,128,32776,0,0,13115,13115,0,0
3814,544,7,2048,128,32776,2048,128,32776,0,0,13107,13107,0,0
3815,545,0,2048,128,32776,2048,128,32776,0,0,13102,13102,0,0
3816,545,2,2048,128,32776,2048,128,32776,0,0,13111,13111,0,0
3817,545,3,2048,128,32776,2048,128,32776,0,0,13102,13102,0,0
3818,545,4,2048,128,32776,2048,128,32776,0,0,13102,13111,-9,0
3819,545,5,2048,128,32776,2048,128,32776,0,0,13111,13111,0,0
3820,545,6,2048,128,32776,2048,128,32776,0,0,13111,13111,0,0
3821,545,7,2048,128,32776,2048,128,32776,0,0,13107,13107,0,0
3822,546,0,2048,128,32776,2048,128,32776,0,0,13107,13107,0,0
3823,546,2,2048,128,32776,2048,128,32776,0,0,13098,13098,0,0
3824,546,3,2048,128,32776,2048,128,32776,0,0,13098,13107,-9,0
3825,546,4,2048,128,32776,2048,128,32776,0,0,13107,13107,0,0
3826,546,5,2048,128,32776,2048,128,32776,0,0,13106,13106,0,0
3827,546,6,2048,128,32776,2048,128,32776,0,0,13106,13111,-5,0
3828,546,7,2048,128,32776,2048,128,32776,0,0,13111,13111,0,0
3829,547,0,2048,128,32776,2048,128,32776,0,0,13103,13103,0,0
3830,547,2,2048,128,32776,2048,128,32776,0,0,13118,13118,0,0
3831,547,3,2048,128,32776,2048,128,32776,0,0,13106,13106,0,0
3832,547,4,2048,128,32776,2048,128,32776,0,0,13102,13102,0,0
3833,547,5,2048,128,32776,2048,128,32776,0,0,13102,13102,0,0
3834,547,6,2048,128,32776,2048,128,32776,0,0,13114,13114,0,0
3835,547,7,2048,128,32776,2048,128,32776,0,0,13110,13110,0,0
3836,548,0,2048,128,32776,2048,128,32776,0,0,13110,13106,4,0
3837,548,2,2048,128,32776,2048,128,32776,0,0,13103,13103,0,0
3838,548,3,2048,128,32776,2048,128,32776,0,0,13106,13106,0,0
3839,548,4,2048,128,32776,2048,128,32776,0,0,13106,13106,0,0
3840,548,5,2048,128,32776,2048,128,32776,0,0,13111,13111,0,0
3841,548,6,2048,128,32776,2048,128,32776,0,0,13103,13103,0,0
3842,548,7,2048,128,32776,2048,128,32776,0,0,13103,13103,0,0
3843,549,0,2048,128,32776,2048,128,32776,0,0,13099,13099,0,0
3844,549,2,2048,128,32776,2048,128,32776,0,0,13107,13106,1,0
3845,549,3,2048,128,32776,2048,128,32776,0,0,13106,13106,0,0
3846,549,4,2048,128,32776,2048,128,32776,0,0,13107,13107,0,0
3847,549,5,2048,128,32776,2048,128,32776,0,0,13114,13114,0,0
3848,549,6,2048,128,32776,2048,128,32776,0,0,13114,13114,0,0
3849,549,7,2048,128,32776,2048,128,32776,0,0,13102,13102,0,0
3850,550,0,2048,128,32776,2048,128,32776,0,0,13103,13103,0,0
3851,550,2,2048,128,32776,2048,128,32776,0,0,13107,13107,0,0
3852,550,3,2048,128,32776,2048,128,32776,0,0,13110,13110,0,0
3853,550,4,2048,128,32776,2048,128,32776,0,0,13110,13103,7,0
3854,550,5,2048,128,32776,2048,128,32776,0,0,13103,13103,0,0
3855,550,6,2048,128,32776,2048,128,32776,0,0,13107,13107,0,0
3856,550,7,2048,128,32776,2048,128,32776,0,0,13110,13110,0,0
3857,551,0,2048,128,32776,2048,128,32776,0,0,13110,13110,0,0
3858,551,2,2048,128,32776,2048,128,32776,0,0,13102,13102,0,0
3859,551,3,2048,128,32776,2048,128,32776,0,0,13102,13102,0,0
3860,551,4,2048,128,32776,2048,128,32776,0,0,13111,13111,0,0
3861,551,5,2048,128,32776,2048,128,32776,0,0,13106,13106,0,0
3862,551,6,2048,128,32776,2048,128,32776,0,0,13106,13114,-8,0
3863,551,7,2048,128,32776,2048,128,32776,0,0,13114,13114,0,0
3864,552,0,2048,128,32776,2048,128,32776,0,0,13099,13099,0,0
3865,552,2,2048,128,32776,2048,128,32776,0,0,13110,13110,0,0
3866,552,3,2048,128,32776,2048,128,32776,0,0,13110,13110,0,0
3867,552,4,2048,128,32776,2048,128,32776,0,0,13110,13110,0,0
3868,552,5,2048,128,32776,2048,128,32776,0,0,13110,13110,0,0
3869,552,6,2048,128,32776,2048,128,32776,0,0,13107,13107,0,0
3870,552,7,2048,128,32776,2048,128,32776,0,0,13107,13107,0,0
3871,553,0,2048,128,32776,2048,128,32776,0,0,13107,13114,-7,0
3872,553,2,2048,128,32776,2048,128,32776,0,0,13106,13106,0,0
3873,553,3,2048,128,32776,2048,128,32776,0,0,13106,13102,4,0
3874,553,4,2048,128,32776,2048,128,32776,0,0,13102,13102,0,0
3875,553,5,2048,128,32776,2048,128,32776,0,0,13102,13102,0,0
3876,553,6,2048,128,32776,2048,128,32776,0,0,13103,13103,0,0
3877,553,7,2048,128,32776,2048,128,32776,0,0,13103,13103,0,0
3878,554,0,2048,128,32776,2048,128,32776,0,0,13106,13106,0,0
3879,554,2,2048,128,32776,2048,128,32776,0,0,13111,13107,4,0
3880,554,3,2048,128,32776,2048,128,32776,0,0,13107,13107,0,0
3881,554,4,2048,128,32776,2048,128,32776,0,0,13107,13107,0,0
3882,554,5,2048,128,32776,2048,128,32776,0,0,13107,13102,5,0
3883,554,6,2048,128,32776,2048,128,32776,0,0,13102,13102,0,0
3884,554,7,2048,128,32776,2048,128,32776,0,0,13106,13106,0,0
3885,555,0,2048,128,32776,2048,128,32776,0,0,13106,13106,0,0
3886,555,2,2048,128,32776,2048,128,32776,0,0,13107,13107,0,0
3887,555,3,2048,128,32776,2048,128,32776,0,0,13107,13107,0,0
3888,555,4,2048,128,32776,2048,128,32776,0,0,13107,13106,1,0
3889,555,5,2048,128,32776,2048,128,32776,0,0,13106,13106,0,0
3890,555,6,2048,128,32776,2048,128,32776,0,0,13107,13107,0,0
3891,555,7,2048,128,32776,2048,128,32776,0,0,13107,13107,0,0
3892,556,0,2048,128,32776,2048,128,32776,0,0,13107,13107,0,0
3893,556,2,2048,128,32776,2048,128,32776,0,0,13103,13103,0,0
3894,556,3,2048,128,32776,2048,128,32776,0,0,13103,13103,0,0
3895,556,4,2048,128,32776,2048,128,32776,0,0,13106,13106,0,0
3896,556,5,2048,128,32776,2048,128,32776,0,0,13106,13106,0,0
3897,556,6,2048,128,32776,2048,128,32776,0,0,13106,13111,-5,0
3898,556,7,2048,128,32776,2048,128,32776,0,0,13111,13111,0,0
3899,557,0,2048,128,32776,2048,128,32776,0,0,13107,13107,0,0
3900,557,2,2048,128,32776,2048,128,32776,0,0,13110,13110,0,0
3901,557,3,2048,128,32776,2048,128,32776,0,0,13111,13111,0,0
3902,557,4,2048,128,32776,2048,128,32776,0,0,13114,13114,0,0
3903,557,5,2048,128,32776,2048,128,32776,0,0,13114,13114,0,0
3904,557,6,2048,128,32776,2048,128,32776,0,0,13107,13107,0,0
3905,557,7,2048,128,32776,2048,128,32776,0,0,13111,13111,0,0
3906,558,0,2048,128,32776,2048,128,32776,0,0,13111,13106,5,0
3907,558,2,2048,128,32776,2048,128,32776,0,0,13111,13111,0,0
3908,558,3,2048,128,32776,2048,128,32776,0,0,13110,13110,0,0
3909,558,4,2048,128,32776,2048,128,32776,0,0,13110,13110,0,0
3910,558,5,2048,128,32776,2048,128,32776,0,0,13107,13107,0,0
3911,558,6,2048,128,32776,2048,128,32776,0,0,13107,13107,0,0
3912,558,7,2048,128,32776,2048,128,32776,0,0,13107,13099,8,0
3913,559,0,2048,128,32776,2048,128,32776,0,0,13099,13099,0,0
3914,559,2,2048,128,32776,2048,128,32776,0,0,13111,13106,5,0
3915,559,3,2048,128,32776,2048,128,32776,0,0,13106,13106,0,0
3916,559,4,2048,128,32776,2048,128,32776,0,0,13107,13107,0,0
3917,559,5,2048,128,32776,2048,128,32776,0,0,13107,13106,1,0
3918,559,6,2048,128,32776,2048,128,32776,0,0,13106,13106,0,0
3919,559,7,2048,128,32776,2048,128,32776,0,0,13111,13111,0,0
3920,560,0,2048,128,32776,2048,128,32776,0,0,13110,13110,0,0
3921,560,2,2048,128,32776,2048,128,32776,0,0,13107,13107,0,0
3922,560,3,2048,128,32776,2048,128,32776,0,0,13111,13111,0,0
3923,560,4,2048,128,32776,2048,128,32776,0,0,13111,13111,0,0
3924,560,5,2048,128,32776,2048,128,32776,0,0,13111,13111,0,0
3925,560,6,2048,128,32776,2048,128,32776,0,0,13110,13110,0,0
3926,560,7,2048,128,32776,2048,128,32776,0,0,13110,13106,4,0
3927,561,0,2048,128,32776,2048,128,32776,0,0,13106,13106,0,0
3928,561,2,2048,128,32776,2048,128,32776,0,0,13114,13114,0,0
3929,561,3,2048,128,32776,2048,128,32776,0,0,13114,13114,0,0
3930,561,4,2048,128,32776,2048,128,32776,0,0,13114,13114,0,0
3931,561,5,2048,128,32776,2048,128,32776,0,0,13106,13106,0,0
3932,561,6,2048,128,32776,2048,128,32776,0,0,13106,13115,-9,0
3933,561,7,2048,128,32776,2048,128,32776,0,0,13115,13115,0,0
3934,562,0,2048,128,32776,2048,128,32776,0,0,13111,13111,0,0
3935,562,2,2048,128,32776,2048,128,32776,0,0,13107,13107,0,0
3936,562,3,2048,128,32776,2048,128,32776,0,0,13106,13106,0,0
3937,562,4,2048,128,32776,2048,128,32776,0,0,13107,13107,0,0
3938,562,5,2048,128,32776,2048,128,32776,0,0,13107,13107,0,0
3939,562,6,2048,128,32776,2048,128,32776,0,0,13106,13106,0,0
3940,562,7,2048,128,32776,2048,128,32776,0,0,13110,13110,0,0
3941,563,0,2048,128,32776,2048,128,32776,0,0,13110,13106,4,0
3942,563,2,2048,128,32776,2048,128,32776,0,0,13111,13111,0,0
3943,563,3,2048,128,32776,2048,128,32776,0,0,13107,13107,0,0
3944,563,4,2048,128,32776,2048,128,32776,0,0,13107,13107,0,0
3945,563,5,2048,128,32776,2048,128,32776,0,0,13111,13111,0,0
3946,563,6,2048,128,32776,2048,128,32776,0,0,13107,13107,0,0
3947,563,7,2048,128,32776,2048,128,32776,0,0,13107,13107,0,0
3948,564,0,2048,128,32776,2048,128,32776,0,0,13103,13103,0,0
3949,564,2,2048,128,32776,2048,128,32776,0,0,13111,13111,0,0
3950,564,3,2048,128,32776,2048,128,32776,0,0,13111,13111,0,0
3951,564,4,2048,128,32776,2048,128,32776,0,0,13115,13115,0,0
3952,564,5,2048,128,32776,2048,128,32776,0,0,13115,13114,1,0
3953,564,6,2048,128,32776,2048,128,32776,0,0,13114,13114,0,0
3954,564,7,2048,128,32776,2048,128,32776,0,0,13102,13102,0,0
3955,565,0,2048,128,32776,2048,128,32776,0,0,13122,13122,0,0
3956,565,2,2048,128,32776,2048,128,32776,0,0,13110,13110,0,0
3957,565,3,2048,128,32776,2048,128,32776,0,0,13111,13111,0,0
3958,565,4,2048,128,32776,2048,128,32776,0,0,13111,13107,4,0
3959,565,5,2048,128,32776,2048,128,32776,0,0,13107,13107,0,0
3960,565,6,2048,128,32776,2048,128,32776,0,0,13111,13111,0,0
3961,565,7,2048,128,32776,2048,128,32776,0,0,13111,13114,-3,0
3962,566,0,2048,128,32776,2048,128,32776,0,0,13114,13114,0,0
3963,566,2,2048,128,32776,2048,128,32776,0,0,13111,13111,0,0
3964,566,3,2048,128,32776,2048,128,32776,0,0,13111,13111,0,0
3965,566,4,2048,128,32776,2048,128,32776,0,0,13111,13111,0,0
3966,566,5,2048,128,32776,2048,128,32776,0,0,13111,13111,0,0
3967,566,6,2048,128,32776,2048,128,32776,0,0,13111,13110,1,0
3968,566,7,2048,128,32776,2048,128,32776,0,0,13110,13110,0,0
3969,567,0,2048,128,32776,2048,128,32776,0,0,13106,13106,0,0
3970,567,2,2048,128,32776,2048,128,32776,0,0,13110,13110,0,0
3971,567,3,2048,128,32776,2048,128,32776,0,0,13106,13106,0,0
3972,567,4,2048,128,32776,2048,128,32776,0,0,13114,13114,0,0
3973,567,5,2048,128,32776,2048,128,32776,0,0,13114,13114,0,0
3974,567,6,2048,128,32776,2048,128,32776,0,0,13103,13103,0,0
3975,567,7,2048,128,32776,2048,128,32776,0,0,13110,13110,0,0
3976,568,0,2048,128,32776,2048,128,32776,0,0,13110,13106,4,0
3977,568,2,2048,128,32776,2048,128,32776,0,0,13110,13110,0,0
3978,568,3,2048,128,32776,2048,128,32776,0,0,13110,13106,4,0
3979,568,4,2048,128,32776,2048,128,32776,0,0,13106,13106,0,0
3980,568,5,2048,128,32776,2048,128,32776,0,0,13102,13102,0,0
3981,568,6,2048,128,32776,2048,128,32776,0,0,13110,13110,0,0
3982,568,7,2048,128,32776,2048,128,32776,0,0,13110,13110,0,0
3983,569,0,2048,128,32776,2048,128,32776,0,0,13110,13110,0,0
3984,569,2,2048,128,32776,2048,128,32776,0,0,13110,13106,4,0
3985,569,3,2048,128,32776,2048,128,32776,0,0,13106,13106,0,0
3986,569,4,2048,128,32776,2048,128,32776,0,0,13103,13103,0,0
3987,569,5,2048,128,32776,2048,128,32776,0,0,13103,13115,-12,0
3988,569,6,2048,128,32776,2048,128,32776,0,0,13115,13115,0,0
3989,569,7,2048,128,32776,2048,128,32776,0,0,13107,13107,0,0
3990,570,0,2048,128,32776,2048,128,32776,0,0,13106,13106,0,0
3991,570,2,2048,128,32776,2048,128,32776,0,0,13107,13107,0,0
3992,570,3,2048,128,32776,2048,128,32776,0,0,13106,13106,0,0
3993,570,4,2048,128,32776,2048,128,32776,0,0,13106,13110,-4,0
3994,570,5,2048,128,32776,2048,128,32776,0,0,13110,13110,0,0
3995,570,6,2048,128,32776,2048,128,32776,0,0,13107,13107,0,0
3996,570,7,2048,128,32776,2048,128,32776,0,0,13107,13107,0,0
3997,571,0,2048,128,32776,2048,128,32776,0,0,13107,13107,0,0
3998,571,2,2048,128,32776,2048,128,32776,0,0,13107,13107,0,0
3999,571,3,2048,128,32776,2048,128,32776,0,0,13107,13107,0,0
4000,571,4,2048,128,32776,2048,128,32776,0,0,13115,13115,0,0
4001,571,5,2048,128,32776,2048,128,32776,0,0,13106,13106,0,0
4002,571,6,2048,128,32776,2048,128,32776,0,0,13106,13114,-8,0
4003,571,7,2048,128,32776,2048,128,32776,0,0,13114,13114,0,0
4004,572,0,2048,128,32776,2048,128,32776,0,0,13119,13119,0,0
4005,572,2,2048,128,32776,2048,128,32776,0,0,13107,13107,0,0
4006,572,3,2048,128,32776,2048,128,32776,0,0,13106,13106,0,0
4007,572,4,2048,128,32776,2048,128,32776,0,0,13102,13102,0,0
4008,572,5,2048,128,32776,2048,128,32776,0,0,13102,13111,-9,0
4009,572,6,2048,128,32776,2048,128,32776,0,0,13111,13111,0,0
4010,572,7,2048,128,32776,2048,128,32776,0,0,13110,13110,0,0
4011,573,0,2048,128,32776,2048,128,32776,0,0,13110,13111,-1,0
4012,573,2,2048,128,32776,2048,128,32776,0,0,13102,13102,0,0
4013,573,3,2048,128,32776,2048,128,32776,0,0,13114,13114,0,0
4014,573,4,2048,128,32776,2048,128,32776,0,0,13114,13114,0,0
4015,573,5,2048,128,32776,2048,128,32776,0,0,13110,13110,0,0
4016,573,6,2048,128,32776,2048,128,32776,0,0,13103,13103,0,0
4017,573,7,2048,128,32776,2048,128,32776,0,0,13103,13103,0,0
4018,574,0,2048,128,32776,2048,128,32776,0,0,13110,13110,0,0
4019,574,2,2048,128,32776,2048,128,32776,0,0,13106,13107,-1,0
4020,574,3,2048,128,32776,2048,128,32776,0,0,13107,13107,0,0
4021,574,4,2048,128,32776,2048,128,32776,0,0,13106,13106,0,0
4022,574,5,2048,128,32776,2048,128,32776,0,0,13106,13107,-1,0
4023,574,6,2048,128,32776,2048,128,32776,0,0,13107,13107,0,0
4024,574,7,2048,128,32776,2048,128,32776,0,0,13102,13102,0,0
4025,575,0,2048,128,32776,2048,128,32776,0,0,13118,13118,0,0
4026,575,2,2048,128,32776,2048,128,32776,0,0,13111,13111,0,0
4027,575,3,2048,128,32776,2048,128,32776,0,0,13095,13095,0,0
4028,575,4,2048,128,32776,2048,128,32776,0,0,13095,13099,-4,0
4029,575,5,2048,128,32776,2048,128,32776,0,0,13099,13099,0,0
4030,575,6,2048,128,32776,2048,128,32776,0,0,13106,13106,0,0
4031,575,7,2048,128,32776,2048,128,32776,0,0,13106,13111,-5,0
4032,576,0,2048,128,32776,2048,128,32776,0,0,13111,13111,0,0
4033,576,2,2048,128,32776,2048,128,32776,0,0,13106,13106,0,0
4034,576,3,2048,128,32776,2048,128,32776,0,0,13106,13106,0,0
4035,576,4,2048,128,32776,2048,128,32776,0,0,13103,13103,0,0
4036,576,5,2048,128,32776,2048,128,32776,0,0,13098,13098,0,0
4037,576,6,2048,128,32776,2048,128,32776,0,0,13098,13111,-13,0
4038,576,7,2048,128,32776,2048,128,32776,0,0,13111,13111,0,0
4039,577,0,2048,128,32776,2048,128,32776,0,0,13110,13110,0,0
4040,577,2,2048,128,32776,2048,128,32776,0,0,13099,13099,0,0
4041,577,3,2048,128,32776,2048,128,32776,0,0,13111,13111,0,0
4042,577,4,2048,128,32776,2048,128,32776,0,0,13106,13106,0,0
4043,577,5,2048,128,32776,2048,128,32776,0,0,13106,13106,0,0
4044,577,6,2048,128,32776,2048,128,32776,0,0,13103,13103,0,0
4045,577,7,2048,128,32776,2048,128,32776,0,0,13107,13107,0,0
4046,578,0,2048,128,32776,2048,128,32776,0,0,13107,13107,0,0
4047,578,2,2048,128,32776,2048,128,32776,0,0,13106,13106,0,0
4048,578,3,2048,128,32776,2048,128,32776,0,0,13106,13107,-1,0
4049,578,4,2048,128,32776,2048,128,32776,0,0,13107,13107,0,0
4050,578,5,2048,128,32776,2048,128,32776,0,0,13106,13106,0,0
4051,578,6,2048,128,32776,2048,128,32776,0,0,13114,13114,0,0
4052,578,7,2048,128,32776,2048,128,32776,0,0,13114,13114,0,0
4053,579,0,2048,128,32776,2048,128,32776,0,0,13102,13102,0,0
4054,579,2,2048,128,32776,2048,128,32776,0,0,13102,13103,-1,0
4055,579,3,2048,128,32776,2048,128,32776,0,0,13103,13103,0,0
4056,579,4,2048,128,32776,2048,128,32776,0,0,13106,13106,0,0
4057,579,5,2048,128,32776,2048,128,32776,0,0,13111,13111,0,0
4058,579,6,2048,128,32776,2048,128,32776,0,0,13111,13111,0,0
4059,579,7,2048,128,32776,2048,128,32776,0,0,13107,13107,0,0
4060,580,0,2048,128,32776,2048,128,32776,0,0,13111,13111,0,0
4061,580,2,2048,128,32776,2048,128,32776,0,0,13107,13107,0,0
4062,580,3,2048,128,32776,2048,128,32776,0,0,13110,13110,0,0
4063,580,4,2048,128,32776,2048,128,32776,0,0,13110,13110,0,0
4064,580,5,2048,128,32776,2048,128,32776,0,0,13110,13110,0,0
4065,580,6,2048,128,32776,2048,128,32776,0,0,13098,13098,0,0
4066,580,7,2048,128,32776,2048,128,32776,0,0,13098,13107,-9,0
4067,581,0,2048,128,32776,2048,128,32776,0,0,13107,13107,0,0
4068,581,2,2048,128,32776,2048,128,32776,0,0,13110,13110,0,0
4069,581,3,2048,128,32776,2048,128,32776,0,0,13110,13110,0,0
4070,581,4,2048,128,32776,2048,128,32776,0,0,13098,13098,0,0
4071,581,5,2048,128,32776,2048,128,32776,0,0,13106,13106,0,0
4072,581,6,2048,128,32776,2048,128,32776,0,0,13106,13111,-5,0
4073,581,7,2048,128,32776,2048,128,32776,0,0,13111,13111,0,0
4074,582,0,2048,128,32776,2048,128,32776,0,0,13107,13107,0,0
4075,582,2,2048,128,32776,2048,128,32776,0,0,13107,13107,0,0
4076,582,3,2048,128,32776,2048,128,32776,0,0,13107,13107,0,0
4077,582,4,2048,128,32776,2048,128,32776,0,0,13107,13107,0,0
4078,582,5,2048,128,32776,2048,128,32776,0,0,13107,13103,4,0
4079,582,6,2048,128,32776,2048,128,32776,0,0,13103,13103,0,0
4080,582,7,2048,128,32776,2048,128,32776,0,0,13106,13106,0,0
4081,583,0,2048,128,32776,2048,128,32776,0,0,13106,13106,0,0
4082,583,2,2048,128,32776,2048,128,32776,0,0,13106,13106,0,0
4083,583,3,2048,128,32776,2048,128,32776,0,0,13106,13103,3,0
4084,583,4,2048,128,32776,2048,128,32776,0,0,13103,13103,0,0
4085,583,5,2048,128,32776,2048,128,32776,0,0,13110,13110,0,0
4086,583,6,2048,128,32776,2048,128,32776,0,0,13107,13107,0,0
4087,583,7,2048,128,32776,2048,128,32776,0,0,13107,13107,0,0
4088,584,0,2048,128,32776,2048,128,32776,0,0,13110,13110,0,0
4089,584,2,2048,128,32776,2048,128,32776,0,0,13111,13107,4,0
4090,584,3,2048,128,32776,2048,128,32776,0,0,13107,13107,0,0
4091,584,4,2048,128,32776,2048,128,32776,0,0,13102,13102,0,0
4092,584,5,2048,128,32776,2048,128,32776,0,0,13102,13106,-4,0
4093,584,6,2048,128,32776,2048,128,32776,0,0,13106,13106,0,0
4094,584,7,2048,128,32776,2048,128,32776,0,0,13107,13107,0,0
4095,585,0,2048,128,32776,2048,128,32776,0,0,13118,13118,0,0
