Packet,Epoch,Hadamard_Row,DAC0,DAC1,DAC2,DAC3,DAC4,DAC5,DAC6,DAC7,J+,J-,Delta_J,Scaled_Update
0,36932,81,895,1888,2307,0,1,1232,1956,0,-13382,-11000,-48829,-30565
1,33224,168,879,1376,2307,1,3,1248,420,0,5494,21895,-39311,1208
2,32711,136,23,561,1040,4095,4094,1551,1179,16,13688,22407,-39279,-6986
3,33479,88,10,417,16,4095,4093,1551,1435,16,25973,21639,-39231,-19271
4,36039,248,127,881,2064,4,10,1536,1691,0,1407,19080,-39391,5295
5,36039,248,86,1377,16,0,0,1536,1947,0,1407,19080,-39391,5295
6,35014,184,91,945,16,2,4,1552,155,0,-14981,18055,-39455,-11093
7,36806,72,71,369,16,3,7,1552,411,0,21890,19847,-39567,25778
8,36550,56,10,33,2064,0,1,1552,667,0,25987,19591,-39583,29875
9,37062,24,83,1057,272,1,2,1552,923,0,-31359,20103,-39615,-27471
10,37574,56,99,1777,1040,4095,4094,1567,1179,16,25983,19591,-39647,-19277
11,38086,24,42,433,3856,0,2,1552,1435,0,-31363,19079,-39615,-27467
12,37062,216,3947,1248,3343,1,4,1552,1691,0,17785,20103,25985,-11079
13,29637,168,3939,480,1296,4084,4067,1567,1947,16,5468,27529,25521,1238
14,30405,216,75,817,2064,1,3,1568,155,0,17759,28297,25569,13529
15,24518,72,10,1761,3087,9,23,1568,411,0,-19128,22410,25937,-23358
16,22727,216,3922,2032,783,4093,4089,1583,667,16,9551,20619,-39711,5321
17,23751,152,19,673,2320,4094,4092,1583,923,16,25931,21643,-39775,21701
18,21702,24,7,945,3088,4092,4088,1583,1179,16,-6829,23691,-39647,-11075
19,25030,72,2,1377,3088,4090,4083,1583,1435,16,-19130,20364,26097,1226
20,26565,168,102,945,2832,2,6,1568,1691,0,5452,18829,26001,-23356
21,27077,136,54,1073,784,4095,4094,1583,1947,16,-2738,18316,26033,-15166
22,27845,184,98,1825,16,4095,4093,1599,155,16,9553,19085,26081,-2875
23,30661,8,110,545,3088,4,11,1584,411,0,30044,21900,25905,17616
24,31685,72,39,993,2320,4094,4092,1599,667,16,13656,22924,25969,1228
25,32709,8,42,177,3856,1,4,1584,923,0,30036,23948,25905,17608
26,33989,88,3,545,272,4094,4091,1599,1179,16,9551,22668,25825,-27443
27,33989,88,23,289,1296,0,0,1584,1435,0,9551,22668,25825,-27443
28,35525,184,19,865,3344,4093,4090,1599,1691,16,-31403,21132,25729,13511
29,35525,184,110,1697,1040,0,0,1584,1947,0,-31403,21132,25729,13511
30,37829,72,70,161,3088,3,9,1600,155,0,5470,23437,-39663,-15152
31,34758,8,86,49,784,5,12,1600,411,0,-10926,20365,26065,-31548
32,32199,104,27,1393,1040,4092,4086,1615,667,16,30044,17806,-39631,9422
33,30918,184,66,481,1040,2,5,1600,923,0,9569,16526,-39551,-11053
34,29638,104,79,1713,1040,4094,4091,1615,1179,16,30054,17806,-39471,-31538
35,30662,40,83,1697,2320,4094,4092,1615,1435,16,-19102,16782,-39407,17618
36,32197,136,127,1377,2320,2,6,1600,1691,0,5480,15247,-39503,-6964
37,31941,152,67,881,3088,0,1,1600,1947,0,9575,15503,-39519,-11059
38,32197,168,19,369,3088,4095,4095,1631,155,16,13672,15759,-39503,-6962
39,33989,56,3942,864,15,3,7,1616,411,0,-14993,17550,-39615,29909
40,35013,120,3946,2016,3087,4094,4092,1631,667,16,-31381,18574,-39551,13521
41,35781,72,34,161,2064,1,3,1616,923,0,-19096,19342,-39599,25806
42,38342,232,46,1777,3856,4091,4086,1631,1179,16,5470,16782,-39759,1240
43,37318,40,2,433,1808,4094,4092,1631,1435,16,-10910,17805,25713,17620
44,36550,248,123,1633,1296,1,3,1616,1691,0,-23201,18573,-39775,29911
45,37830,168,70,497,1808,2,5,1616,1947,0,21860,17293,-39695,-15150
46,36294,72,47,1377,2320,4093,4090,1647,155,16,-2722,15756,-39791,25804
47,37830,232,66,1633,3088,4093,4090,1647,411,16,-27292,17292,25649,1234
48,37062,184,111,2033,16,4095,4093,1647,667,16,-15001,16524,25601,13525
49,36550,216,114,1585,3856,0,2,1632,923,0,-23191,16012,25633,5335
50,37318,8,74,801,2064,1,3,1632,1179,0,30054,15244,-39951,17626
51,36038,88,71,561,1040,2,5,1632,1435,0,9579,16524,-40031,-27435
52,43204,24,14,1329,2831,11,28,1632,1691,0,-6777,9357,-40479,-11079
53,43973,232,3895,1136,15,4095,4093,1647,1947,16,-19062,8589,25105,1206
54,44741,24,3903,1312,3343,4094,4093,1663,155,16,-6771,9357,-40383,13497
55,42949,136,3867,1120,1295,4093,4089,1663,411,16,21894,7566,-40271,-23374
56,44741,248,11,865,1296,4093,4089,1663,667,16,-6785,9357,-40159,13483
57,45509,200,98,1185,2064,1,3,1648,923,0,5500,10126,-40207,25768
58,46021,232,23,545,1296,4095,4094,1663,1179,16,-2694,9613,-40239,-31574
59,47813,120,95,737,272,3,7,1648,1435,0,25971,7822,-40127,5297
60,48580,168,27,737,3344,4094,4093,1663,1691,16,-27274,7054,-40175,-6994
61,48836,152,51,689,2064,0,1,1648,1947,0,-31369,6798,-40159,-2899
62,49861,216,58,417,16,2,4,1664,155,0,-14981,7822,-40095,13489
63,51396,120,55,1457,3088,4093,4090,1679,411,16,25985,9358,-40191,-11081
64,52420,184,86,929,3088,1,4,1664,667,0,9597,10382,-40127,-27469
65,52164,200,55,737,2320,0,1,1664,923,0,5502,10126,-40111,-31564
66,53956,56,55,49,1040,3,7,1664,1179,0,-23177,8333,25313,-2885
67,53956,56,14,225,16,0,0,1664,1435,0,-23177,8333,25313,-2885
68,55748,168,79,481,272,3,7,1664,1691,0,5502,6542,25201,-31564
69,56260,136,107,1841,2064,4095,4094,1679,1947,16,-2688,6029,25233,-23374
70,56260,136,18,225,1040,0,0,1680,155,0,-2688,6029,25233,-23374
71,54725,232,71,1697,3344,4093,4090,1695,411,16,21882,4494,25329,1196
72,54725,232,122,1905,784,0,0,1680,667,0,21882,4494,25329,1196
73,55493,184,91,1121,1296,1,3,1680,923,0,-31369,5262,25281,13481
74,48835,24,27,1761,3343,10,26,1680,1179,0,9617,11920,-39839,-27505
75,48323,56,3915,1392,1039,4095,4094,1695,1435,16,1427,12432,-39871,-19315
76,47811,24,3962,1696,15,1,2,1680,1691,0,-6767,12943,-39839,-11121
77,44483,232,2,1329,3856,4090,4083,1695,1947,16,-19068,16272,-40047,1180
78,44995,8,54,625,3856,0,2,1696,155,0,-10874,16784,25521,9374
79,38596,152,30,1953,1039,10,25,1696,411,0,25965,10386,-39615,-19323
80,32454,24,3955,176,2064,4086,4072,1711,667,16,-6779,4243,25537,13469
81,34758,136,14,1073,2832,4092,4087,1711,923,16,30076,6548,-40143,-15212
82,34246,104,50,945,1808,4095,4094,1711,1179,16,-27266,7060,-40111,-23406
83,34246,104,71,1073,1040,0,0,1696,1435,0,-27266,7060,-40111,-23406
84,35270,168,107,1249,3344,1,4,1696,1691,0,-10878,6036,-40175,25742
85,34758,200,58,673,16,1,2,1696,1947,0,-2688,6548,-40207,17552
86,34758,200,3,49,16,0,0,1712,155,0,-2688,6548,-40207,17552
87,32966,56,34,1265,784,4093,4089,1727,411,16,25977,4757,25441,-19319
88,32710,40,90,1265,2832,0,1,1712,667,0,30074,4501,25425,-15222
89,32198,72,62,1137,1808,4095,4094,1727,923,16,21884,3989,25457,-23412
90,29638,168,74,49,1808,4,10,1712,1179,0,-2682,6549,-39919,1154
91,36548,248,26,1649,783,11,27,1712,1435,0,-23189,-361,-39488,21661
92,36548,248,55,881,16,0,0,1712,1691,0,-23189,-361,-39488,21661
93,36036,24,27,545,2320,4095,4094,1727,1947,16,-14999,151,26017,13471
94,32451,56,22,1761,2064,4090,4082,1743,155,16,-6821,-3434,-39744,21649
95,28356,56,122,177,3856,6,16,1728,411,0,-6837,-7529,26048,21633
96,27076,232,3,561,16,4094,4091,1743,667,16,13648,-8808,-39568,-23418
97,22723,248,115,49,16,7,17,1728,923,0,9569,-13161,26240,-27497
98,23491,40,91,1057,2320,1,3,1728,1179,0,-2722,-13930,-39344,-15206
99,25283,184,23,1057,1296,4093,4089,1743,1435,16,25943,-15721,26304,21665
100,26051,232,66,689,1808,1,3,1728,1691,0,-27302,-16489,26256,9374
101,26051,232,43,673,272,0,0,1728,1947,0,-27302,-16489,26256,9374
102,27843,88,15,929,1296,4093,4089,1759,155,16,1377,-14696,-39168,-27483
103,28099,72,35,369,3088,0,1,1744,411,0,-2718,-14441,-39184,-31578
104,29379,152,99,2033,1040,4094,4091,1759,667,16,-23203,-13161,-39104,13473
105,30147,104,119,1505,2320,1,3,1744,923,0,-10918,-12393,-39152,25758
106,28098,232,103,737,2320,3,8,1744,1179,0,21858,-10344,26512,-7018
107,28098,232,123,1953,272,0,0,1744,1435,0,21858,-10344,26512,-7018
108,27842,216,110,1585,2832,0,1,1744,1691,0,17761,-10088,26528,-2921
109,28099,200,47,625,2064,0,1,1744,1947,0,13666,-10344,26544,1174
110,29123,8,3947,1264,3087,1,4,1760,155,0,30054,-9320,-38928,17562
111,26819,152,3910,112,3855,3,9,1760,411,0,1373,-11623,-38784,-11119
112,23748,216,3874,1760,1039,4091,4084,1775,667,16,-14999,-14695,26560,-27491
113,24772,152,3918,1632,2063,4094,4092,1775,923,16,1381,-13670,26496,-11111
114,32198,104,3863,1392,14,12,29,1760,1179,0,13640,-21096,26032,-23370
115,39620,152,3683,432,2063,4084,4067,1775,1435,16,1323,-28518,26496,-11053
116,37573,24,3910,1952,3087,4092,4088,1775,1691,16,-31453,-26471,26624,21723
117,36805,72,3898,608,1039,1,3,1760,1947,0,-19168,-25703,26576,9438
118,44230,24,3946,560,1808,4084,4067,1791,155,16,-31427,-18277,27040,-2821
119,42183,152,43,1521,3088,4092,4088,1791,411,16,1333,-20324,27168,29939
120,41927,136,55,753,2064,0,1,1776,667,0,5430,-20580,27152,-31500
121,42183,120,71,993,2320,0,1,1776,923,0,9525,-20324,27136,-27405
122,41415,72,3942,1248,2063,1,3,1776,1179,0,21816,-19556,27184,25840
123,38088,24,3879,1904,15,4091,4083,1791,1435,16,-31419,-16229,-38560,13539
124,36296,168,3906,304,3855,2,7,1776,1691,0,5438,-14437,27088,-23318
125,34248,40,3842,864,3087,4092,4088,1791,1947,16,-27338,-12389,-38576,9458
126,35016,88,3886,352,2063,1,3,1792,155,0,-15047,-11621,-38528,21749
127,35016,88,3854,160,1039,0,0,1792,411,0,-15047,-11621,-38528,21749
128,40902,200,3842,1696,2062,9,23,1792,667,0,21794,-5734,27376,-6946
129,42951,72,3867,1200,15,4093,4088,1807,923,16,-10982,-3686,27248,25814
130,43463,104,3962,1696,15,1,2,1792,1179,0,-19176,-4198,27216,-31528
131,44743,24,3927,1824,1295,4094,4091,1807,1435,16,1299,-5477,27296,13533
132,45766,88,3887,304,3087,1,4,1792,1691,0,17687,-6501,27232,-2855
133,42694,24,3695,496,14,5,12,1792,1947,0,1291,-3428,-38496,13541
134,50632,8,3670,480,2063,4083,4065,1823,155,16,-2774,4509,-37999,9476
135,50632,8,3703,1904,14,0,0,1808,411,0,-2774,4509,-37999,9476
136,50376,248,3707,1760,3342,0,1,1808,667,0,1323,4254,27521,13573
137,44742,88,3711,224,271,4087,4074,1823,923,16,-23231,-1380,27872,-10981
138,43206,248,3886,96,2063,2,6,1808,1179,0,1351,157,-37567,29973
139,43462,232,3926,1248,2063,0,1,1808,1435,0,5446,-99,-37552,25878
140,36040,24,3899,1952,270,12,29,1808,1691,0,17705,7323,28449,13619
141,35528,56,3875,736,1295,4095,4094,1823,1947,16,25895,7835,28417,5429
142,34503,248,3842,416,2063,4094,4092,1839,155,16,9507,6811,-37183,-10959
143,33224,72,3698,1264,782,2,5,1824,411,0,29982,5531,28433,9516
144,33224,72,3655,1056,1294,0,0,1824,667,0,29982,5531,28433,9516
145,33736,40,3655,1312,1294,4095,4094,1839,923,16,-27364,6043,28401,17706
146,33224,8,3678,1696,1038,4095,4094,1839,1179,16,-19170,6555,28433,9512
147,39366,136,3687,48,1039,4086,4072,1839,1435,16,13574,413,28817,-23232
148,36551,216,3639,2016,2318,4091,4085,1839,1691,16,-31493,3228,-36543,21835
149,36807,200,3631,816,3086,4095,4095,1839,1947,16,29948,2972,-36527,25930
150,37831,8,3630,1072,2830,4094,4092,1855,155,16,-19200,3996,29073,-23218
151,37575,24,3623,688,3086,4095,4095,1855,411,16,-15105,3740,29089,-19123
152,33992,56,3710,480,14,6,14,1840,667,0,-23283,157,-36671,-27301
153,33992,56,3598,176,782,0,0,1840,923,0,-23283,157,-36671,-27301
154,33224,8,3679,1184,1294,1,3,1840,1179,0,-10992,925,-36623,25944
155,38343,200,3843,2016,1294,8,20,1840,1435,0,5372,-4193,-36304,9580
156,36807,104,3667,624,3086,2,6,1840,1691,0,-19210,-2658,-36208,-31374
157,38087,24,3651,544,270,2,5,1840,1947,0,25851,-3938,-36128,-10899
158,37831,8,3703,1968,3086,4095,4095,1871,155,16,21754,-4194,-36144,-14996
159,35528,152,3703,880,14,4,9,1856,411,0,-6927,-6498,-36000,21859
160,34760,104,3614,752,3854,4094,4093,1871,667,16,5364,-7265,-36048,-31386
161,33992,152,3707,1648,1038,1,3,1856,923,0,-6921,-8034,-36000,21865
162,36809,72,3675,240,3086,4,11,1856,1179,0,13548,-10850,29360,1396
163,35017,184,3706,1120,1038,3,7,1856,1435,0,-15117,-9059,29248,30061
164,32458,24,3643,1904,1038,4092,4086,1871,1691,16,9449,-6499,29408,5495
165,32970,248,3683,1776,1038,4095,4094,1871,1947,16,1259,-7011,-36096,13685
166,33226,8,3698,1904,2830,4095,4095,1887,155,16,5356,-6755,29456,17782
167,37065,24,3690,32,2062,6,15,1872,411,0,9467,-2916,-36320,21893
168,37577,56,3586,224,1038,4095,4094,1887,667,16,1273,-2404,-36288,13699
169,35016,216,3627,1648,1038,4092,4086,1887,923,16,25859,-4965,-36128,-27251
170,32455,56,3703,816,1038,4,10,1872,1179,0,1293,-2404,-35968,-2685
171,31432,120,3611,816,2062,4094,4092,1887,1435,16,-15087,-1381,-36032,13695
172,32967,216,3591,736,2318,4093,4090,1887,1691,16,9495,-2916,-36128,-10887
173,30663,104,3847,1008,2063,4092,4087,1887,1947,16,-19186,-612,29264,17794
174,33223,8,3951,624,2063,4,10,1888,155,0,21784,1949,-36111,-6772
175,31176,136,3911,240,2063,3,8,1888,411,0,-10992,-99,-35984,25988
176,30408,88,3670,1648,3854,4094,4093,1903,667,16,1299,-866,-36032,-27257
177,37322,168,3703,544,1295,4085,4069,1903,923,16,-19208,6047,-36463,17772
178,35529,56,3847,800,1295,4093,4089,1903,1179,16,9471,7840,-36351,-10907
179,36553,248,3894,1248,2063,4094,4092,1903,1435,16,25851,6816,29249,-27287
180,36041,216,3695,1952,1294,4095,4094,1903,1691,16,17657,7328,29281,-19093
181,43211,24,3691,480,3343,4084,4068,1903,1947,16,-31467,158,-35807,30031
182,39882,72,3966,624,1807,5,13,1904,155,0,-19192,-3171,29520,-23230
183,40650,24,3922,928,2063,1,3,1904,411,0,-31477,-2403,29472,30021
184,41162,56,3891,944,2063,4095,4094,1919,667,16,25865,-1891,29504,21827
185,41418,40,3926,1200,2831,0,1,1904,923,0,29960,-1635,29488,25922
186,42698,120,3882,1120,1039,4094,4091,1919,1179,16,9475,-2915,29408,-19129
187,43978,40,3943,1056,1295,2,5,1904,1435,0,29950,-4195,29488,25932
188,45514,136,3914,1712,3855,4093,4090,1919,1691,16,-11004,-5731,29392,1350
189,52427,216,3,1313,271,11,27,1904,1947,0,9503,-12644,29824,-19157
190,56832,248,3966,48,2831,7,18,1920,155,0,17713,-8035,-35424,1341
191,55808,56,3871,32,3343,1,4,1920,411,0,-31443,-9059,30176,17721
192,55040,8,3918,1520,3855,4094,4093,1935,667,16,-19152,-9827,30128,30012
193,54528,40,3966,1760,15,1,2,1920,923,0,-27342,-10339,30160,21822
194,53504,232,3890,1200,1807,4094,4092,1935,1179,16,-10954,-9315,-35312,5434
195,54732,168,3886,1136,1807,4094,4092,1935,1435,16,5426,-10338,-35248,-23234
196,49153,88,3706,48,1807,4087,4075,1935,1691,16,-15075,-4964,30624,9555
197,49153,88,3711,2032,14,0,0,1920,1947,0,-15075,-4964,30624,9555
198,49153,88,3930,1376,1039,0,0,1936,155,0,-15075,-4964,30624,9555
199,55756,200,3871,1968,1038,10,25,1936,411,0,13622,1435,30225,25964
200,59595,184,3619,2032,1038,4090,4081,1951,667,16,17703,5274,-35071,30045
201,59339,200,3679,1568,3342,4095,4095,1951,923,16,13608,5018,-35055,25950
202,59083,184,3663,1072,3086,0,1,1936,1179,0,17705,5274,-35039,21853
203,59083,184,3671,1376,270,0,0,1936,1435,0,17705,5274,-35039,21853
204,59083,184,3595,112,1038,0,0,1936,1691,0,17705,5274,-35039,21853
205,56266,104,3590,1200,2830,4091,4085,1951,1947,16,-2786,8090,30321,-23192
206,56778,136,3659,928,270,1,2,1952,155,0,5408,8603,30353,-14998
207,57802,72,3682,1952,2062,4094,4092,1967,411,16,-10972,9626,30289,-31378
208,58058,88,3699,1632,3342,0,1,1952,667,0,-15069,9882,30305,30061
209,58570,56,3695,1952,1294,4095,4094,1967,923,16,-6879,10394,30273,-27285
210,58570,56,3871,416,1295,0,0,1952,1179,0,-6879,10394,30273,-27285
211,59082,24,3907,1184,2319,4095,4094,1967,1435,16,1311,9883,30305,30061
212,59082,24,3894,800,1039,0,0,1952,1691,0,1311,9883,30305,30061
213,64715,184,3711,224,271,4087,4074,1967,1947,16,-23243,4249,30657,-10921
214,204,249,3866,800,2063,4094,4092,1983,155,16,-6855,5273,30721,5467
215,6858,89,3847,1392,14,11,26,1968,411,0,17747,11928,-35231,30069
216,6602,73,3874,416,2063,0,1,1968,667,0,21844,11672,-35247,-31370
217,14028,121,3875,1568,270,12,29,1968,923,0,9527,19098,-35711,21849
218,13516,89,3679,1264,14,1,2,1968,1179,0,17721,19610,-35679,13655
219,13004,121,3678,1648,1806,4095,4094,1983,1435,16,9531,20122,-35711,21845
220,6145,217,3870,1824,3086,10,26,1968,1691,0,-31455,26776,-35295,9583
221,5889,233,3686,1712,2830,4095,4095,1983,1947,16,-27360,27032,-35311,5488
222,6401,9,3662,1008,3854,0,2,1984,155,0,-19166,27544,30257,13682
223,10496,9,3587,1648,3086,4089,4080,1999,411,16,-19150,31639,-35535,13698
224,11980,89,3691,1136,1038,2,5,1984,667,0,25901,-32617,-35455,-19075
225,13824,217,3627,1440,270,4093,4088,1999,923,16,-6875,-30569,29953,25973
226,17153,169,3703,496,2062,5,13,1984,1179,0,5400,31639,-35791,13698
227,16897,185,3670,1184,3086,0,1,1984,1435,0,1305,31895,-35807,17793
228,18688,41,3686,880,3854,2,7,1984,1691,0,29984,30103,29617,-10886
229,19200,9,3611,560,2062,4095,4094,1999,1947,16,21794,29591,29649,-2696
230,19969,57,3631,992,270,4095,4093,2015,155,16,-31451,30359,29697,9595
231,18945,121,3650,1376,3086,4094,4092,2015,411,16,-15071,29335,29761,25975
232,22016,57,3595,1376,1294,4091,4084,2015,667,16,1301,32407,-35583,-23189
233,21504,89,3635,944,2062,4095,4094,2015,923,16,-6889,31894,-35551,-31379
234,19456,217,3691,800,2318,3,8,2000,1179,0,25887,-31593,30113,1381
235,19200,233,3602,352,3086,4095,4095,2015,1435,16,21792,-31337,30097,5476
236,20172,25,3594,416,14,4095,4093,2015,1691,16,-31453,-32105,-35487,-19103
237,19916,41,3434,1712,3853,4095,4095,2015,1947,16,-27358,-31849,-35503,-23198
238,20172,57,3451,1760,3341,0,1,2016,155,0,-23261,-31593,-35487,-19101
239,23243,121,3591,1312,1294,4091,4084,2031,411,16,-6865,-28522,29857,-2705
240,20940,233,3650,1968,1806,4092,4087,2031,667,16,30008,-30825,-35823,-31368
241,21196,217,3626,688,3854,4095,4095,2031,923,16,-31433,-30569,-35839,-27273
242,21196,217,3611,416,270,0,0,2016,1179,0,-31433,-30569,-35839,-27273
243,21196,217,3602,288,14,0,0,2016,1435,0,-31433,-30569,-35839,-27273
244,22988,73,3706,1200,3854,2,7,2016,1691,0,-2754,-32361,29585,9584
245,22476,105,3666,1056,14,1,2,2016,1947,0,5436,-31848,29553,1394
246,21707,57,3675,1120,1294,1,3,2032,155,0,-6855,-32617,29505,-10897
247,21195,89,3699,1952,2318,4095,4094,2047,411,16,1335,32408,29537,-2707
248,19404,233,3674,672,14,3,7,2032,667,0,30014,30616,-36111,25972
249,21760,73,3695,688,1038,4,10,2032,923,0,5428,-32359,-36271,13674
250,21760,73,3675,1440,270,0,0,2032,1179,0,5428,-32359,-36271,13674
251,21248,105,3699,2032,1038,4095,4094,2047,1435,16,-2762,-31848,-36303,21864
252,14338,185,3874,1760,1038,11,27,2032,1691,0,17691,-24937,-35871,1411
253,14850,153,3702,1584,782,1,2,2032,1947,0,9501,-25449,-35839,9601
254,17154,41,3671,432,3086,3,9,2048,155,0,-19162,-23145,29841,-19062
255,16898,57,3623,432,3086,0,1,2048,411,0,-15067,-23401,29857,-14967
256,16130,9,3647,1248,270,4095,4093,2063,667,16,-2776,-24169,29809,-2676
257,17155,201,3847,480,2319,4094,4092,2063,923,16,13604,-23144,-35791,13704
258,17411,217,3867,240,3087,0,1,2048,1179,0,9507,-23400,-35807,17801
259,17155,233,3702,1760,2062,0,1,2048,1435,0,5412,-23144,-35823,21896
260,18435,57,3931,928,271,2,5,2048,1691,0,25897,-24424,29633,1411
261,19203,9,3926,1632,15,4095,4093,2063,1947,16,13612,-25192,29681,13696
262,21251,137,3866,1184,15,4093,4088,2079,155,16,-19148,-23144,29809,-19064
263,20227,201,3863,752,2063,4094,4092,2079,411,16,-2768,-24168,29873,-2684
264,13061,9,3882,1760,3086,11,28,2064,667,0,-19124,-31334,-36111,-19040
265,13317,249,3686,1504,2062,0,1,2064,923,0,-15029,-31078,29409,-14945
266,12549,201,3662,880,1806,1,3,2064,1179,0,-2738,-30310,29457,-27236
267,13573,137,3678,1008,3854,1,4,2064,1435,0,13642,-31333,29521,21920
268,10758,217,3666,96,3086,4,11,2064,1691,0,-31425,-28518,-35839,1451
269,9733,25,3598,544,3086,4094,4092,2079,1947,16,-15045,-27494,29633,-14929
270,11270,121,3646,352,2062,2,6,2080,155,0,9537,-25957,29729,9653
271,12805,25,3646,1568,3086,4093,4090,2095,411,16,-15033,-24422,29633,-14917
272,15365,185,3706,880,782,4,10,2080,667,0,9533,-21862,29793,9649
273,16901,89,3663,1824,3342,4093,4090,2095,923,16,-31433,-20326,29697,-31317
274,14340,185,3599,1264,14,4092,4086,2095,1179,16,9537,-17765,-35679,-6751
275,15876,89,3627,1264,3086,4093,4090,2095,1435,16,-31429,-19301,-35583,-31321
276,16132,105,3674,1312,2062,0,1,2080,1691,0,-27332,-19557,-35599,30118
277,13571,9,3658,32,2062,4,10,2080,1947,0,13618,-16996,29777,-10832
278,14852,89,3679,2016,270,4094,4091,2111,155,16,-31433,-15716,29857,9653
279,15108,73,3675,1312,2318,0,1,2096,411,0,30008,-15460,29841,5558
280,15619,105,3595,352,1294,4095,4094,2111,667,16,21814,-14948,29873,-2636
281,15619,105,3418,1392,781,0,0,2096,923,0,21814,-14948,29873,-2636
282,15363,89,3422,1392,1805,0,1,2096,1179,0,25911,-14692,29889,-6733
283,14596,137,3343,480,269,4095,4093,2111,1435,16,13626,-13924,29841,5552
284,17411,57,3359,1648,2061,4091,4085,2111,1691,16,-6843,-16740,-35871,26021
285,17155,73,3630,752,3854,4095,4095,2111,1947,16,-2748,-16484,-35887,21926
286,17155,73,3643,864,1294,0,0,2112,155,0,-2748,-16484,-35887,21926
287,14595,233,3678,416,1038,4,10,2112,411,0,-27334,-19043,-35727,-2660
288,17155,137,3659,96,1294,4,10,2112,667,0,-2768,-16484,29969,21906
289,16643,169,3646,736,14,1,2,2112,923,0,-10958,-16996,30001,13716
290,16387,153,3698,1888,3086,4095,4095,2127,1179,16,-6861,-16740,30017,9619
291,16899,121,3902,1136,1807,4095,4094,2127,1435,16,1329,-17251,30049,1429
292,23809,41,3862,1568,1038,11,27,2112,1691,0,-19124,-24162,29617,21882
293,25089,217,3859,800,271,4094,4091,2127,1947,16,25937,-25442,-35839,-23179
294,26369,41,3867,880,1039,4094,4091,2143,155,16,-19114,-24162,29777,-2694
295,25858,73,3875,752,1039,4095,4094,2143,411,16,-10924,-24674,29809,5496
296,19203,169,3859,1632,3342,10,26,2128,667,0,30062,-31328,29393,-19054
297,18179,233,3842,416,2063,4094,4092,2143,923,16,13682,-32352,29457,30102
298,17667,201,3875,288,271,1,2,2128,1179,0,21876,-31840,29489,21908
299,17667,201,3691,1632,1294,0,0,2128,1435,0,21876,-31840,29489,21908
300,19458,57,3879,1312,1295,4093,4089,2143,1691,16,-14981,31904,-36159,-6771
301,19458,57,3887,688,1039,0,0,2128,1947,0,-14981,31904,-36159,-6771
302,11777,89,3710,1008,3855,4083,4066,2159,155,16,-6819,24222,-36639,1391
303,11521,105,3919,1120,2319,0,1,2144,411,0,-2724,23966,-36623,5486
304,12544,169,3914,736,3087,1,4,2144,667,0,-19112,24990,-36559,-10902
305,11520,233,3682,1072,3854,1,4,2144,923,0,30044,23966,-36495,-27282
306,10496,169,3586,368,2830,4094,4092,2159,1179,16,-19104,24990,-36431,21866
307,6657,153,3686,32,1038,6,15,2144,1435,0,-14993,28829,28865,17755
308,9216,57,3682,416,2062,4,10,2144,1691,0,25977,26270,-36831,-23215
309,12033,137,3630,1888,2062,4091,4085,2159,1947,16,-19068,23453,28881,21830
310,12033,137,3699,1840,14,0,0,2160,155,0,-19068,23453,28881,21830
311,18636,249,3850,1568,2062,10,25,2160,411,0,9629,29852,28481,-27297
312,20428,105,3638,1520,1806,4093,4089,2175,667,16,-19050,31643,-36943,9560
313,20684,89,3702,1760,2062,0,1,2160,923,0,-14955,31899,-36959,13655
314,22732,217,3891,1648,3087,4092,4088,2175,1179,16,17805,29851,-37087,-19105
315,22732,217,3851,96,1295,0,0,2160,1435,0,17805,29851,-37087,-19105
316,24524,73,3891,1520,1039,4093,4089,2175,1691,16,-19052,28059,28337,17752
317,26880,169,3927,288,1295,4,10,2160,1947,0,5534,25499,-37039,5454
318,27648,217,3887,368,2063,1,3,2176,155,0,17825,26267,-36991,17745
319,31692,233,3842,1584,3855,4089,4081,2191,411,16,21936,30106,28305,9568
320,31692,233,3859,224,1295,0,0,2176,667,0,21936,30106,28305,9568
321,30667,41,3946,1184,15,2,4,2176,923,0,5556,29082,-37167,-6812
322,32204,137,3950,1072,2831,2,6,2176,1179,0,-19026,27545,-37263,17770
323,31692,169,3942,1392,3855,0,2,2176,1435,0,-27216,28057,-37295,25960
324,34251,73,3967,944,1039,4,10,2176,1691,0,13754,25498,28081,-15010
325,33739,105,3906,752,783,1,2,2176,1947,0,21944,26010,28049,-23200
326,32971,57,3878,240,1807,1,3,2192,155,0,9653,25242,28001,30045
327,36554,89,3958,416,3087,5,14,2192,411,0,17859,28825,-37759,-27285
328,36810,105,3955,1888,3343,4095,4095,2207,667,16,13762,29081,-37743,-31382
329,35786,169,3899,1312,2319,4094,4092,2207,923,16,-2618,28056,-37679,17774
330,37834,41,3907,1824,271,4093,4088,2207,1179,16,30142,26008,27729,-14986
331,33483,57,3854,1968,783,4089,4079,2207,1435,16,26063,30359,-38079,-10907
332,31436,185,3942,736,2063,3,8,2192,1691,0,-6713,32406,27585,21869
333,30924,217,3874,688,1807,4095,4094,2207,1947,16,1477,-32617,27553,13679
334,33536,137,3930,240,2831,4,11,2208,155,0,-18992,-29801,-37807,5498
335,30208,89,3935,112,2063,5,13,2208,411,0,-31293,32408,27937,-6803
336,30976,137,3907,688,2063,1,3,2208,667,0,21952,-32360,27985,-19094
337,24523,41,3851,1504,3342,10,26,2208,923,0,-18982,26518,28401,-6780
338,23499,233,3886,1120,2063,4094,4092,2223,1179,16,-2594,27542,-37071,-23168
339,20172,185,3958,496,1807,5,13,2208,1435,0,9707,30870,28257,30067
340,23243,121,3962,688,3855,4,12,2208,1691,0,-6665,27798,-37471,-19097
341,22219,185,3879,160,3343,1,4,2208,1947,0,9715,28823,-37535,30059
342,19146,249,3931,160,271,5,12,2224,155,0,26087,25750,27809,-19105
343,18890,9,3907,1120,3343,4095,4095,2239,411,16,30182,25494,-37711,-15010
344,22985,9,3843,1648,3087,4089,4080,2239,667,16,30166,29589,28081,-15026
345,19144,249,3850,1648,783,4090,4081,2239,923,16,-31259,25748,28321,-10915
346,26058,169,3954,496,784,4085,4069,2239,1179,16,-10806,18834,27889,-31368
347,27082,105,62,545,3088,1,4,2224,1435,0,5574,17811,27953,17788
348,27338,121,91,1505,3344,4095,4095,2239,1691,16,9671,17555,27937,13691
349,27338,121,43,609,1296,0,0,2224,1947,0,9671,17555,27937,13691
350,27594,137,3918,1072,2831,0,1,2240,155,0,13768,17811,27953,17788
351,28106,105,3926,1568,1039,4095,4094,2255,411,16,5578,18323,27921,9598
352,29641,201,3891,160,2319,2,6,2240,667,0,-19004,19858,28017,-14984
353,27593,73,3903,160,1295,3,8,2240,923,0,13772,17810,-37391,17792
354,28105,105,3955,1584,15,1,2,2240,1179,0,5578,17298,-37423,25986
355,28617,73,3902,1200,783,4095,4094,2255,1435,16,13768,16786,-37391,17796
356,25801,153,3883,1824,2319,4091,4085,2255,1691,16,-31299,19601,28321,-2673
357,30923,89,3842,2032,783,4088,4076,2255,1947,16,17873,14480,-36895,13691
358,32203,169,3846,608,15,4094,4091,2271,155,16,-27178,15760,-36815,-31360
359,32715,137,3862,96,15,1,2,2256,411,0,30168,16272,-36847,25986
360,28364,121,3966,224,15,7,17,2256,667,0,-31255,11921,28417,30099
361,26059,9,3866,1312,2063,4092,4087,2271,923,16,-2574,9616,-36975,-6756
362,25035,201,3878,112,3855,1,4,2256,1179,0,13814,10641,28625,-23144
363,21708,153,3854,1584,2831,4090,4083,2271,1435,16,26115,13968,-37119,30091
364,25803,153,3866,2032,2831,4089,4080,2271,1691,16,26131,9873,28161,30075
365,27083,73,3954,1248,1039,2,5,2256,1947,0,5656,8593,28241,-14986
366,27339,89,3934,1392,1807,0,1,2272,155,0,9753,8849,28257,-10889
367,28107,41,3946,1952,15,4095,4093,2287,411,16,-2532,9616,28209,-23174
368,28107,41,3962,1952,15,0,0,2272,667,0,-2532,9616,28209,-23174
369,25803,185,3950,800,3087,3,9,2272,923,0,26149,7312,28353,5507
370,26571,233,3890,480,1039,1,3,2272,1179,0,13858,6544,28305,17798
371,27850,153,3870,928,1039,4094,4091,2287,1435,16,-31203,5264,28385,-2677
372,27595,137,3843,96,3343,4095,4095,2287,1691,16,30236,5520,28401,1420
373,28107,105,3847,240,2063,4095,4094,2287,1947,16,22046,5008,28433,9610
374,26826,25,3898,368,783,2,5,2288,155,0,1561,3728,28353,-10875
375,28362,185,3958,1248,2063,2,6,2288,411,0,-23009,5263,-37279,30091
376,30154,41,3922,1968,1807,4093,4089,2303,667,16,13848,7055,28369,1412
377,28105,169,3863,1184,3343,4092,4088,2303,923,16,-18912,5006,28497,-31348
378,27849,153,3903,800,3343,0,1,2288,1179,0,-14815,5262,28513,30091
379,28105,137,19,113,3088,0,1,2288,1435,0,-10720,5006,28529,25996
380,29385,217,27,929,272,4094,4091,2303,1691,16,9765,3727,28449,5511
381,27592,73,46,1457,784,4093,4089,2303,1947,16,-27106,5519,-37199,-23154
382,28616,137,46,241,3856,1,4,2304,155,0,-10718,6543,-37135,-6766
383,26313,25,3931,416,271,4,9,2304,411,0,26137,4240,28545,30089
384,29384,217,3947,352,1295,5,12,2304,667,0,-23027,7311,28737,-19075
385,33993,185,3854,2032,3855,4088,4078,2319,923,16,-14853,11920,-37087,-10901
386,37322,137,3967,624,2063,5,13,2304,1179,0,-2578,8591,28241,-23176
387,41673,121,3850,1840,1807,4089,4079,2319,1435,16,1501,4241,-37023,-27255
388,43465,233,3931,672,271,3,7,2304,1691,0,30180,2449,-37135,9602
389,41160,121,3694,816,2830,3,9,2304,1947,0,1499,4754,28257,-27253
390,49354,121,3650,288,15,4083,4064,2335,155,16,1531,12948,28769,-27221
391,42444,41,3710,672,1039,4085,4069,2335,411,16,-18976,6037,29201,17808
392,41420,233,3682,1136,2830,1,4,2320,667,0,-2588,5013,-36399,-31340
393,39884,73,3647,1568,3342,4093,4090,2335,923,16,-27158,3477,29233,9626
394,32714,137,3878,1760,2062,11,28,2320,1179,0,22022,10647,29681,25982
395,32714,137,3854,176,783,0,0,2320,1435,0,22022,10647,29681,25982
396,32714,137,3866,416,15,0,0,2320,1691,0,22022,10647,29681,25982
397,33994,57,3875,32,271,2,5,2320,1947,0,1547,9367,29761,-19079
398,34250,73,3871,288,3343,0,1,2336,155,0,5644,9623,29777,-14982
399,27596,233,3874,1904,2830,10,26,2336,411,0,-18958,2968,-35343,25952
400,34250,137,3859,1632,3342,10,26,2336,667,0,5592,9623,-34927,-15034
401,35531,57,3614,928,1038,4094,4091,2351,923,16,26067,10903,-35007,5441
402,28105,105,3687,544,1295,4084,4067,2351,1179,16,13808,18329,-34543,17700
403,27593,137,3698,1568,14,1,2,2336,1435,0,5618,18841,-34575,25890
404,22218,57,3710,48,2831,4087,4075,2351,1691,16,-14883,24215,31297,-19145
405,21706,89,3882,432,3855,0,2,2336,1947,0,-6693,24727,31265,-27335
406,27339,185,3711,160,1295,4087,4074,2367,155,16,17905,30361,-33919,-2737
407,26060,9,3843,496,1039,4094,4091,2367,411,16,-27156,29081,31697,17738
408,29643,233,3611,1840,2062,4090,4082,2367,667,16,-18978,32664,31921,25916
409,29387,249,3602,304,3854,4095,4095,2367,923,16,-23073,32408,31937,21821
410,31179,105,3630,1392,1806,4093,4089,2367,1179,16,13784,30616,-33711,-15036
411,38346,169,3843,1200,2062,11,28,2352,1435,0,-2628,23449,-33263,1376
412,40137,25,3663,1952,1294,4093,4089,2367,1691,16,26051,21658,32161,-27303
413,47307,89,3883,1824,2318,11,28,2352,1947,0,-23073,14488,32609,21821
414,47819,121,3683,1328,14,1,2,2368,155,0,-14879,15000,32641,30015
415,47563,137,3611,240,3086,0,1,2368,411,0,-10784,14744,32657,-31426
416,46539,73,3595,496,3086,4094,4092,2383,667,16,5604,13721,32593,-15038
417,45003,169,3635,112,3086,2,6,2368,923,0,-18966,12184,32689,25928
418,46795,25,3674,608,1038,3,7,2368,1179,0,17891,10392,-32959,-10929
419,45772,89,3647,496,14,2,4,2368,1435,0,1511,11416,-33023,5451
420,41728,105,3599,1760,270,4090,4081,2383,1691,16,5592,15255,32753,13658
421,42240,73,3618,688,1806,4095,4094,2383,1947,16,-2598,14742,32785,21848
422,41728,41,3691,1456,14,1,2,2384,155,0,-10792,14230,32753,13654
423,39936,153,3635,1520,1038,4093,4089,2399,411,16,17873,12439,32865,-23217
424,39424,121,3662,944,782,1,2,2384,667,0,26067,11927,32833,-15023
425,33228,9,3707,432,15,4086,4071,2399,923,16,-10772,5525,33233,1386
426,34508,89,3671,1888,270,4094,4091,2399,1179,16,-31257,4245,33153,21871
427,37067,185,3707,880,1038,4,10,2384,1435,0,9693,1686,-32223,-19079
428,35788,105,3667,736,1294,2,5,2384,1691,0,-10792,2965,-32143,1406
429,32459,57,3607,1712,3086,4090,4083,2399,1947,16,-23093,6294,33185,13707
430,39424,249,3847,1248,2318,11,28,2400,155,0,26087,13464,-31903,9639
431,41932,105,3650,1952,2062,4092,4087,2415,411,16,-10768,15767,-32047,26032
432,42956,169,3687,1200,3086,1,4,2400,667,0,-27156,16791,-31983,9644
433,43212,153,3650,1136,2830,4095,4095,2415,923,16,-23061,17047,-31999,13739
434,41163,25,3658,1968,3854,4092,4088,2415,1179,16,9715,19096,-31871,-19037
435,34816,153,3850,1696,14,10,24,2400,1435,0,-23029,25238,33281,25995
436,36352,249,3902,304,2831,2,6,2400,1691,0,1553,23703,33185,1413
437,44033,25,3678,480,15,4084,4066,2415,1947,16,9775,16021,-31871,-6809
438,37632,137,3851,1584,2062,10,25,2416,155,0,-27114,9619,-32271,21838
439,38656,73,3690,1264,2830,1,4,2416,411,0,22042,10643,-32335,5458
440,38912,89,3626,752,2830,4095,4095,2431,667,16,17945,10899,-32319,1361
441,46337,137,3851,1136,1038,12,29,2416,923,0,5628,18325,-32783,-10956
442,45569,89,3671,992,2318,1,3,2416,1179,0,17919,19093,-32735,-23247
443,46081,57,3639,624,14,1,2,2416,1435,0,26109,18581,-32703,-31437
444,46081,57,3639,864,270,0,0,2416,1691,0,26109,18581,-32703,-31437
445,45825,73,3650,1120,3086,4095,4095,2431,1947,16,30204,18837,-32719,30004
446,49410,41,3707,496,3086,5,14,2432,155,0,22026,22422,33041,21826
447,50945,201,3591,672,3342,4093,4090,2447,411,16,-2544,23957,-32591,-2744
448,44547,57,3702,368,3855,4085,4071,2447,667,16,-31191,17559,32545,-31391
449,43267,137,3666,688,1806,2,5,2432,923,0,13870,16279,32625,13670
450,41474,25,3626,1376,1038,4093,4089,2447,1179,16,-22987,18071,32737,-15009
451,43522,153,3635,1648,3086,4092,4088,2447,1435,16,9773,16024,-32671,17767
452,43522,153,3659,1120,1294,0,0,2432,1691,0,9773,16024,-32671,17767
453,35840,121,3646,1840,2829,12,30,2432,1947,0,1551,23706,-33151,25989
454,36608,169,3586,288,14,4095,4093,2463,155,16,13842,24474,-33103,-27256
455,36864,153,3607,160,3342,0,1,2448,411,0,9747,24730,-33119,-31351
456,36864,153,3603,224,1294,0,0,2448,667,0,9747,24730,-33119,-31351
457,34816,25,3619,1376,3342,4092,4088,2463,923,16,-23013,22681,32545,1425
458,35328,57,3698,1968,1806,4095,4094,2463,1179,16,-31207,22169,32513,9619
459,36300,9,3675,1056,2318,1,3,2448,1435,0,-18922,21401,32561,-14954
460,37836,105,3654,1648,3854,4093,4090,2463,1691,16,5660,19866,32465,26000
461,36043,217,3646,1632,2062,4093,4089,2463,1947,16,-31211,21658,32353,-2665
462,36300,233,3691,1520,3086,0,1,2464,155,0,-27114,21914,32369,1432
463,35788,9,3651,816,14,1,2,2464,411,0,-18924,21402,-33135,9622
464,36811,73,3651,560,14,2,4,2464,667,0,30224,22426,-33071,-6766
465,36811,73,3598,224,14,0,0,2464,923,0,30224,22426,-33071,-6766
466,35787,9,3639,1248,2318,4094,4092,2479,1179,16,-18924,23450,-33007,-23154
467,33484,153,3659,240,3086,3,9,2464,1435,0,9757,25754,-33151,13701
468,34252,201,3451,1568,2317,1,3,2464,1691,0,22048,24986,-33199,1410
469,33739,233,3407,1008,13,1,2,2464,1947,0,30238,25498,-33231,-6780
470,33995,249,3414,1456,2829,4095,4095,2495,155,16,-31201,25754,-33215,-2683
471,26880,169,3454,688,782,4085,4069,2495,411,16,13828,18844,-32783,-10902
472,24577,25,3687,688,3086,3,9,2480,667,0,-14835,16540,-32927,25971
473,24577,25,3454,1968,781,0,0,2480,923,0,-14835,16540,-32927,25971
474,23041,185,3447,1248,2317,2,6,2480,1179,0,9747,18077,32705,1389
475,25600,25,3430,560,781,4,10,2480,1435,0,-14839,15517,32865,25975
476,26624,89,3406,1632,2061,4094,4092,2495,1691,16,1549,14494,32801,9587
477,28928,201,3419,416,269,4,9,2480,1947,0,30230,12189,-32591,-19094
478,27392,105,3358,1072,2829,4093,4090,2511,155,16,5648,10653,-32687,21860
479,29644,233,3355,1200,13,4093,4088,2511,411,16,-27112,12700,32721,-23188
480,29644,233,3374,736,13,0,0,2496,667,0,-27112,12700,32721,-23188
481,29132,9,3418,1136,781,1,2,2496,923,0,30234,12188,-32783,-31378
482,28876,249,3430,1712,2829,4095,4095,2511,1179,16,-31205,12444,32769,30061
483,31435,89,3350,1392,3853,4091,4086,2511,1435,16,9745,9885,32929,-10889
484,30668,41,3426,1840,3853,4094,4093,2511,1691,16,-2546,10652,32977,1402
485,24266,185,3606,1760,2061,10,25,2496,1947,0,-31243,17054,-32959,30099
486,25802,25,3367,1248,2317,4093,4090,2527,155,16,-6661,18590,32673,-10855
487,18124,249,3406,240,3854,4083,4066,2527,411,16,-14883,10912,-32383,-19077
488,15104,73,3454,800,3085,4,11,2512,667,0,30184,8097,-32559,-27258
489,12236,9,3367,1824,1293,4091,4084,2527,923,16,-18956,5024,33169,-23150
490,15616,233,3334,1504,2061,4090,4082,2527,1179,16,-10778,1439,32945,-19040
491,17664,105,3407,416,1293,3,8,2512,1435,0,21982,-608,33072,13736
492,16640,41,3362,48,3853,1,4,2512,1691,0,5594,416,33137,30124
493,16128,73,3186,2032,780,4095,4094,2527,1947,16,13784,928,33105,21934
494,16896,121,3194,1568,2060,1,3,2528,155,0,26075,1696,33153,-31311
495,16128,169,3150,864,2060,1,3,2528,411,0,-27176,928,33201,-19026
496,15360,121,3142,1376,12,4095,4093,2543,667,16,-14885,160,33153,-6735
497,14592,169,3135,672,1292,1,3,2528,923,0,-27170,-608,33200,-19020
498,15360,217,3146,864,1036,1,3,2528,1179,0,26075,-1376,33152,-6729
499,14849,249,3115,432,12,1,2,2528,1435,0,17885,-864,33120,1461
500,13825,185,3106,944,1804,4094,4092,2543,1691,16,1497,160,33185,17849
501,20738,9,3183,496,13,4085,4069,2543,1947,16,22004,-6754,-31920,-2658
502,20995,25,3355,496,3085,4095,4095,2559,155,16,26101,-6498,-31904,1439
503,18947,153,3398,1952,3085,4092,4088,2559,411,16,-6675,-8546,-31776,-31337
504,23042,153,3338,1776,2829,4089,4080,2559,667,16,-6691,-4451,34016,-31353
505,21250,9,3351,1056,1293,4093,4089,2559,923,16,30180,-6243,-31408,5518
506,19969,185,3423,944,1037,2,5,2544,1179,0,-14871,-4963,34208,-14967
507,20225,169,3351,160,3341,0,1,2544,1435,0,-10776,-5219,34224,-19062
508,19201,105,3378,368,2829,1,4,2544,1691,0,-27164,-4195,34288,-2674
509,19201,105,3435,1696,269,0,0,2544,1947,0,-27164,-4195,34288,-2674
510,15361,121,3330,1584,3853,4089,4081,2575,155,16,-23083,-8036,-31488,1407
511,14849,153,3382,608,13,1,2,2560,411,0,-14893,-8548,-31456,9597
512,14081,105,3411,1584,13,4095,4093,2575,667,16,-2602,-9316,-31504,21888
513,12801,185,3382,240,1805,2,5,2560,923,0,-23077,-10596,-31424,1413
514,10240,25,3339,1136,1037,4092,4086,2575,1179,16,17893,-8035,-31264,25979
515,16587,153,3450,288,2062,4086,4072,2575,1435,16,-14899,-14178,-30880,-19053
516,23242,57,3590,1376,13,11,26,2560,1691,0,26087,-20832,-31296,5497
517,22986,73,3426,1376,3085,0,1,2560,1947,0,30182,-20576,-31312,1402
518,32204,137,3359,112,2062,4081,4060,2591,155,16,-18934,-11358,-30736,17822
519,29184,57,3591,1264,2062,4091,4085,2591,411,16,26111,-14173,34976,9619
520,29440,73,3650,1072,3854,4095,4095,2591,667,16,22014,-13917,34992,5522
521,30464,9,3647,496,14,2,4,2576,923,0,-27142,-12893,34928,21902
522,30208,249,3434,1520,2829,0,1,2576,1179,0,-23045,-12637,-30592,17805
523,31948,153,3434,1008,2829,2,6,2576,1435,0,1525,-14172,-30496,-19053
524,31948,153,3378,736,1037,0,0,2576,1691,0,1525,-14172,-30496,-19053
525,31436,185,3334,288,1037,4095,4094,2591,1947,16,9715,-13660,-30528,-27243
526,31692,201,3359,288,3341,0,1,2592,155,0,13812,-13404,-30512,-23146
527,31948,185,3386,1008,2829,4095,4095,2607,411,16,9717,-13148,-30528,-27241
528,32716,233,3386,560,1805,1,3,2592,667,0,-2574,-12381,-30480,26004
529,31692,41,3394,608,3085,1,4,2592,923,0,-18954,-13405,35120,9624
530,27851,57,3346,1824,13,4090,4081,2607,1179,16,-23035,-9564,-30176,13705
531,26827,121,3395,608,3341,1,4,2592,1435,0,26121,-8540,-30240,30085
532,23500,169,3354,1712,3853,4090,4083,2607,1691,16,-27140,-5213,35504,17810
533,24524,105,3411,1648,3085,4094,4092,2607,1947,16,22016,-6237,35568,-31346
534,28928,137,3334,1952,3085,4088,4078,2623,155,16,30226,-1628,-29680,-10848
535,27137,249,3343,928,1293,4093,4089,2623,411,16,-6645,-3420,-29568,17817
536,26881,233,3371,560,2061,0,1,2608,667,0,-2548,-3676,-29584,21914
537,25344,73,3362,1136,2829,4093,4090,2623,923,16,-27118,-5212,36048,-2656
538,23296,201,3454,1136,1805,3,8,2608,1179,0,5658,-3163,-29360,30104
539,20993,89,3391,1904,2061,4092,4087,2623,1435,16,-31197,-860,36032,1423
540,17153,105,3438,96,2061,6,15,2608,1691,0,-27116,2979,-29263,-2658
541,21250,105,3438,32,3085,6,16,2608,1947,0,-27100,-1118,36528,-2674
542,18690,201,3330,1008,781,4092,4086,2639,155,16,-2534,-3679,-29168,21892
543,16130,105,3418,368,781,4,10,2624,411,0,-27120,-6238,36528,-2694
544,16130,105,3375,752,13,0,0,2624,667,0,-27120,-6238,36528,-2694
545,16643,73,3358,608,2061,4095,4094,2639,923,16,-18930,-5726,36496,5496
546,15618,9,3359,864,2317,4094,4092,2639,1179,16,-2542,-4702,36560,-10892
547,14851,57,3443,1456,2061,1,3,2624,1435,0,-14827,-3934,36512,1393
548,6405,41,3415,736,2318,4082,4063,2639,1691,16,-18956,4512,37041,5522
549,64771,232,3602,1376,3085,11,28,2624,1947,0,30168,11682,-28943,21934
550,6405,169,3418,224,3086,4084,4068,2655,155,16,13812,18852,-28495,5578
551,7172,121,3403,880,1037,1,3,2640,411,0,1527,19620,-28543,-6707
552,7172,121,3358,480,13,0,0,2640,667,0,1527,19620,-28543,-6707
553,5636,217,3371,1312,2317,4093,4090,2655,923,16,-23043,18083,-28447,-31277
554,4612,153,3391,544,3341,1,4,2640,1179,0,-6655,19107,-28383,17871
555,4356,169,3331,112,3085,4095,4095,2655,1435,16,-10750,19363,-28399,21966
556,5636,249,3359,928,1293,4094,4091,2655,1691,16,9735,18084,-28479,1481
557,6916,169,3398,544,1037,2,5,2640,1947,0,-10740,16803,-28399,21956
558,9989,105,3423,176,1037,5,12,2656,155,0,-27112,19876,37329,5584
559,7941,233,3439,864,2317,3,8,2656,411,0,5648,17829,37457,-27192
560,8965,41,3362,32,13,2,4,2656,667,0,-10740,18852,-28015,21956
561,8965,41,3199,2016,268,0,0,2656,923,0,-10740,18852,-28015,21956
562,9733,89,3150,928,1036,1,3,2656,1179,0,-23031,18084,-28063,-31289
563,13060,137,3082,1520,2828,4090,4083,2671,1435,16,30204,14757,37681,-18988
564,11781,57,3142,1584,780,4094,4091,2671,1691,16,9719,16037,37761,1497
565,8708,249,3174,352,12,5,12,2656,1947,0,-6677,19109,37569,17893
566,9988,73,3123,1248,1292,4094,4091,2687,155,16,13808,20390,-27887,-27158
567,11524,233,3127,240,2060,2,6,2672,411,0,-10762,21925,37553,13808
568,12036,9,3123,944,2060,4095,4094,2687,667,16,-18956,22437,-27951,5614
569,11011,73,3354,736,3085,4094,4092,2687,923,16,30200,21413,-27887,-10766
570,8707,185,3438,800,3085,3,9,2672,1179,0,1537,23718,37793,17897
571,10242,89,3430,944,2829,2,6,2672,1435,0,26107,22182,37889,-6673
572,10242,89,3383,864,269,0,0,2672,1691,0,26107,22182,37889,-6673
573,8706,185,3366,1200,2829,4093,4090,2687,1947,16,-14859,23718,37793,-31243
574,9218,217,3606,48,782,1,2,2688,155,0,-6665,24230,37825,-23049
575,4,25,3615,800,3341,14,36,2688,411,0,9683,15017,-27135,-6701
576,64773,232,3414,1632,13,4095,4093,2703,667,16,21974,14249,38353,5590
577,65285,200,3366,752,1805,4095,4094,2703,923,16,30164,14761,38321,13780
578,65285,200,3374,736,13,0,0,2688,1179,0,30164,14761,38321,13780
579,65029,216,3375,624,2061,0,1,2688,1435,0,26069,15017,38305,17875
580,1028,57,3410,624,2829,2,6,2688,1691,0,-14885,13481,-27327,-6707
581,5381,41,3338,1840,1805,4089,4079,2703,1947,16,-18964,9128,38481,-2628
582,5894,73,3390,1184,1037,4095,4094,2719,155,16,-10770,9640,38513,5566
583,12292,185,3350,1824,1036,10,25,2704,411,0,17927,16039,38113,-31273
584,18946,89,3166,32,3085,4085,4070,2719,667,16,-23059,22693,38529,-6723
585,17922,153,3346,608,3085,4094,4092,2719,923,16,26097,21669,38593,-23103
586,10752,217,3339,1328,2060,11,28,2704,1179,0,9741,28839,39041,-6747
587,9729,25,3102,880,1804,4094,4092,2719,1435,16,-6639,29862,-26559,9633
588,3586,153,3342,1776,3852,9,24,2704,1691,0,26105,-29531,-26175,-23111
589,62721,40,3170,32,13,4086,4071,2719,1947,16,-2592,-23130,-26575,5586
590,56780,168,3199,416,1293,4086,4072,2735,155,16,30152,-29275,-26959,26042
591,57804,104,3414,1776,1805,4094,4092,2735,411,16,13772,-28251,-27023,9662
592,49153,88,3399,432,3086,4082,4063,2735,667,16,17901,28839,-27551,26079
593,49153,88,3678,1440,1038,0,0,2720,923,0,17901,28839,-27551,26079
594,47360,232,3594,800,2062,4093,4089,2735,1179,16,-18956,30631,38097,-2600
595,45057,120,3703,864,270,4,9,2720,1435,0,9725,-32601,-27583,-31281
596,44033,56,3423,1904,2061,4094,4092,2735,1691,16,-6663,-31578,-27519,-14893
597,45826,200,3590,816,782,4093,4089,2735,1947,16,30208,32166,38129,13772
598,43521,56,3439,800,3341,3,9,2736,155,0,-6665,29861,37985,-23101
599,43777,40,3422,1376,2061,0,1,2736,411,0,-10760,30117,37969,-27196
600,42753,232,3422,1072,2829,1,4,2736,667,0,5628,29094,-27631,-10808
601,39937,152,3375,1904,2061,4091,4085,2751,923,16,26119,26277,38081,9683
602,42241,40,3331,928,2317,4092,4087,2751,1179,16,-10754,23972,-27599,-18980
603,42241,40,3398,1072,781,0,0,2736,1435,0,-10754,23972,-27599,-18980
604,42753,72,3419,1584,2061,4095,4094,2751,1691,16,-2560,23460,-27631,-27174
605,43265,40,3423,1264,13,1,2,2736,1947,0,-10750,22948,-27599,-18984
606,45058,152,3419,688,13,3,7,2752,155,0,17929,24741,-27487,9695
607,43522,248,3415,688,3085,2,6,2752,411,0,-23037,23205,-27391,-31271
608,40963,88,3378,1776,781,4092,4086,2767,667,16,17933,20646,-27551,9699
609,40194,136,3443,1504,1293,1,3,2752,923,0,5648,19878,-27503,-2586
610,40194,136,3370,624,781,0,0,2752,1179,0,5648,19878,-27503,-2586
611,42242,8,3370,1456,3853,4092,4088,2767,1435,16,-27128,17830,-27375,30190
612,43778,104,3438,1120,2061,2,6,2752,1691,0,-2546,16294,-27471,5608
613,44290,72,3395,1264,1037,4095,4094,2767,1947,16,-10736,15782,-27439,13798
614,43522,24,3374,416,1037,1,3,2768,155,0,-23027,15014,-27487,1507
615,46593,88,3443,496,1037,5,12,2768,411,0,-6631,18085,37857,17903
616,49664,24,3330,1264,781,4091,4084,2783,667,16,9741,21157,-27487,-31261
617,49408,40,3418,1504,3085,4095,4095,2783,923,16,5646,20901,-27471,30180
618,48384,232,3439,1328,3085,1,4,2768,1179,0,22034,21925,38129,13792
619,48384,232,3403,1184,269,0,0,2768,1435,0,22034,21925,38129,13792
620,47616,184,3434,1328,1805,1,3,2768,1691,0,9743,22693,38177,26083
621,47104,216,3426,1712,1805,4095,4094,2783,1947,16,17933,23205,38145,17893
622,50433,168,3438,304,2829,5,13,2784,155,0,5658,26534,-27183,5618
623,50177,184,3346,112,2829,0,1,2784,411,0,9753,26278,-27167,9713
624,52480,72,3415,432,3085,3,9,2784,667,0,-27120,28581,38513,-27160
625,52480,72,3186,1760,1036,0,0,2784,923,0,-27120,28581,38513,-27160
626,53504,136,3155,880,3084,1,4,2784,1179,0,22028,27557,38449,-10772
627,54784,56,3131,1376,1292,4094,4091,2799,1435,16,-23033,26277,38529,-31247
628,55040,72,3115,544,2316,0,1,2784,1691,0,-18936,26021,38513,30192
629,63490,56,3118,48,2829,4082,4063,2799,1947,16,-22999,17571,39041,-31281
630,61954,216,3123,96,3340,2,6,2800,155,0,17955,16035,-26591,9673
631,58882,152,3106,1712,1804,4091,4084,2815,411,16,1559,12964,39137,-6723
632,56323,248,3179,624,1036,4,10,2800,667,0,-23007,10404,-26559,-31289
633,57859,152,3199,1328,3084,2,6,2800,923,0,1563,11941,-26655,-6719
634,57603,136,3183,1568,3340,0,1,2800,1179,0,5660,12197,-26639,-10816
635,59651,8,3131,96,1292,3,8,2800,1435,0,-27116,10149,-26511,21960
636,56580,72,3182,480,12,5,12,2800,1691,0,-10744,13220,39217,5588
637,56836,56,3159,1200,3084,0,1,2800,1947,0,-14839,12964,39233,9683
638,56067,8,3147,1440,268,4095,4093,2831,155,16,-27130,12196,39185,-2608
639,61442,184,3198,32,3085,4087,4075,2831,411,16,17947,17571,38849,-23067
640,60418,120,3378,1184,2061,4094,4092,2831,667,16,-31201,16547,38785,-6679
641,54273,248,3346,1840,3852,9,24,2816,923,0,1591,10402,-26367,26113
642,52224,120,3338,992,3085,4092,4088,2831,1179,16,-31169,12450,-26239,-6663
643,50433,232,3394,224,1037,3,7,2816,1435,0,5702,14242,-26351,22002
644,48385,104,3363,1312,269,4093,4088,2831,1691,16,-27074,16289,-26223,-10758
645,48385,104,3403,1120,1293,0,0,2816,1947,0,-27074,16289,-26223,-10758
646,47617,56,3387,608,1293,1,3,2832,155,0,26171,15521,-26271,-23049
647,50688,120,3418,176,3853,4,12,2832,411,0,-22969,18592,39073,-6653
648,52736,248,3375,1520,13,4093,4088,2847,667,16,9791,20640,39201,26107
649,51968,40,3398,1376,13,4095,4093,2847,923,16,-2494,19871,-26287,13822
650,52992,104,3334,416,3085,4094,4092,2847,1179,16,-18882,18847,-26351,30210
651,52480,136,3330,224,1037,4095,4094,2847,1435,16,-27072,19359,-26383,-27136
652,59851,72,3179,480,3341,4084,4068,2847,1691,16,22108,12193,-26831,-23068
653,53194,232,3194,496,2829,4085,4070,2847,1947,16,-2494,18850,38289,1534
654,44487,200,3175,1072,1037,4082,4062,2863,155,16,-10720,10144,37745,-6692
655,44743,184,3422,1568,3085,4095,4095,2863,411,16,-14815,10400,37729,-10787
656,42696,56,3375,1568,3341,4092,4088,2863,667,16,17961,8353,37601,21989
657,42696,56,3426,1520,781,0,0,2848,923,0,17961,8353,37601,21989
658,41928,8,3330,288,13,4095,4093,2863,1179,16,30252,9121,37649,9698
659,41160,56,3418,1056,2061,1,3,2848,1435,0,17967,9889,37601,21983
660,34505,152,3186,416,2061,4085,4070,2863,1691,16,-23019,16543,38017,-2567
661,36810,8,3374,1584,2829,4092,4087,2863,1947,16,5662,14239,38161,-31248
662,38090,88,3366,1120,13,4094,4091,2879,155,16,26147,15519,38241,-10763
663,38090,88,3358,432,781,0,0,2864,411,0,26147,15519,38241,-10763
664,38346,104,3442,1840,3853,4095,4095,2879,667,16,22050,15775,38257,-14860
665,38858,72,3426,1312,13,1,2,2864,923,0,30240,16287,38225,-6670
666,39371,104,3375,880,2061,4095,4094,2879,1179,16,22046,15775,38193,1524
667,37579,216,3407,1904,2061,4093,4089,2879,1435,16,-6619,17566,38081,30189
668,38859,40,3415,1888,269,4094,4091,2879,1691,16,13866,16287,-27535,9704
669,39627,248,3435,1312,2317,1,3,2864,1947,0,1581,15519,38049,21989
670,38090,152,3342,752,3853,4093,4090,2895,155,16,-23001,13982,37953,-2593
671,37835,168,3387,752,3085,0,1,2880,411,0,-18906,13726,37969,1502
672,34763,232,3366,1824,1037,4091,4084,2895,667,16,30258,10655,-27759,-14870
673,36300,136,3422,2032,3853,4093,4090,2895,923,16,-10708,12191,-27855,9700
674,36300,136,3438,1712,781,0,0,2880,1179,0,-10708,12191,-27855,9700
675,37067,88,3378,1056,13,4095,4093,2895,1435,16,1577,11424,-27807,-2585
676,38091,152,3371,176,13,2,4,2880,1691,0,17965,10400,-27871,-18973
677,39628,56,3383,1440,3341,4093,4090,2895,1947,16,-6605,8863,-27775,5597
678,42188,216,3358,1440,1037,4092,4086,2911,155,16,-31171,11424,-27615,-18969
679,39168,136,3590,1200,2830,4091,4085,2911,411,16,13874,8609,38097,-27172
680,40448,216,3595,608,1294,4094,4091,2911,667,16,-6611,9888,38177,17879
681,44033,248,3706,480,3086,5,14,2896,923,0,-14817,13473,-27583,9673
682,46593,152,3635,1840,14,4092,4086,2911,1179,16,9749,10913,37793,-14893
683,45314,232,3647,1456,1038,4094,4091,2911,1435,16,-10726,12192,37713,5582
684,43010,88,3663,224,270,4,9,2896,1691,0,17937,14496,37857,-23081
685,39425,56,3623,2016,2318,4090,4082,2911,1947,16,9731,18081,-27903,-14875
686,40962,152,3707,1264,3086,2,6,2912,155,0,-31223,19617,-27807,9707
687,39938,216,3710,1504,14,2,4,2912,411,0,-14843,18593,-27743,26087
688,39938,216,3710,1968,782,0,0,2912,667,0,-14843,18593,-27743,26087
689,44035,216,3595,1840,2062,4089,4080,2927,923,16,-14859,22690,37537,26071
690,43523,184,3619,736,1294,4095,4094,2927,1179,16,-6665,23202,37569,17877
691,42499,248,3703,1440,3342,1,4,2912,1435,0,-23045,24226,37505,-31279
692,42499,248,3667,1264,1038,0,0,2912,1691,0,-23045,24226,37505,-31279
693,43523,184,3667,1712,2062,4094,4092,2927,1947,16,26111,23202,37569,-14899
694,40963,24,3711,944,1038,4,10,2928,155,0,-14859,20641,37409,9667
695,41219,8,3682,1376,3086,0,1,2928,411,0,-18954,20897,37393,5572
696,40963,248,3686,1456,2830,0,1,2928,667,0,-14857,20641,-28159,9669
697,39938,56,3647,1392,2062,4094,4092,2943,923,16,-31237,19617,37441,-6711
698,39170,8,3618,224,1038,1,3,2928,1179,0,-18946,20385,37489,-19002
699,46336,72,3587,1184,2317,11,28,2928,1435,0,30178,13219,37937,-2590
700,47616,152,3367,1136,13,4094,4091,2943,1691,16,-14873,11939,37857,-23075
701,47104,184,3330,240,781,4095,4094,2943,1947,16,-6683,12451,37825,-31265
702,46336,136,3331,304,13,4095,4093,2959,155,16,-18974,11683,37777,21980
703,46080,152,3367,416,3341,0,1,2944,411,0,-14879,11427,37793,26075
704,44288,40,3334,752,1805,4093,4089,2959,667,16,13800,9636,37681,-10782
705,48129,56,3359,2016,269,4090,4081,2959,923,16,9689,13477,-28095,-14893
706,49410,136,3366,32,1037,2,5,2944,1179,0,-10796,12196,-28175,5592
707,49666,120,3447,1968,3085,4095,4095,2959,1435,16,-6701,11940,-28159,1497
708,49921,136,3438,1648,1805,0,1,2944,1691,0,-2604,11684,-28175,-2600
709,50178,120,3410,1328,3853,4095,4095,2959,1947,16,-6699,11428,-28159,1495
710,51458,200,3370,1184,13,4094,4091,2975,155,16,13786,12709,-28079,21980
711,51714,184,3374,560,2829,0,1,2960,411,0,9691,12965,-28095,17885
712,49410,40,3454,992,13,4,9,2960,667,0,-18972,10661,-28239,-10778
713,50947,200,3438,1120,2061,2,6,2960,923,0,5598,12198,37201,13792
714,51971,8,3382,1248,2061,4094,4092,2975,1179,16,-10790,11173,-28399,30180
715,55298,56,3450,544,2061,5,13,2960,1435,0,-23091,7846,37345,-23055
716,55554,72,3394,1136,2829,4095,4095,2975,1691,16,-18994,7590,37329,-27152
717,53506,200,3391,1760,269,4093,4088,2975,1947,16,13766,9639,37201,5624
718,59395,56,3587,1648,3085,9,23,2976,155,0,-23075,15528,37569,-31217
719,53253,184,3590,1584,781,10,24,2976,411,0,9669,9386,-27583,1527
720,53764,216,3607,96,270,1,2,2976,667,0,1475,9898,-27551,-6667
721,55813,88,3642,1696,14,4093,4088,2991,923,16,-31301,11946,-27679,26093
722,56837,152,3671,880,14,2,4,2976,1179,0,17847,10922,-27743,-23055
723,56069,200,3635,432,2062,1,3,2976,1435,0,5562,11690,-27791,-10770
724,55046,136,3635,1184,2318,4094,4092,2991,1691,16,-10826,12713,-27727,5618
725,55046,136,3626,672,14,0,0,2976,1947,0,-10826,12713,-27727,5618
726,54021,72,3622,160,3086,1,4,2992,155,0,-27214,11689,-27791,-10770
727,53509,104,3390,1136,1805,4095,4094,3007,411,16,-19024,11177,-27759,-2580
728,53254,88,3371,480,3341,0,1,2992,667,0,-14927,10921,-27775,1517
729,53510,72,3354,304,1805,0,1,2992,923,0,-10832,11177,-27791,5612
730,52741,24,3411,992,1293,1,3,2992,1179,0,1459,11946,-27743,-6679
731,61443,248,3407,1696,1292,14,34,2992,1435,0,9617,3244,38337,-14837
732,61187,232,3359,304,3085,0,1,2992,1691,0,5520,3500,38353,-10740
733,1797,105,3342,1776,3852,9,24,2992,1947,0,-27224,-2646,-26800,22004
734,2053,121,3167,1392,2060,0,1,3008,155,0,-23127,-2390,-26784,26101
735,2565,89,3139,1200,2060,4095,4094,3023,411,16,-31317,-1878,-26816,17911
736,1797,41,3162,1696,12,4095,4093,3023,667,16,-19026,-2646,-26864,30202
737,65028,184,3138,48,3852,3,9,3008,923,0,9655,-4950,-26720,-6653
738,517,249,3151,816,3084,1,4,3008,1179,0,-6733,-5975,-26784,9735
739,65029,56,3118,288,3084,1,4,3008,1435,0,-23113,-4951,38688,26115
740,59398,216,2943,224,268,4087,4074,3023,1691,16,17825,680,39041,-14823
741,60679,136,3127,1312,1292,4094,4091,3023,1947,16,-2650,-601,39120,5652
742,61447,184,3098,688,3852,4094,4093,3039,155,16,9641,168,39169,17943
743,59911,24,3154,1888,3084,4093,4090,3039,411,16,-31325,-1368,-26272,-23023
744,59399,248,3162,1136,780,1,2,3024,667,0,-23131,-1880,39232,-14829
745,59655,232,3122,688,1804,0,1,3024,923,0,-19036,-1624,39216,-10734
746,62728,168,3114,1888,1036,4091,4084,3039,1179,16,-2664,-4697,-26512,-27106
747,59401,120,3079,1456,3084,4090,4083,3039,1435,16,9637,-1369,38816,26129
748,60937,216,3130,1504,3084,4093,4090,3039,1691,16,-31317,-2905,38720,1547
749,59912,24,3106,880,2828,4094,4092,3039,1947,16,-14937,-1881,-26880,-14833
750,56840,88,3083,1376,1292,4091,4084,3055,155,16,1435,-4953,38464,1539
751,57095,72,3166,1584,2828,4095,4095,3055,411,16,-2660,-4698,38448,-2556
752,53000,72,3074,1648,2828,4089,4080,3055,667,16,-2644,-8793,-27344,-2540
753,53000,72,3178,1696,12,0,0,3040,923,0,-2644,-8793,-27344,-2540
754,52232,24,3170,1840,3852,4094,4093,3055,1179,16,9647,-8024,-27296,-14831
755,51976,40,3115,480,3340,0,1,3040,1435,0,5552,-7768,-27312,-10736
756,51976,40,3107,480,1292,0,0,3040,1691,0,5552,-7768,-27312,-10736
757,53257,216,3135,1520,12,4094,4091,3055,1947,16,-14923,-9049,38304,9739
758,54793,56,3351,928,3341,4093,4090,3071,155,16,9659,-7512,-27136,-31215
759,52234,216,3366,1632,13,4092,4086,3071,411,16,-14927,-10072,-26976,9735
760,50698,120,3375,32,3341,2,6,3056,667,0,9655,-11607,-27072,-31219
761,47369,72,3370,1952,13,4091,4083,3071,923,16,21956,-14936,38672,-18918
762,47369,72,3343,160,1293,0,0,3056,1179,0,21956,-14936,38672,-18918
763,47369,72,3383,864,269,0,0,3056,1435,0,21956,-14936,38672,-18918
764,48137,120,3366,880,3853,4094,4093,3071,1691,16,-31289,-15704,38624,-31209
765,45320,40,3374,1824,3085,4091,4085,3071,1947,16,13756,-12887,-27088,-10718
766,43528,184,3351,1008,2061,4093,4089,3087,155,16,-14923,-14680,38336,26139
767,35594,168,3399,1968,3084,12,31,3072,411,0,-19050,-22614,38832,22012
768,41992,56,3335,1568,1292,10,25,3072,667,0,9597,-16215,39232,-14877
769,41992,56,3378,800,13,0,0,3072,923,0,9597,-16215,39232,-14877
770,48138,184,3339,1696,268,10,24,3072,1179,0,-23195,-22361,-26688,17915
771,53768,88,3198,176,781,4087,4074,3087,1435,16,1359,-27991,39200,-6639
772,54792,152,3447,1392,13,2,4,3072,1691,0,17747,-29015,39136,-23027
773,59145,136,3343,1952,1293,4089,4079,3087,1947,16,13668,32168,-26128,-18948
774,58889,120,3411,1136,3085,0,1,3088,155,0,9571,31912,-26144,-23045
775,57865,184,3394,1456,1805,4094,4092,3103,411,16,25951,30888,-26080,-6665
776,56586,104,3415,816,1037,2,5,3088,667,0,-19100,29608,-26160,13820
777,51977,136,3334,1904,3853,4088,4078,3103,923,16,-27274,24999,39664,5646
778,49928,8,3434,816,1805,3,8,3088,1179,0,5502,27048,39792,-27130
779,45065,56,3331,1968,2061,4088,4077,3103,1435,16,-6767,31910,-26048,-14861
780,44042,248,3434,1248,3085,1,4,3088,1691,0,-23155,-32602,39552,1527
781,43017,56,3410,1712,1805,4094,4092,3103,1947,16,-6775,-31578,-26048,-14853
782,41481,216,3399,1696,3341,4093,4090,3119,155,16,-31357,32422,39392,26101
783,34059,168,3611,1440,269,12,29,3104,411,0,21862,25000,39856,13784
784,41481,120,3603,1264,1037,12,29,3104,667,0,-31415,32422,40320,26043
785,39432,248,3415,496,2061,3,8,3104,923,0,1361,30374,40448,-6717
786,43017,216,3438,240,3853,5,14,3104,1179,0,9539,26789,-25312,-14895
787,44297,136,3342,688,781,4094,4091,3119,1435,16,30014,25509,-25232,30166
788,43529,88,3383,1184,3341,4094,4093,3119,1691,16,17723,26277,-25184,-23079
789,39944,56,3454,544,3085,5,14,3104,1947,0,9517,29862,40128,-14873
790,36615,104,3446,480,2061,5,13,3120,155,0,21792,26533,-25616,-2598
791,35848,152,3343,480,269,4095,4093,3135,411,16,-31459,25765,-25568,9687
792,37127,232,3391,1520,13,4094,4091,3135,667,16,13592,27045,-25488,-10798
793,40200,40,3435,352,1293,5,12,3120,923,0,-2804,30117,-25680,-27194
794,42505,184,3375,1648,2061,4092,4087,3135,1179,16,25859,27813,-25824,9679
795,50183,216,3391,1904,2060,12,30,3120,1435,0,17637,20135,-25344,17901
796,49159,152,3367,176,3085,1,4,3120,1691,0,1249,21159,-25280,-31247
797,48903,168,3338,240,2829,4095,4095,3135,1947,16,5344,21415,-25296,30194
798,48647,152,3382,928,3085,4095,4095,3151,155,16,1247,21159,-25312,26097
799,47623,216,3426,1056,13,2,4,3136,411,0,17627,20135,-25248,-23059
800,44296,8,3330,1328,3853,4090,4083,3151,667,16,5352,16808,-25456,30202
801,45832,168,3367,1200,3085,4093,4090,3151,923,16,29922,18344,39984,-10764
802,45320,136,3410,1440,2061,4095,4094,3151,1179,16,-27420,18856,40016,-18958
803,43017,24,3455,1072,3085,3,9,3136,1435,0,1261,21160,-25664,17897
804,43529,56,3190,1632,12,1,2,3136,1691,0,9455,20648,-25696,9703
805,43273,72,3130,816,1804,0,1,3136,1947,0,13550,20904,-25712,5608
806,47370,72,3099,2016,3340,4089,4080,3167,155,16,13566,25001,40080,5624
807,44554,248,3098,1568,2060,4091,4085,3167,411,16,-6925,22185,40256,-14867
808,52232,216,3186,800,13,4084,4066,3167,667,16,1237,29864,40736,-6705
809,51976,232,3423,1568,3341,4095,4095,3167,923,16,-2858,29607,40752,-10800
810,51208,184,3407,944,1037,1,3,3152,1179,0,9433,30376,40800,-23091
811,49928,8,3410,1824,13,4094,4091,3167,1435,16,-11042,31655,-24816,-2616
812,47881,136,3446,1008,1805,3,8,3152,1691,0,21718,-31833,40848,30160
813,48393,104,3391,736,269,1,2,3152,1947,0,13528,-32345,40880,-27186
814,48649,120,3366,480,2061,0,1,3168,155,0,17625,-32089,40896,-23089
815,45834,40,3435,544,2317,4,11,3168,411,0,-2866,30631,-24464,21956
816,45322,8,3330,176,1805,4095,4094,3183,667,16,5328,30120,-24496,30150
817,45322,8,3427,1520,1037,0,0,3168,923,0,5328,30120,-24496,30150
818,52748,216,3355,1392,1036,12,29,3168,1179,0,17587,22694,40576,17891
819,53772,152,3134,1328,2828,4094,4092,3183,1435,16,-31569,21670,40640,1511
820,53260,120,3138,1264,780,4095,4094,3183,1691,16,25773,22182,40672,9705
821,54028,72,3175,1904,12,4095,4093,3183,1947,16,13488,21414,40720,21990
822,48138,216,3330,1648,2828,9,23,3184,155,0,-15207,15524,40352,-6705
823,47115,24,3343,624,2061,4094,4092,3199,411,16,1173,14501,-25120,9675
824,47371,40,3386,944,3853,4095,4095,3199,667,16,-2924,14756,-25104,5578
825,47115,56,3379,864,3341,4095,4095,3199,923,16,-7019,14500,-25088,1483
826,49163,184,3391,1840,3085,4092,4088,3199,1179,16,25741,12452,-25216,-31277
827,46348,104,3343,1328,3085,4091,4085,3199,1435,16,-19304,15267,40144,13768
828,45324,40,3374,240,3853,1,4,3184,1691,0,29844,16291,40208,30156
829,51726,152,3351,1840,1036,10,25,3184,1947,0,-6995,9889,40608,1459
830,50445,72,3351,816,1037,4094,4091,3215,155,16,-27480,8609,40528,-19026
831,48910,168,3430,944,2829,2,6,3200,411,0,-2910,7073,40624,5544
832,50189,248,3367,48,1037,2,5,3200,667,0,-23395,8353,40704,-14941
833,50701,216,3166,1632,2060,4095,4094,3215,923,16,-15205,8865,40672,-6751
834,49421,136,3103,992,268,4094,4091,3215,1179,16,5280,10146,40752,-27236
835,49933,104,3139,1200,2060,4095,4094,3215,1435,16,13470,9634,40784,30110
836,51213,184,3147,624,1036,2,5,3200,1691,0,-31581,8354,40704,9625
837,55822,152,3082,1952,12,4089,4078,3215,1947,16,25781,3745,-24544,17799
838,53005,232,3191,672,3340,4,11,3216,155,0,-19286,928,40816,-27268
839,52749,248,3194,1968,3852,4095,4095,3231,411,16,-15191,672,40832,-23173
840,53005,8,3127,928,3340,4095,4095,3231,667,16,-19288,928,-24688,-27270
841,53261,248,3159,1264,2060,0,1,3216,923,0,-15193,1184,40832,-23175
842,54285,56,3334,416,3085,4094,4092,3231,1179,16,-31581,160,-24768,-6787
843,55565,232,3395,544,269,2,5,3216,1435,0,-11106,-14176,40860,-27262
844,56077,8,3415,1520,2061,4095,4094,3231,1691,16,-2912,-14688,-24708,30080
845,51724,24,3339,1904,1037,4089,4079,3231,1947,16,1167,2722,40544,26001
846,52236,56,3419,1184,269,1,2,3232,155,0,9361,3234,40576,-31341
847,53772,216,3406,1776,3853,4093,4090,3247,411,16,-15209,4769,-25056,9625
848,55307,56,3443,1136,3085,2,6,3232,667,0,25745,6305,40576,-14957
849,56332,248,3371,1056,2317,4094,4092,3247,923,16,-23411,7329,-25024,1423
850,59916,216,3423,32,3341,5,14,3232,1179,0,-15233,3744,40288,-6755
851,58893,24,3434,1184,13,2,4,3232,1435,0,-31613,4768,-25312,9625
852,51982,104,3195,688,13,4085,4069,3247,1691,16,-11160,11678,-24880,-10828
853,53263,24,3358,944,781,4094,4091,3247,1947,16,-31635,10398,-24800,9647
854,57616,40,3347,2016,1293,4089,4079,3263,155,16,-27522,14751,41008,13760
855,57616,40,3423,1520,13,0,0,3248,411,0,-27522,14751,41008,13760
856,56336,216,3434,1136,781,2,5,3248,667,0,-7037,13471,-24608,-31291
857,57616,136,3431,1056,1293,2,5,3248,923,0,13438,14752,-24688,-10816
858,57360,120,3450,1760,3085,0,1,3248,1179,0,17535,15008,-24672,-14913
859,64527,184,3595,1264,3085,11,28,3248,1435,0,1123,7842,-24224,1499
860,64271,168,3422,1392,1805,0,1,3248,1691,0,-2974,8097,-24208,5596
861,63758,200,3371,864,1293,4095,4094,3263,1947,16,5216,8610,-24240,-2594
862,60686,8,3374,1904,1805,4091,4084,3279,155,16,21588,5537,-24432,13778
863,60430,24,3439,1568,3341,0,1,3264,411,0,25683,5281,-24416,17873
864,58638,168,3366,1328,781,4093,4089,3279,667,16,-11174,3489,41008,-18984
865,59150,136,3331,224,1293,4095,4094,3279,923,16,-2984,4001,40976,-10794
866,60687,232,3154,672,2060,2,6,3264,1179,0,-27566,2465,40880,13788
867,64270,8,3082,1568,2060,4090,4082,3279,1435,16,29764,-14174,41116,21994
868,64014,248,3162,1520,2828,4095,4095,3279,1691,16,25667,-13918,-24404,26091
869,14,153,3082,736,3084,4093,4090,3279,1947,16,1097,-15454,-24308,-14875
870,3343,105,3091,1568,268,4091,4083,3295,155,16,-11178,930,41424,-27150
871,8974,9,3347,2032,1036,9,22,3280,411,0,29804,6561,-24464,13832
872,16140,201,3190,688,2829,4084,4068,3295,667,16,-19376,13727,41520,30188
873,24334,201,3375,1392,2060,13,32,3280,923,0,-19408,21921,41008,30156
874,23310,137,3130,480,3084,1,4,3280,1179,0,-3020,22945,41072,13768
875,21774,233,3130,1504,3084,4093,4090,3295,1435,16,-27590,24481,40976,-27198
876,22286,9,3139,1264,1036,4095,4094,3295,1691,16,-19396,23969,-24592,30144
877,22542,249,3170,1440,2060,0,1,3280,1947,0,-23491,23713,40960,-31297
878,24334,105,3162,608,1036,3,7,3296,155,0,5188,25506,-24464,-2618
879,26638,217,3098,1264,2828,4092,4087,3311,411,16,-31667,27809,40928,26063
880,25870,169,3155,1632,3340,4094,4093,3311,667,16,-19376,27041,40880,-27182
881,27150,89,3083,688,12,4094,4091,3311,923,16,1099,28322,40800,-6707
882,24590,185,3119,1760,268,4092,4086,3311,1179,16,-23467,30882,-24576,17859
883,23822,233,3135,688,1036,1,3,3296,1435,0,29784,31650,-24624,30144
884,23822,233,3135,928,1292,0,0,3296,1691,0,29784,31650,-24624,30144
885,23822,233,3107,480,1292,0,0,3296,1947,0,29784,31650,-24624,30144
886,25102,57,3075,496,1036,4094,4091,3327,155,16,-15267,-32606,40992,-14907
887,24079,121,3163,1840,2060,4094,4092,3327,411,16,1113,31907,41056,1473
888,22031,249,3134,96,2060,3,8,3312,667,0,-31647,29859,-24608,-31287
889,23311,169,3186,1264,780,2,5,3312,923,0,-11172,31139,-24688,-10812
890,20751,9,3155,176,2060,4,10,3312,1179,0,29798,-31836,-24528,13754
891,21007,249,3106,416,2060,0,1,3312,1435,0,-31643,-32092,41024,9659
892,21774,41,3106,800,12,4095,4093,3327,1691,16,-19352,32676,-24560,-2632
893,20238,137,3094,880,3852,4093,4090,3327,1947,16,5218,-31323,-24656,-27202
894,20494,153,3138,928,2060,0,1,3328,155,0,9315,-31067,-24640,-23105
895,22030,57,3142,1648,3852,4093,4090,3343,411,16,-15255,-29532,-24736,17861
896,21518,25,3183,1968,1036,4095,4094,3343,667,16,-7061,-30044,-24768,26055
897,15372,153,3351,1888,268,10,24,3328,923,0,25731,29347,41152,-6689
898,16909,249,3154,624,2828,2,6,3328,1179,0,1149,27811,41056,17893
899,17677,201,3127,1136,12,4095,4093,3343,1435,16,13434,27043,41104,5608
900,9743,217,3150,352,2061,4083,4065,3343,1691,16,17499,-30559,41600,1543
901,3341,105,3350,1760,2060,10,25,3328,1947,0,-11198,-24158,41200,30240
902,61963,184,3351,1632,268,11,27,3344,155,0,9255,-31071,40768,-14843
903,56333,24,3190,48,781,4087,4074,3359,411,16,-31727,28834,41120,9711
904,64523,24,3194,1200,3853,4082,4064,3359,667,16,-31759,-28512,41632,9679
905,11,217,3375,304,3085,1,4,3344,923,0,-15379,-27488,-23968,26059
906,58889,56,3362,1840,3852,10,26,3344,1179,0,25607,-20830,41984,-14927
907,59145,40,3174,1440,3084,0,1,3344,1435,0,29702,-21086,42000,-19022
908,59145,40,3134,928,1036,0,0,3344,1691,0,29702,-21086,42000,-19022
909,58121,104,3094,736,2060,4094,4092,3359,1947,16,-19454,-20062,41936,30134
910,56585,8,3122,1328,3852,4093,4090,3375,155,16,21500,-21598,41840,5552
911,57096,232,3130,1056,2060,4095,4094,3375,411,16,13310,-21086,-23728,-2638
912,56073,168,3150,1568,3084,4094,4092,3375,667,16,29698,-22110,-23792,13750
913,61962,56,3198,304,2829,4086,4073,3375,923,16,-7189,-16221,41376,-23137
914,61706,40,3183,1840,3084,4095,4095,3375,1179,16,-3092,-15965,41392,-27234
915,61450,56,3151,1072,3084,0,1,3360,1435,0,-7187,-15709,41376,-23139
916,61706,72,3098,224,3084,0,1,3360,1691,0,-3090,-15965,41360,-27236
917,59914,184,3166,688,780,3,7,3360,1947,0,25575,-14172,41248,9635
918,63755,168,3074,1520,780,4090,4081,3391,155,16,21494,-10331,-24048,5554
919,63499,184,3166,1568,3084,4095,4095,3391,411,16,25589,-10587,-24032,9649
920,61195,40,3179,672,268,4,9,3376,667,0,-3074,-12891,-24176,-19014
921,58891,184,3123,1696,2316,4092,4087,3391,923,16,25607,-15195,-24032,9667
922,58891,184,3167,1440,1292,0,0,3376,1179,0,25607,-15195,-24032,9667
923,265,9,3119,2016,267,11,27,3376,1435,0,5100,-22105,41936,30174
924,265,9,2918,1568,1035,0,0,3376,1691,0,5100,-22105,41936,30174
925,64265,104,3087,800,3340,4093,4090,3391,1947,16,29670,-20569,41840,5604
926,5130,249,3079,1584,1035,10,25,3392,155,0,1023,-14167,-23296,-23043
927,4106,57,2919,1136,11,2,4,3392,411,0,17403,-15191,42304,-6663
928,2827,233,2898,1824,11,4094,4091,3407,667,16,-27648,-16471,-23312,13822
929,3595,185,3155,1584,12,4095,4093,3407,923,16,-15363,-15703,-23360,26107
930,2571,121,3078,480,2060,4094,4092,3407,1179,16,1025,-14678,-23296,9719
931,2315,137,2918,1440,3083,0,1,3392,1435,0,-3070,-14423,-23312,13814
932,1547,89,2867,1120,3339,4094,4093,3407,1691,16,-15361,-13655,-23264,26105
933,3339,233,2874,1632,1035,4093,4089,3407,1947,16,21510,-15447,42384,-10766
934,4364,41,2887,1520,2059,4094,4092,3423,155,16,-27638,-14423,-23088,5622
935,62989,216,2915,224,1292,4085,4069,3423,411,16,17391,-21333,42880,-14885
936,62221,168,2935,1520,2059,1,3,3408,667,0,29682,-22101,42832,-2594
937,61709,200,2831,416,1291,4095,4094,3423,923,16,21492,-22613,42864,-10784
938,14,185,2830,1760,11,4090,4081,3423,1179,16,25573,-26454,-22912,-14865
939,14,185,2831,176,1035,0,0,3408,1435,0,25573,-26454,-22912,-14865
940,62479,248,2942,736,11,5,12,3408,1691,0,-23591,-23383,42816,-31237
941,60943,88,2891,1760,3339,4093,4090,3423,1947,16,979,-21846,-22816,9729
942,60943,88,2931,1840,11,0,0,3424,155,0,979,-21846,-22816,9729
943,61710,40,2923,2016,3339,4094,4093,3439,411,16,-11306,-21079,-22864,-2556
944,58127,72,2818,1440,2059,4090,4082,3439,667,16,-19484,-24662,42448,-10734
945,52238,184,2835,1968,2058,9,23,3424,923,0,17403,-30551,-22720,26153
946,52238,184,2823,32,1291,0,0,3424,1179,0,17403,-30551,-22720,26153
947,51982,200,2635,992,3338,0,1,3424,1435,0,13308,-30295,-22736,30248
948,49679,56,2630,2032,1802,4092,4087,3439,1691,16,-23565,-27992,-22592,1585
949,41741,40,2862,1520,3850,12,31,3424,1947,0,-27692,-20054,-23088,5712
950,45325,8,2830,1632,2059,4090,4082,3455,155,16,29666,-16469,42672,-2466
951,47117,152,2867,32,267,3,7,3440,411,0,1001,-14677,-22976,-31131
952,46861,136,2838,240,1803,0,1,3440,667,0,5098,-14933,-22992,-27034
953,48141,56,2663,1120,266,2,5,3440,923,0,25573,-13653,-23072,-6559
954,49166,120,2623,1392,2058,4094,4092,3455,1179,16,9185,-14677,-23136,9829
955,47886,200,2647,1840,1034,4094,4091,3455,1435,16,-11290,-13398,-23216,30304
956,47374,168,2894,944,779,1,2,3440,1691,0,-19484,-12886,-23184,-27038
957,44301,104,2863,1952,1291,4091,4084,3455,1947,16,29656,-9813,42160,-10642
958,44557,120,2910,1328,2827,0,1,3456,155,0,-31783,-9557,42176,-6545
959,44301,136,2875,736,3339,0,1,3456,411,0,-27688,-9813,42192,-2450
960,43790,104,2922,1840,1803,4095,4094,3471,667,16,-19494,-10325,42160,5744
961,43790,104,2922,1696,11,0,0,3456,923,0,-19494,-10325,42160,5744
962,45582,216,2907,688,11,3,7,3456,1179,0,17363,-12117,42048,-31113
963,43790,72,2670,1008,3850,2,7,3456,1435,0,-11302,-10326,-23600,-2448
964,43279,40,2586,624,778,4095,4094,3471,1691,16,-19496,-9814,-23568,5746
965,43023,56,2647,1200,3082,0,1,3456,1947,0,-15401,-9558,-23584,1651
966,48400,136,2686,32,3083,4087,4075,3487,155,16,5100,-4180,42288,22152
967,42769,232,2679,112,11,4087,4074,3487,411,16,29654,-9811,-22896,-18830
968,49168,120,2663,160,3339,4085,4071,3487,667,16,-7235,-3413,-22496,9817
969,50704,24,2634,544,2058,2,6,3472,923,0,17335,-1876,-22592,-31149
970,59410,56,2647,800,1291,4082,4062,3487,1179,16,9109,-10582,-23136,-22923
971,53268,184,2683,288,2315,4086,4072,3487,1435,16,-23635,-4440,42016,9821
972,46101,248,2858,1776,2826,11,28,3472,1691,0,-7279,2726,42465,-6535
973,46357,232,2611,688,2058,0,1,3472,1947,0,-11374,2470,42481,-2440
974,43285,40,2586,1584,1802,4091,4084,3503,155,16,4998,-602,42288,13932
975,43029,56,2663,1456,3082,0,1,3488,411,0,9093,-858,42304,18027
976,41237,200,2562,672,2058,4093,4089,3503,667,16,-27764,-2650,-23344,-18830
977,42261,136,2578,608,3082,4094,4092,3503,923,16,-11384,-1626,-23408,-2450
978,42261,136,2678,1840,778,0,0,3488,1179,0,-11384,-1626,-23408,-2450
979,39702,40,2671,672,1290,4,10,3488,1435,0,13202,934,41969,-27036
980,40726,104,2659,1136,3082,1,4,3488,1691,0,29590,-90,41904,22112
981,39958,152,2595,160,2314,1,3,3488,1947,0,-23661,678,41857,9827
982,43286,104,2590,1840,2826,4090,4083,3519,155,16,29600,4007,-23471,-2448
983,39703,72,2583,1760,2314,4090,4082,3519,411,16,21394,424,42289,-10654
984,39447,56,2598,416,3082,0,1,3504,667,0,25491,168,42273,-6557
985,44825,232,2574,2032,3849,8,21,3504,923,0,-19586,5545,41937,13902
986,44825,232,2406,1584,777,0,0,3504,1179,0,-19586,5545,41937,13902
987,44313,8,2386,1504,1033,4095,4094,3519,1435,16,-27776,6057,-23631,22092
988,44313,8,2587,432,10,0,0,3504,1691,0,-27776,6057,-23631,22092
989,46105,152,2618,96,1034,3,7,3504,1947,0,9095,4265,42017,-14779
990,53275,88,2615,1968,3081,11,28,3520,155,0,-7261,11434,42465,-31135
991,45853,40,2578,1248,1033,12,29,3520,411,0,-19578,4012,42929,22084
992,48156,184,2382,224,9,4,9,3520,667,0,9085,6316,43073,-14789
993,44827,136,2422,496,1801,5,13,3520,923,0,21386,2987,-22255,-2488
994,46620,248,2398,736,9,3,7,3520,1179,0,-7293,1194,-22367,26191
995,53786,56,2410,480,3082,4084,4068,3535,1435,16,-23705,-5972,43616,-22933
996,53018,8,2575,496,10,4095,4093,3535,1691,16,29540,-5204,43664,-10642
997,52506,40,2634,928,10,1,2,3520,1947,0,-27806,-4692,43632,-18832
998,54555,168,2618,1712,3850,4092,4088,3551,155,16,4970,-2643,43760,13944
999,58906,152,2682,112,778,7,17,3536,411,0,891,1708,-22047,9865
1000,63257,168,2567,1840,1034,4089,4079,3551,667,16,-3222,6058,43761,5752
1001,61720,8,2614,1456,2826,4093,4090,3551,923,16,-27792,4522,-21679,-18818
1002,60696,200,2610,288,10,2,4,3536,1179,0,-11404,5546,43921,30330
1003,60184,232,2607,864,2314,4095,4094,3551,1435,16,-19594,6058,43889,-27016
1004,62999,152,2607,1824,3338,4091,4085,3551,1691,16,25473,3243,-21823,-6547
1005,62999,152,2602,672,10,0,0,3536,1947,0,25473,3243,-21823,-6547
1006,64792,8,2626,304,3850,2,7,3552,155,0,-11384,5035,43825,22132
1007,24,217,2402,1840,3849,4094,4093,3567,411,16,-23669,5803,-21759,9847
1008,1303,41,2419,1248,1289,2,5,3552,667,0,21382,7083,43857,-10638
1009,2328,233,2374,1520,1801,4094,4092,3567,923,16,-27774,8107,-21743,5742
1010,60438,24,2394,304,1802,4084,4067,3567,1179,16,25503,15533,44257,18001
1011,60438,24,2615,800,1290,0,0,3552,1435,0,25503,15533,44257,18001
1012,61717,104,2610,240,778,2,5,3552,1691,0,-19548,14253,44177,-2484
1013,60949,152,2414,1440,1033,1,3,3552,1947,0,-7263,15021,44129,-14769
1014,1047,249,2427,160,266,4087,4074,3583,155,16,17335,20655,-21055,9829
1015,1303,233,2426,1776,2825,0,1,3568,411,0,13240,20911,-21071,5734
1016,2070,25,2394,1712,3849,4094,4093,3583,667,16,949,21679,44513,-6557
1017,1558,57,2423,2032,2057,4095,4094,3583,923,16,-7241,21166,44545,-14747
1018,1302,41,2582,176,2826,0,1,3568,1179,0,-3144,21422,44561,-18844
1019,1814,9,2387,1072,9,1,2,3568,1435,0,5046,20911,44593,-27034
1020,2582,57,2366,1264,3849,4094,4093,3583,1691,16,17337,20143,44545,26211
1021,21,217,2366,2016,9,4092,4086,3583,1947,16,-7249,22703,44385,-14739
1022,58900,56,2431,624,2058,4085,4070,3599,155,16,17301,16046,-21567,9811
1023,53013,168,2566,1760,2057,9,23,3584,411,0,-19586,10159,44337,-27076
1024,53781,216,2395,1056,2313,1,3,3584,667,0,-31877,10927,44385,26169
1025,54805,152,2355,1136,3081,4094,4092,3599,923,16,-15497,11951,44321,-22987
1026,54293,120,2351,880,2057,4095,4094,3599,1179,16,-7303,12463,44353,-31181
1027,49942,136,2430,176,777,7,17,3584,1435,0,-11382,16814,-21455,-27102
1028,50966,200,2350,288,3081,1,4,3584,1691,0,5006,15791,-21519,22046
1029,48917,72,2410,800,2057,3,8,3584,1947,0,-27770,17839,43889,-10714
1030,50454,168,2362,1520,2825,4093,4090,3615,155,16,-3188,19375,43985,13868
1031,52757,24,2410,672,9,4,9,3600,411,0,25493,21679,43841,-22987
1032,56596,8,2330,1904,777,4090,4081,3615,667,16,29574,25518,-21455,-18906
1033,56084,40,2355,928,2313,4095,4094,3615,923,16,21384,25006,-21423,-27096
1034,58901,216,2311,1184,3337,4091,4085,3615,1179,16,-23683,22189,-21599,17971
1035,54806,216,2331,2032,3081,4089,4080,3615,1435,16,-23667,26284,43681,17955
1036,53014,104,2378,368,777,3,7,3600,1691,0,13190,28076,43793,-18902
1037,44052,152,2346,176,3850,4081,4061,3615,1947,16,25443,-28498,43233,-31155
1038,46613,56,2423,800,1289,4,10,3616,155,0,877,-25937,-22143,9815
1039,46869,40,2351,816,3081,4095,4095,3631,411,16,-3218,-25682,-22159,5720
1040,46869,40,2347,624,1033,0,0,3616,667,0,-3218,-25682,-22159,5720
1041,46100,88,2419,1504,1289,1,3,3616,923,0,-15503,-26450,-22111,-6565
1042,46869,136,2350,352,2057,1,3,3616,1179,0,-27794,-27218,-22159,5726
1043,48148,56,2306,480,1033,4094,4091,3631,1435,16,-7319,-28498,-22079,-14749
1044,40726,104,2138,304,1801,4084,4067,3631,1691,16,4940,-21075,-21615,-27008
1045,43031,216,2334,1328,2825,4092,4087,3631,1947,16,-31915,-23380,44065,9847
1046,43287,232,2346,688,3849,4095,4095,3647,155,16,-27818,-23124,44081,13944
1047,36632,136,2163,416,2313,4085,4070,3647,411,16,13116,-29778,44497,-10658
1048,29722,216,2339,1776,1032,11,27,3632,667,0,-7337,28847,44065,-31111
1049,36124,72,2319,1632,2312,10,25,3632,923,0,29502,-30287,-21871,5728
1050,41757,168,2175,176,1033,4087,4074,3647,1179,16,4904,29616,43313,30326
1051,47644,56,2306,1648,2824,9,23,3632,1435,0,-31983,23729,-21855,1677
1052,46876,8,2155,1392,1032,1,3,3632,1691,0,21262,24497,-21807,13968
1053,39706,200,2163,624,3081,4084,4068,3647,1947,16,4850,31667,43281,30380
1054,41498,56,2146,752,776,3,7,3648,155,0,-32007,-32077,-22143,-6477
1055,45082,88,2063,1696,1288,4090,4082,3663,411,16,-23801,-28494,43169,1729
1056,44314,40,2066,560,3848,4094,4093,3663,667,16,-11510,-29262,43121,14020
1057,44058,56,2083,416,2312,0,1,3648,923,0,-15605,-29518,43137,9925
1058,43289,8,2078,736,8,4095,4093,3663,1179,16,-3314,-28750,43185,-2366
1059,44825,168,2086,1184,3080,4093,4090,3663,1435,16,21256,-30285,-22255,-26936
1060,45081,184,2058,32,2056,0,1,3648,1691,0,25353,-30541,-22271,-31033
1061,43289,40,2166,1136,3848,2,7,3648,1947,0,-11518,-28749,43153,5838
1062,42264,232,2118,688,2824,1,4,3664,155,0,-27906,-29773,-22447,-10550
1063,41752,8,2163,2032,1032,4095,4094,3679,411,16,-19716,-30285,43121,-2360
1064,48407,168,2143,48,3081,4085,4070,3679,667,16,4834,-23630,-21999,22190
1065,49175,120,2167,1520,2056,1,3,3664,923,0,17119,-22862,-22047,-31061
1066,49431,136,2142,1584,2824,4095,4095,3679,1179,16,13022,-23118,-22063,-26964
1067,51223,24,2147,800,264,3,7,3664,1435,0,-23849,-24910,-21951,9907
1068,52246,88,2110,1392,1800,4094,4092,3679,1691,16,-7461,-25934,-22015,-6481
1069,50198,216,2311,928,3337,4092,4088,3679,1947,16,25299,-23885,-22143,26295
1070,58136,200,2311,944,3080,12,31,3680,155,0,21234,-15947,-21647,22230
1071,57112,8,2158,1312,3080,1,4,3680,411,0,-27922,-16971,43953,-26926
1072,53273,24,2070,1840,776,4090,4081,3695,667,16,-32003,-20810,-21823,-31007
1073,53017,40,2102,688,2824,0,1,3680,923,0,29438,-21066,-21807,30434
1074,53785,88,1918,1632,2055,1,3,3680,1179,0,17147,-21834,-21855,-22811
1075,55321,248,1843,1440,2311,4093,4090,3695,1435,16,-23819,-23370,43777,18155
1076,56600,72,1906,1248,1031,2,5,3680,1691,0,-3334,-24650,-21839,-2330
1077,55832,120,1859,688,2055,1,3,3680,1947,0,8951,-23881,-21887,-14615
1078,54296,24,1915,1264,3079,2,6,3696,155,0,-15631,-25418,-21983,26339
1079,47897,168,1898,176,3848,4085,4071,3711,411,16,21208,-31816,43953,-2358
1080,45850,40,1879,544,1287,3,8,3696,667,0,-11552,31672,43825,30418
1081,42777,232,1811,1520,1031,4091,4084,3711,923,16,4844,28600,44017,-18722
1082,43289,8,1899,1824,2311,4095,4094,3711,1179,16,-3350,28087,-21551,-10528
1083,44825,168,1918,1376,2055,2,6,3696,1435,0,21220,26552,44081,30438
1084,49432,200,1795,1904,3079,4088,4078,3711,1691,16,29430,21945,-21743,22228
1085,45591,184,1826,2032,775,4090,4081,3711,1947,16,25319,25786,43553,26339
1086,42774,8,1794,1120,3079,4091,4085,3727,155,16,-19748,22969,43377,-18728
1087,36888,120,1798,1696,3078,9,23,3712,411,0,8901,17083,-21791,9921
1088,35352,24,1807,816,3079,4093,4090,3727,667,16,-32053,15547,-21887,-31033
1089,36120,232,1842,1056,7,4095,4093,3727,923,16,-19768,16315,43601,-18748
1090,33560,72,1803,1200,7,4092,4086,3727,1179,16,21202,18876,43761,5818
1091,34327,24,1871,1520,7,4095,4093,3727,1435,16,-32049,18108,43809,-6467
1092,33048,200,1846,1312,1031,4094,4091,3727,1691,16,13002,19388,-21647,14018
1093,33560,168,1831,736,2311,4095,4094,3727,1947,16,4812,18876,-21615,22208
1094,34072,200,1843,1008,1031,4095,4094,3743,155,16,13006,19388,-21583,30402
1095,34072,200,1867,1120,1287,0,0,3728,411,0,13006,19388,-21583,30402
1096,33560,168,1846,608,7,1,2,3728,667,0,21200,18876,-21615,-26940
1097,33048,200,1835,816,2055,4095,4094,3743,923,16,13010,18364,-21583,30406
1098,34328,24,1823,944,1031,4094,4091,3743,1179,16,-7475,17083,43873,-14645
1099,35608,200,1834,96,1031,2,5,3728,1435,0,13000,15804,-21583,30416
1100,40215,232,1803,2032,3079,4088,4078,3743,1691,16,21210,11197,43665,22206
1101,32021,232,1883,688,8,4083,4064,3743,1947,16,21178,19391,43153,22238
1102,32277,248,1911,1776,2055,0,1,3744,155,0,25275,19647,43169,26335
1103,34836,88,1838,1696,1031,4092,4086,3759,411,16,-15675,22206,43009,-14615
1104,36116,168,1899,1184,263,2,5,3744,667,0,29376,23486,43089,30436
1105,37396,88,1887,1968,1031,4094,4091,3759,923,16,-15685,24766,43009,-14625
1106,30739,184,1910,416,3080,4085,4070,3759,1179,16,25301,31424,43425,9925
1107,29715,248,2106,480,3080,1,4,3744,1435,0,8921,32448,43361,26305
1108,30483,40,2070,32,1032,1,3,3744,1691,0,21212,31680,-22223,14014
1109,23313,232,2098,1888,3079,11,28,3744,1947,0,4800,-26686,42865,30426
1110,23313,232,1870,1248,7,0,0,3760,155,0,4800,-26686,42865,30426
1111,23825,200,1899,1440,263,1,2,3760,411,0,-3390,-26175,42833,22236
1112,27408,168,1818,1840,1799,4090,4082,3775,667,16,4788,-22591,-22479,30414
1113,29456,40,1879,544,1287,3,8,3760,923,0,-27988,-20543,-22607,-2362
1114,29713,56,1811,352,3335,4095,4095,3775,1179,16,-32085,-20799,-22623,1735
1115,29968,40,1650,1648,2822,0,1,3760,1435,0,-27990,-21055,-22607,-2360
1116,30992,104,1822,800,3079,4094,4092,3775,1691,16,-11602,-22079,-22671,-18748
1117,30736,120,1859,1136,3079,4095,4095,3775,1947,16,-7507,-21823,-22687,-22843
1118,31248,152,1830,352,7,1,2,3776,155,0,687,-21310,-22655,-14649
1119,24338,72,1818,1632,1030,11,27,3776,411,0,-19820,-28221,-22223,30380
1120,23826,40,1631,1696,1286,4095,4094,3791,667,16,-11626,-28733,-22255,-26962
1121,24082,24,1603,1120,3334,4095,4095,3791,923,16,-7531,-28477,-22271,-22867
1122,22290,168,1566,1200,774,4093,4089,3791,1179,16,21148,-26684,43377,13990
1123,30224,184,1610,240,2823,4083,4065,3791,1435,16,17021,30918,43873,18117
1124,27920,40,1850,1824,2055,4092,4087,3791,1691,16,-19852,-32315,44017,-10546
1125,27664,56,1898,1504,3079,0,1,3776,1947,0,-15757,-32059,44001,-14641
1126,27664,56,1854,944,775,0,0,3792,155,0,-15757,-32059,44001,-14641
1127,26385,136,1826,1056,7,4094,4091,3807,411,16,4718,32198,44081,5834
1128,32015,232,1663,240,7,4087,4074,3807,667,16,-19880,-27708,-21103,-18764
1129,32015,232,1655,1888,262,0,0,3792,923,0,-19880,-27708,-21103,-18764
1130,31247,184,1855,688,1031,1,3,3792,1179,0,-7589,-26940,-21055,-31055
1131,37390,56,1811,1824,262,10,24,3792,1435,0,25155,32454,44865,1737
1132,36878,24,1835,416,263,1,2,3792,1691,0,16961,-32570,44897,9931
1133,36878,24,1627,1456,6,0,0,3792,1947,0,16961,-32570,44897,9931
1134,37390,56,1603,816,6,1,2,3808,155,0,25155,-32058,44929,18125
1135,34574,232,1646,544,3078,4,11,3808,411,0,4664,30663,45105,-2366
1136,34319,216,1582,816,2822,4095,4095,3823,667,16,8761,30407,45089,1731
1137,33806,248,1590,608,6,1,2,3808,923,0,571,29895,45121,-6459
1138,40464,152,1539,1328,5,11,26,3808,1179,0,25121,23237,44705,-31009
1139,40720,136,1542,176,2822,4095,4095,3823,1435,16,29216,22981,44721,30432
1140,41232,168,1363,1056,261,1,2,3808,1691,0,-28126,22469,44689,22238
1141,40720,200,1362,1072,3845,0,2,3808,1947,0,-19936,22981,44657,14048
1142,42768,72,1318,1376,5,4093,4088,3839,155,16,12840,25030,-20751,-18712
1143,40721,200,1310,1264,3845,4092,4088,3839,411,16,-19936,22982,-20623,14048
1144,41233,232,1322,816,1797,4095,4094,3839,667,16,-28130,23494,-20591,5854
1145,43025,120,1335,96,261,3,7,3824,923,0,535,25287,-20703,-31017
1146,42769,104,1322,496,2821,0,1,3824,1179,0,4632,25543,-20687,30422
1147,39954,24,1283,1120,3333,4091,4085,3839,1435,16,25123,28358,44673,9931
1148,43793,8,1283,1568,261,4090,4081,3839,1691,16,21042,24519,-21103,14012
1149,40976,184,1282,1120,3077,4091,4085,3839,1947,16,551,27336,-21279,-31033
1150,40464,152,1298,416,2053,4095,4094,3855,155,16,-7643,26823,-21311,26309
1151,40720,136,1359,1312,3333,4095,4095,3855,411,16,-11738,27079,-21327,22214
1152,42000,216,1395,1312,261,2,5,3840,667,0,-32223,28359,-21247,1729
1153,43536,120,1302,880,3845,4093,4090,3855,923,16,-7653,29895,-21343,26299
1154,42256,40,1303,816,1029,4094,4091,3855,1179,16,12832,31176,-21263,5814
1155,41744,72,1314,304,3845,0,2,3840,1435,0,4642,31688,-21295,14004
1156,37649,72,1294,1840,2821,4089,4080,3855,1691,16,4626,-29753,44497,14020
1157,38161,40,1374,1648,1797,4095,4094,3855,1947,16,-3564,-30266,44529,22210
1158,39697,136,1355,1776,3077,4093,4090,3871,155,16,21018,-28729,44625,-18744
1159,40721,72,1391,1328,3077,1,4,3856,411,0,4638,-27705,44561,30412
1160,40209,40,1358,944,773,1,2,3856,667,0,12832,-28217,44529,-26930
1161,39953,56,1303,432,3077,4095,4095,3871,923,16,8737,-28473,44545,-31025
1162,33808,184,1310,1968,772,10,24,3856,1179,0,-24007,-22328,44929,1719
1163,27665,56,1147,304,2053,4086,4072,3871,1435,16,8785,-16185,44545,-31073
1164,27153,24,1130,1456,3844,0,2,3856,1691,0,591,-15673,44577,-22879
1165,27153,24,1302,304,773,0,0,3856,1947,0,591,-15673,44577,-22879
1166,29202,152,1143,1056,1284,3,8,3872,155,0,-32169,-13625,44705,9897
1167,31761,248,1062,1648,3844,4091,4086,3887,411,16,-7583,-11066,-20991,-31053
1168,30993,200,1123,1824,260,4095,4093,3887,667,16,4708,-11833,-21039,-18762
1169,31505,168,1039,352,2308,4095,4094,3887,923,16,12898,-11321,-21071,-10572
1170,27664,184,1026,1504,1028,4090,4081,3887,1179,16,8817,-7480,44705,-6491
1171,29712,56,1034,944,3844,4092,4088,3887,1435,16,-23959,-9528,44833,26285
1172,29200,24,1027,224,1284,4095,4094,3887,1691,16,-32153,-9016,44865,-31057
1173,28944,40,1135,1632,2308,0,1,3872,1947,0,-28058,-8760,44849,30384
1174,30224,120,1034,672,4,4094,4091,3903,155,16,-7573,-7480,44929,-14667
1175,26897,72,1059,1824,260,4091,4083,3903,411,16,-19874,-10807,-20399,-26968
1176,29456,232,1298,1312,5,4092,4086,3903,667,16,4692,-8247,-20239,-2402
1177,30225,184,1358,928,1029,1,3,3888,923,0,16977,-7479,-20287,9883
1178,29456,136,1322,352,1029,1,3,3888,1179,0,29268,-6711,-20239,-2408
1179,31760,248,1138,816,3844,3,9,3888,1435,0,587,-9014,45441,26273
1180,30224,152,1110,736,2052,2,6,3888,1691,0,-23995,-7479,45537,-14681
1181,29200,216,1058,880,2820,4094,4092,3903,1947,16,-7615,-6455,45473,-31061
1182,29456,232,1106,1120,3076,0,1,3904,155,0,-3518,-6199,45489,-26964
1183,29712,216,1134,1824,3076,4095,4095,3919,411,16,-7613,-5943,45473,-31059
1184,29200,184,1298,480,1029,4095,4094,3919,667,16,581,-6454,45441,-22865
1185,29712,152,1334,1072,773,4095,4094,3919,923,16,8771,-5942,45409,-14675
1186,29200,120,1290,352,1029,4095,4094,3919,1179,16,16965,-5430,45441,-22869
1187,30480,40,1318,1072,773,4094,4091,3919,1435,16,-28096,-6710,45521,22192
1188,30736,56,1330,672,2053,0,1,3904,1691,0,-23999,-6966,45505,18095
1189,30736,56,1343,928,1285,0,0,3904,1947,0,-23999,-6966,45505,18095
1190,31248,88,1331,1008,1029,4095,4094,3935,155,16,-15805,-6454,45537,26289
1191,32784,248,1338,240,2821,2,6,3920,411,0,25161,-4918,-20095,1719
1192,33295,24,1311,624,2053,4095,4094,3935,667,16,16967,-4406,45473,-6475
1193,31503,136,1342,1648,1797,4093,4089,3935,923,16,-11698,-6199,45585,30396
1194,28686,216,1371,288,2309,4,11,3920,1179,0,-32167,-3382,-19775,-14671
1195,27663,24,1314,880,2821,4094,4092,3935,1435,16,16989,-2358,45697,1709
1196,27663,24,1386,1632,1029,0,0,3920,1691,0,16989,-2358,45697,1709
1197,28431,232,1350,800,1029,1,3,3920,1947,0,4704,-3126,-19791,13994
1198,28943,8,1314,304,3845,0,2,3936,155,0,12898,-2614,45777,22188
1199,28943,8,1310,432,773,0,0,3936,411,0,12898,-2614,45777,22188
1200,29455,40,1346,816,3845,0,2,3936,667,0,4704,-2102,45809,13994
1201,30735,216,1347,1504,1285,4094,4091,3951,923,16,25179,-822,-19807,-31067
1202,30991,232,1315,368,3077,0,1,3936,1179,0,21082,-1078,-19823,-26970
1203,32015,168,1291,496,3077,4094,4092,3951,1435,16,-28074,-2102,-19759,22186
1204,32015,168,1287,48,1029,0,0,3936,1691,0,-28074,-2102,-19759,22186
1205,30478,8,1327,96,2309,2,6,3936,1947,0,-3504,-566,45681,-2384
1206,29454,200,1366,928,3077,1,4,3952,155,0,-19892,-1590,-19919,-18772
1207,29710,184,1338,800,2053,0,1,3952,411,0,-23987,-1334,-19935,-22867
1208,28942,136,1319,224,2309,1,3,3952,667,0,-11696,-2102,-19983,-10576
1209,35600,232,1303,1648,4,11,26,3952,923,0,29238,4556,-20398,30358
1210,35600,232,1130,1696,4,0,0,3952,1179,0,29238,4556,-20398,30358
1211,29457,104,1130,96,1029,4086,4072,3967,1435,16,-3506,10698,-20782,-2434
1212,28178,24,1142,1264,1796,2,5,3952,1691,0,-23991,11978,-20702,18051
1213,21520,184,1118,112,1797,4085,4070,3967,1947,16,16943,18636,44418,-22883
1214,18960,24,1283,992,1285,4092,4086,3983,155,16,-24027,16075,44258,1683
1215,18960,24,1319,608,261,0,0,3968,411,0,-24027,16075,44258,1683
1216,20495,120,1334,176,2821,2,6,3968,667,0,16927,17611,44354,-22899
1217,27665,184,1114,224,3077,4084,4068,3983,923,16,12803,24576,43906,26225
1218,28689,248,1150,1520,3844,1,4,3968,1179,0,-15873,23756,43842,-22923
1219,28945,232,1123,1632,3332,4095,4095,3983,1435,16,510,23296,43858,-27018
1220,29969,40,1118,992,4,2,4,3968,1691,0,16898,22272,-21742,22130
1221,29201,88,1074,432,1796,1,3,3968,1947,0,29183,23040,-21790,9845
1222,29713,120,1074,944,1796,4095,4094,3999,155,16,-28159,23552,-21758,18039
1223,30225,88,1063,352,260,1,2,3984,411,0,29187,24064,-21790,9849
1224,30481,104,1026,48,3844,4095,4095,3999,667,16,25090,24320,-21774,5752
1225,29968,136,1103,1376,2308,4095,4094,3999,923,16,16900,23808,-21742,-2438
1226,28176,24,1130,928,4,3,7,3984,1179,0,-19957,25600,-21630,-31117
1227,28688,248,1079,608,260,1,2,3984,1435,0,-11767,25088,43938,26229
1228,28944,8,1058,624,2820,4095,4095,3999,1691,16,-7670,24832,-21614,22132
1229,28944,8,1110,1328,772,0,0,3984,1947,0,-7670,24832,-21614,22132
1230,29968,72,1131,1248,3332,1,4,4000,155,0,8718,25857,-21550,-27016
1231,29456,104,1095,880,4,1,2,4000,411,0,16908,25345,-21518,-18826
1232,28432,40,1091,1440,2308,4094,4092,4015,667,16,-32240,24321,-21582,-2438
1233,32529,40,1035,1840,2052,4089,4080,4015,923,16,-32256,28418,43698,-2454
1234,25872,136,1131,288,2309,4085,4070,4015,1179,16,8730,-30460,44114,22096
1235,20497,216,1290,1952,4,9,21,4000,1435,0,-11729,-25086,-21758,-22981
1236,21777,40,1146,1392,772,2,5,4000,1691,0,8756,-26365,43698,22070
1237,21265,72,1047,96,260,1,2,4000,1947,0,16946,-25853,43666,13880
1238,21009,56,1063,496,2052,0,1,4016,155,0,12849,-26109,43650,9783
1239,20497,88,1070,864,2052,4095,4094,4031,411,16,21039,-26621,43682,17973
1240,19473,24,1106,800,4,2,4,4016,667,0,-28109,-27645,43618,-31175
1241,18961,56,1091,1264,1028,4095,4094,4031,923,16,29237,-28157,43650,26171
1242,18193,8,1123,1248,1284,1,3,4016,1179,0,-24008,-27389,43698,13880
1243,18193,8,1147,1952,260,0,0,4016,1435,0,-24008,-27389,43698,13880
1244,18961,56,1319,864,261,4095,4093,4031,1691,16,-11717,-28157,43650,1589
1245,21265,168,1355,224,3333,3,9,4016,1947,0,16964,-30461,-21742,-27092
1246,13327,184,1119,608,2309,4083,4065,4047,155,16,21029,27137,-22238,-23027
1247,12559,232,1318,288,1029,1,3,4032,411,0,-32222,26369,-22190,-10742
1248,10768,120,1307,1120,1285,4093,4089,4047,667,16,-3543,24577,-22302,17937
1249,10512,136,1347,928,2309,0,1,4032,923,0,-7638,24321,-22286,13842
1250,9487,72,1367,1760,2309,4094,4092,4047,1179,16,8750,25346,-22222,-2546
1251,10767,248,1283,544,261,4094,4091,4047,1435,16,29225,24066,43394,-23021
1252,9743,184,1302,752,1797,4094,4092,4047,1691,16,12837,25090,43458,-6633
1253,7695,56,1338,32,2053,3,8,4032,1947,0,-19939,27138,-22206,26143
1254,5390,168,1358,224,5,4,9,4048,155,0,8724,24834,43186,-10730
1255,6414,104,1374,992,5,2,4,4048,411,0,-7656,25857,43122,-27110
1256,7438,168,1322,1056,2053,4094,4092,4063,667,16,-24044,26881,43186,22038
1257,9742,24,1366,368,3845,3,9,4048,923,0,12811,29186,43042,-6643
1258,9742,24,1402,1952,5,0,0,4048,1179,0,12811,29186,43042,-6643
1259,10254,248,1350,816,773,1,2,4048,1435,0,21001,28674,-22462,-14833
1260,4624,152,1299,2016,1284,9,22,4048,1691,0,-3597,-31232,43426,9765
1261,5392,104,1135,1440,1284,1,3,4048,1947,0,-15882,-32000,43474,22050
1262,5904,136,1115,1200,4,1,2,4064,155,0,-7688,-31488,43506,30244
1263,4368,232,1091,432,2052,2,6,4064,411,0,16882,32513,43602,-10722
1264,2577,120,1026,672,2052,4093,4089,4079,667,16,-19975,30721,43490,17957
1265,1553,184,1095,688,3076,1,4,4064,923,0,29181,29697,43554,1577
1266,1553,184,1087,1008,4,0,0,4064,1179,0,29181,29697,43554,1577
1267,3856,40,1090,1904,2820,4092,4087,4079,1435,16,500,27394,43698,30258
1268,3344,8,1114,1648,772,4095,4094,4079,1691,16,-7694,27905,43730,-27084
1269,3344,8,1143,1888,260,0,0,4064,1947,0,-7694,27905,43730,-27084
1270,4112,56,1098,1456,3844,4094,4093,4095,155,16,4597,28674,43778,-14793
1271,3600,88,1034,288,2052,4095,4094,4095,411,16,12787,28162,43810,-6603
1272,3600,88,1075,752,1028,0,0,4080,667,0,12787,28162,43810,-6603
1273,10514,168,1059,1776,1027,11,27,4080,923,0,-7720,-30461,43378,-27110
1274,11794,248,855,1824,1283,4094,4091,4095,1179,16,-28205,-31741,43298,-6625
1275,12818,184,878,1328,2819,1,4,4080,1435,0,-11825,-32765,43362,-23005
1276,19473,88,867,112,3076,4085,4070,4095,1691,16,29161,26117,42946,1545
1277,12559,8,879,432,1028,4085,4069,4095,1947,16,8654,-32505,42514,22052
1278,12047,232,1063,736,2308,4095,4094,15,156,16,460,32519,-23054,13858
1279,13326,152,1090,1568,4,4094,4091,15,412,16,-20015,-31738,-23134,-6617
1280,12559,104,1035,432,4,4095,4093,15,668,16,-7724,-32506,-23182,5674
1281,13583,40,1054,816,2820,4094,4092,15,924,16,8656,-31481,-23246,22054
1282,13071,8,1083,1056,2308,4095,4094,15,1180,16,16850,-30969,-23214,13860
1283,13839,216,1067,944,4,4095,4093,15,1436,16,29135,-31737,42370,1575
1284,14606,8,1063,288,1284,1,3,0,1692,0,-24110,-32505,-23214,-10716
1285,13582,72,1095,624,4,2,4,0,1948,0,-7730,-31481,-23278,-27096
1286,14606,136,1082,1264,2820,4094,4092,31,156,16,8658,-30456,-23214,-10708
1287,19213,104,1150,48,2820,7,18,16,412,0,484,-25849,42034,-18882
1288,23820,136,1030,1952,3076,4088,4078,31,668,16,-7726,-21243,-23214,-27092
1289,23052,184,1050,672,4,4095,4093,31,924,16,-20011,-22011,-23166,26159
1290,23052,184,1079,880,4,0,0,16,1180,0,-20011,-22011,-23166,26159
1291,19725,136,1058,1840,3844,4090,4083,31,1436,16,-7710,-18684,42162,13858
1292,18445,56,1139,1264,1028,2,5,16,1692,0,-28195,-17404,42242,-31193
1293,16653,168,1099,1888,1284,4093,4089,31,1948,16,470,-15611,42130,5678
1294,12300,152,1026,1712,1796,4089,4079,47,156,16,-3643,-19965,-23678,1565
1295,14859,248,1042,1312,4,4092,4086,47,412,16,20943,-17405,41698,26151
1296,15627,40,1127,1248,2308,1,3,32,668,0,8652,-16637,-23790,13860
1297,16907,216,1070,1184,1028,4094,4091,47,924,16,29127,-15357,41666,-31201
1298,17675,8,1098,864,1028,1,3,32,1180,0,16836,-16125,-23918,-18910
1299,18187,232,1135,1904,2052,4095,4094,47,1436,16,25026,-16637,41650,-27100
1300,18955,24,1151,1696,1284,1,3,32,1692,0,-28219,-17405,-23934,26145
1301,19723,232,1111,1648,4,4095,4093,47,1948,16,25032,-18173,41650,-27106
1302,15882,248,1131,48,2052,6,15,48,156,0,29113,-22014,-24126,-23025
1303,15370,24,1035,368,1028,4095,4094,63,412,16,-28233,-22526,41442,-14835
1304,15114,8,1063,496,2052,0,1,48,668,0,-24136,-22782,41426,-10738
1305,14090,72,1090,1456,1796,4094,4092,63,924,16,25020,-23806,41490,-27118
1306,14346,88,1318,688,2821,4095,4095,63,1180,16,20923,-24062,41474,-23021
1307,15114,40,1310,112,1797,1,3,48,1436,0,-32328,-24830,41522,30230
1308,16394,120,1330,1312,5,4094,4091,63,1692,16,-11843,-26110,41442,9745
1309,16906,88,1390,1456,773,1,2,48,1948,0,-20033,-26622,41474,17935
1310,17674,136,1338,544,2053,1,3,64,156,0,-7742,-25854,41522,30226
1311,9996,104,1298,1136,2820,12,30,64,412,0,-15964,32004,42002,22004
1312,8716,24,1095,1632,260,4094,4091,79,668,16,4521,30725,41922,-23047
1313,9996,200,1055,1008,4,4094,4091,79,924,16,24996,32005,-23694,-2572
1314,11021,8,1094,688,2820,1,4,64,1180,0,8608,30981,41778,13816
1315,10765,24,1050,304,1796,0,1,64,1436,0,4513,31237,41762,17911
1316,11789,88,1151,1568,3332,1,4,64,1692,0,20901,30213,41698,1523
1317,10508,168,1130,1120,1028,2,5,64,1948,0,-24160,31493,41618,-18952
1318,8716,56,1118,752,3844,2,7,80,156,0,12697,29701,41506,17905
1319,8972,40,1106,1136,2820,0,1,80,412,0,8602,29957,41490,13810
1320,10507,136,1062,1184,3076,4093,4090,95,668,16,-15980,31492,41586,-10772
1321,8459,8,1087,1760,260,4093,4088,95,924,16,16796,29444,-23822,22004
1322,8203,248,1355,1056,2309,0,1,80,1180,0,20893,29700,41730,17907
1323,8203,248,1343,928,1285,0,0,80,1436,0,20893,29700,41730,17907
1324,525,24,1354,2032,2820,12,30,80,1692,0,29055,-28158,-23326,9745
1325,2061,184,1131,992,3332,2,6,80,1948,0,4485,-29694,42306,-31221
1326,64780,7,1038,1376,2052,4091,4085,111,156,16,24954,-32511,42130,-10752
1327,63757,71,1119,1072,3076,1,4,96,412,0,-24202,32001,42194,5628
1328,64780,135,1143,1392,4,2,4,96,668,0,24946,-32511,42258,-10760
1329,62988,247,1139,1056,260,3,7,96,924,0,-3719,31232,42370,26111
1330,63500,23,1063,352,260,1,2,96,1180,0,-11913,30720,-23198,-31231
1331,59917,247,1135,288,3332,5,14,96,1436,0,-15995,-31028,-23422,26099
1332,60429,23,1146,1696,4,1,2,96,1692,0,4487,-31744,42082,17905
1333,57356,215,1114,160,4,5,12,96,1948,0,-11909,-28672,41890,-31235
1334,58892,55,1083,1568,2308,4093,4090,127,156,16,12673,-27135,-23550,-6653
1335,59660,7,1142,1504,2052,1,3,112,412,0,388,-26367,-23598,-18938
1336,523,152,1150,480,5,4086,4071,127,668,16,16747,-19764,42338,9709
1337,7180,248,1302,1696,3076,10,26,112,924,0,4433,-13311,41922,-14893
1338,6412,200,1314,224,1029,1,3,112,1180,0,16724,-12543,41970,-27184
1339,8460,72,1371,544,2309,3,8,112,1436,0,-16052,-14591,42098,5592
1340,8460,72,1330,736,1029,0,0,112,1692,0,-16052,-14591,42098,5592
1341,10252,216,1367,560,1029,3,7,112,1948,0,20819,-16383,-23326,-31279
1342,12813,120,1142,816,772,4,10,128,156,0,-3747,-13823,42370,9691
1343,11277,216,1123,928,2308,2,6,128,412,0,20823,-15358,42466,-31275
1344,10509,168,1106,1568,4,4095,4093,143,668,16,-32422,-16126,42418,-18984
1345,9485,232,1083,432,4,2,4,128,924,0,16734,-17150,42482,30172
1346,11533,104,1094,224,2052,3,8,128,1180,0,-16042,-19199,-23182,-2588
1347,19468,120,887,1056,1284,4083,4065,143,1436,16,-20169,-27133,-22686,1539
1348,19468,120,1034,96,1028,0,0,128,1692,0,-20169,-27133,-22686,1539
1349,18699,168,1054,160,1028,1,3,128,1948,0,-7884,-26365,-22734,-10746
1350,19468,216,1027,288,260,4095,4093,159,156,16,4407,-25596,-22686,1545
1351,20491,152,1062,176,2820,1,4,144,412,0,-11973,-24573,-22750,-14835
1352,20235,136,890,1824,2051,0,1,144,668,0,-7876,-24829,-22766,-10738
1353,20235,136,1043,240,1028,0,0,144,924,0,-7876,-24829,-22766,-10738
1354,26381,8,890,304,1796,4086,4072,159,1180,16,24868,-30974,-23150,22054
1355,24333,136,1071,1504,260,4093,4088,159,1436,16,-7892,-28927,-23278,-10722
1356,25357,200,1095,1520,2052,4094,4092,159,1692,16,8496,-29950,-23342,-27110
1357,24077,24,1031,560,1028,4094,4091,159,1948,16,28971,-28670,42114,17951
1358,25869,136,1131,928,260,3,7,160,156,0,-7886,-26878,42226,-18906
1359,25357,168,1074,560,3844,0,2,160,412,0,304,-27389,42258,-10716
1360,23310,40,1098,1968,3844,4092,4088,175,668,16,-32456,-29437,42130,22060
1361,24334,232,1094,1520,1796,4094,4092,175,924,16,-16076,-28413,-23470,-27096
1362,24078,216,1075,880,3076,4095,4095,175,1180,16,-11979,-28157,-23454,-31193
1363,24078,216,1067,672,260,0,0,160,1436,0,-11979,-28157,-23454,-31193
1364,17168,40,894,672,1028,4085,4069,175,1692,16,8474,-21246,42514,13890
1365,9998,232,1035,1264,3075,11,28,160,1948,0,-7938,-14077,-23470,30302
1366,17168,168,863,288,3332,4084,4068,191,156,16,-24294,-6907,-23022,13946
1367,15632,8,1047,944,3076,4093,4090,191,412,16,276,-8442,42610,-27020
1368,14864,216,1058,160,2052,1,3,176,668,0,12567,-9210,-22974,-14729
1369,15889,152,1083,480,3332,1,4,176,924,0,28947,-8186,-23038,1651
1370,15632,136,859,1312,2307,0,1,176,1180,0,-32492,-7930,-23022,-2446
1371,15632,136,846,1200,771,0,0,176,1436,0,-32492,-7930,-23022,-2446
1372,16144,168,771,240,1027,4095,4094,191,1692,16,-24298,-8442,-23054,-10640
1373,16400,152,887,1776,2051,0,1,176,1948,0,-28393,-8698,-23038,-6545
1374,15888,120,847,1392,2051,4095,4094,207,156,16,28949,-9210,-23070,-14739
1375,16400,88,863,1648,2051,4095,4094,207,412,16,20759,-8698,-23102,-22929
1376,16656,104,878,1584,2819,0,1,192,668,0,16662,-8442,-23086,-27026
1377,16656,104,887,1824,1283,0,0,192,924,0,16662,-8442,-23086,-27026
1378,15632,40,850,1632,3075,4094,4092,207,1180,16,-32486,-7418,-23022,22122
1379,14608,104,822,352,3,2,4,192,1436,0,16670,-6394,-23086,-27034
1380,13840,56,791,608,259,4095,4093,207,1692,16,4379,-5626,-23038,-14743
1381,14865,248,778,544,2051,4094,4092,207,1948,16,-12001,-6651,42562,1637
1382,14865,248,822,864,3,0,0,208,156,0,-12001,-6651,42562,1637
1383,16656,136,846,496,3843,2,7,208,412,0,24870,-4859,42450,-27028
1384,17680,200,786,624,2819,4094,4092,223,668,16,8482,-3835,42514,22120
1385,16400,24,806,1056,1027,4094,4091,223,924,16,-11993,-5116,-22942,1645
1386,17424,88,803,880,3075,4094,4092,223,1180,16,-28381,-6140,-23006,18033
1387,17680,72,815,560,3075,0,1,208,1436,0,-24286,-6396,-22990,13938
1388,16144,232,871,944,3075,2,6,208,1692,0,16668,-4860,42642,-27016
1389,14096,104,803,1328,3,4093,4088,223,1948,16,-16108,-2812,-23022,5760
1390,15632,200,867,864,3331,2,6,224,156,0,8474,-1275,-22926,30342
1391,13840,56,839,368,3,3,7,224,412,0,-28397,-3067,42722,-6529
1392,13329,24,879,1952,1283,4095,4094,239,668,16,-20203,-3579,42690,1665
1393,17169,40,791,1888,259,4090,4081,239,924,16,-24314,262,-23085,-2446
1394,17169,40,847,1200,1027,0,0,224,1180,0,-24314,262,-23085,-2446
1395,15122,168,882,944,1795,3,8,224,1436,0,8462,2310,-23213,30314
1396,14354,120,839,1440,3331,4094,4093,239,1692,16,-3829,3077,-23165,-22931
1397,16147,8,818,1440,2051,4093,4089,239,1948,16,-32494,1285,-23053,5734
1398,17427,88,835,1520,1027,4094,4091,255,156,16,-12009,2565,-22973,26219
1399,15891,184,1066,1200,3844,4093,4090,255,412,16,12561,1030,-22877,-14747
1400,17171,8,1043,736,1284,4094,4091,255,668,16,-7924,2309,42739,30304
1401,17427,248,1047,160,3332,0,1,240,924,0,-3829,2565,-22813,-31137
1402,11538,136,1038,1840,2819,9,23,240,1180,0,24866,8455,43091,5704
1403,11026,168,1026,224,1028,4095,4094,255,1436,16,16676,8967,43059,13894
1404,13585,72,1051,1376,1284,4092,4086,255,1692,16,-7890,6407,-22637,-27076
1405,12561,136,1094,1456,2820,4094,4092,255,1948,16,8490,7432,-22701,22080
1406,13841,216,1115,864,1284,2,5,256,156,0,28975,8712,-22621,-22971
1407,13073,8,1126,1312,1028,1,3,256,412,0,-24276,7944,42963,-10686
1408,12306,216,1111,1632,260,4095,4093,271,668,16,-11985,7176,-22621,1605
1409,7952,232,1150,176,772,7,17,256,924,0,-16064,2823,43187,-2474
1410,8721,24,1075,480,1284,1,3,256,1180,0,-28355,2055,-22397,9817
1411,9744,216,1098,1504,3076,4094,4092,271,1436,16,-11975,1031,43203,-6563
1412,9233,184,1094,1264,1796,4095,4094,271,1692,16,-20169,1543,43235,1631
1413,7440,40,1078,96,4,3,7,256,1948,0,8496,3336,-22413,-27034
1414,10513,232,1055,1712,1028,4091,4084,287,156,16,-7876,6408,-22221,22130
1415,11537,168,1138,1328,3844,1,4,272,412,0,-24256,7432,-22285,5750
1416,4114,216,1086,1952,1027,12,29,272,668,0,29021,10,-22749,-6509
1417,3346,8,1026,304,3844,4094,4093,287,924,16,16736,-758,42834,-18794
1418,4627,88,1067,1120,1284,4094,4091,287,1180,16,-3749,-2039,42754,1691
1419,6162,248,1119,800,3332,2,6,272,1436,0,20821,-3574,-22686,-22879
1420,5138,184,1118,1056,3076,1,4,272,1692,0,4433,-2550,-22622,-6491
1421,6163,120,1090,544,4,2,4,272,1948,0,-11947,-3575,-22558,9889
1422,5138,56,1042,688,1796,4094,4092,303,156,16,-28335,-4599,-22622,-6499
1423,4627,88,1078,560,772,1,2,288,412,0,-20145,-5111,-22590,1691
1424,5906,168,1067,96,1284,2,5,288,668,0,24906,-3831,-22510,-18794
1425,7443,72,1051,1008,3076,4093,4090,303,924,16,-16060,-2295,-22606,5776
1426,7699,88,1091,880,3076,0,1,288,1180,0,-20157,-2551,-22622,9873
1427,8722,24,1070,1072,2820,4094,4092,303,1436,16,-3777,-3575,-22558,-6507
1428,9234,56,1046,96,4,1,2,288,1692,0,4417,-4086,-22590,-14701
1429,9746,24,1042,432,1796,4095,4094,303,1948,16,-3773,-4599,-22558,-6511
1430,9746,24,1062,560,772,0,0,304,156,0,-3773,-4599,-22558,-6511
1431,10002,8,1067,480,3332,0,1,304,412,0,-7868,-4343,-22574,-10606
1432,4116,152,1046,1968,2819,9,23,304,668,0,20827,-10229,-22942,18089
1433,5652,56,875,1056,2307,2,6,304,924,0,-20139,-8693,-23038,-22877
1434,6676,120,851,1648,3075,4094,4092,319,1180,16,29009,-9717,-23102,-6489
1435,5397,200,850,1760,1027,4094,4091,319,1436,16,8534,-8437,-23182,13986
1436,5909,232,883,1968,2051,4095,4094,319,1692,16,16728,-8949,-23214,5792
1437,4884,40,875,2032,3075,4094,4092,319,1948,16,-32428,-7925,42258,-10588
1438,5396,72,867,1312,259,1,2,320,156,0,-24234,-7413,42290,-2394
1439,5908,40,871,1840,1027,4095,4094,335,412,16,-32424,-6901,42258,-10584
1440,10771,88,1026,2032,771,8,19,320,668,0,20805,-2038,-22974,-22891
1441,9747,152,859,1008,3075,1,4,320,924,0,4425,-3062,-22910,26265
1442,10771,216,882,1392,2819,1,4,320,1180,0,-11963,-4087,-22974,-22883
1443,11539,168,847,1504,259,4095,4093,335,1436,16,322,-4854,-22926,30368
1444,12563,232,890,1440,3,2,4,320,1692,0,16710,-5878,-22990,13980
1445,11795,24,847,944,1027,1,3,320,1948,0,28995,-5110,42498,1695
1446,12819,88,851,1712,2051,4094,4092,351,156,16,-20153,-4086,42562,18083
1447,12307,120,855,1504,2307,4095,4094,351,412,16,-11963,-4598,42594,26273
1448,12307,120,815,672,1283,0,0,336,668,0,-11963,-4598,42594,26273
1449,13331,56,814,224,3,2,4,336,924,0,4417,-3573,42530,-22883
1450,13587,72,622,1776,3842,4095,4095,351,1180,16,320,-3829,42514,-18786
1451,18450,24,770,2032,770,8,19,336,1436,0,12589,-8692,-22718,-31055
1452,20242,136,838,1824,1027,4093,4089,351,1692,16,-24268,-10484,-22830,5802
1453,19217,200,846,1568,3075,4094,4092,351,1948,16,-7888,-9460,-22894,-10578
1454,17169,72,1043,1056,260,4093,4088,367,156,16,24872,-11508,-23022,22182
1455,16145,136,1103,816,3076,1,4,352,412,0,-24284,-12532,-22958,-26974
1456,15377,88,1063,880,4,4095,4093,367,668,16,-11993,-13300,-23006,-14683
1457,9488,200,1038,1824,3075,9,23,352,924,0,24894,-19189,42898,22204
1458,11536,72,895,1136,2051,3,8,352,1180,0,-7882,-21238,-22766,-10556
1459,11280,88,806,480,2051,0,1,352,1436,0,-11977,-20982,-22782,-6461
1460,10257,24,831,1376,2307,4094,4092,367,1692,16,-28365,-19958,-22718,9927
1461,8720,120,842,496,2819,2,6,352,1948,0,-3795,-18422,-22814,-14643
1462,8464,104,839,928,3331,0,1,368,156,0,-7892,-18678,-22830,-18740
1463,8208,120,858,1504,3075,4095,4095,383,412,16,-3797,-18934,-22814,-14645
1464,10000,232,838,1840,771,4093,4089,383,668,16,-32476,-17142,-22702,22212
1465,10256,216,867,1376,3331,0,1,368,924,0,-28381,-16886,-22718,26307
1466,16401,88,887,288,1284,4086,4072,383,1180,16,4363,-23031,-23102,-6437
1467,18193,232,878,944,771,3,7,368,1436,0,-32508,-24823,42546,30434
1468,17937,216,830,816,2819,0,1,368,1692,0,28931,-24567,42562,-31005
1469,16657,40,810,1184,3,4094,4091,383,1948,16,-16130,-23287,-23054,14056
1470,13840,120,818,1904,2819,4091,4085,399,156,16,4339,-26103,42306,-31011
1471,13072,168,867,1264,1027,1,3,384,412,0,16624,-26871,42354,-18726
1472,13328,184,850,1120,3075,0,1,384,668,0,12527,-26615,42370,-22823
1473,14865,88,835,1696,2307,4093,4090,399,924,16,-28439,-25079,42274,1747
1474,15121,104,779,48,2051,0,1,384,1180,0,-32536,-25335,42258,5844
1475,14865,120,859,1248,3331,0,1,384,1436,0,28905,-25079,42242,9939
1476,15632,168,842,800,2051,1,3,384,1692,0,-24340,-25847,42194,-2352
1477,15632,168,827,944,3,0,0,384,1948,0,-24340,-25847,42194,-2352
1478,15120,136,878,1504,3,1,2,400,156,0,-32534,-26359,42162,-10546
1479,14097,200,847,1584,3075,4094,4092,415,412,16,-16154,-27383,42226,5834
1480,13585,168,842,928,3,1,2,400,668,0,-7960,-27895,42194,14028
1481,13585,168,854,1376,3,0,0,400,924,0,-7960,-27895,42194,14028
1482,17426,152,774,1632,3,4090,4081,415,1180,16,-3879,-31736,-23582,9947
1483,17170,168,854,1456,2819,4095,4095,415,1436,16,-7974,-31480,-23598,14042
1484,15378,56,871,864,259,3,7,400,1692,0,28883,-29688,-23486,-22815
1485,15634,40,827,816,2051,0,1,400,1948,0,24788,-29944,-23470,-18720
1486,15378,24,823,944,3075,4095,4095,431,156,16,20691,-30200,-23486,-22817
1487,8468,200,786,1456,1794,11,27,416,412,0,184,28426,42482,22212
1488,7956,168,611,1712,2050,4095,4094,431,668,16,8378,27914,42450,30406
1489,8468,136,606,1632,2050,4095,4094,431,924,16,16568,28426,42418,-26940
1490,8212,120,614,1648,3842,4095,4095,431,1180,16,20665,28682,42434,-31037
1491,9748,24,587,1776,3074,4093,4090,431,1436,16,-20301,27146,42530,9929
1492,10260,56,635,1712,2,1,2,416,1692,0,-12107,26634,42498,1735
1493,18197,72,583,288,1283,4083,4065,431,1948,16,-7980,18696,42994,-2392
1494,17941,56,622,1648,1794,0,1,432,156,0,-12077,18440,42978,-6489
1495,11543,200,626,304,3843,4085,4071,447,412,16,24762,12042,-22158,30350
1496,5656,88,783,1824,3330,9,23,432,668,0,-12079,6155,43010,-6491
1497,23,184,631,96,259,4087,4074,447,924,16,28903,522,-22174,-31045
1498,64279,103,626,1264,770,2,5,432,1180,0,-16148,1802,-22094,14006
1499,64279,103,571,944,2,0,0,432,1436,0,-16148,1802,-22094,14006
1500,5397,8,606,96,2051,4085,4070,447,1692,16,24838,-4852,-22511,-26980
1501,5653,248,619,1520,3074,0,1,432,1948,0,20743,-5108,43041,-22885
1502,65044,119,614,32,1027,4086,4072,463,156,16,-12049,-11254,-22879,9859
1503,64788,135,814,624,1795,0,1,448,412,0,-7954,-11510,-22863,13954
1504,5394,8,787,1824,258,10,24,448,668,0,24790,-5367,-22479,-18838
1505,6675,184,598,1840,770,4094,4091,463,924,16,-20271,-4087,42977,1637
1506,7187,216,602,1184,2,1,2,448,1180,0,-28465,-4599,42945,9831
1507,8210,152,563,1184,2306,4094,4092,463,1436,16,-12085,-5623,43009,-6549
1508,9490,232,571,352,1282,2,5,448,1692,0,8400,-6902,42929,-27034
1509,8978,8,582,880,3842,0,2,448,1948,0,16590,-6390,-22639,30312
1510,8466,232,603,1200,2,1,2,464,156,0,8396,-6902,42865,22118
1511,4371,232,534,2016,2050,4089,4080,479,412,16,8380,-10997,-22415,22102
1512,8978,8,522,2016,3074,4088,4078,479,668,16,170,-6390,-22127,13892
1513,8466,40,610,1760,1026,4095,4094,479,924,16,-8020,-6903,-22095,5702
1514,8210,24,551,416,3330,0,1,464,1180,0,-3923,-6647,-22079,1605
1515,8465,8,563,688,2050,0,1,464,1436,0,172,-6902,-22063,-2490
1516,9745,88,543,992,258,4094,4091,479,1692,16,20657,-8182,-22143,-22975
1517,10257,56,606,1248,2,1,2,464,1948,0,12467,-8694,-22111,-14785
1518,10257,56,623,1760,258,0,0,480,156,0,12467,-8694,-22111,-14785
1519,10769,24,575,1136,2050,4095,4094,495,412,16,4277,-8182,-22143,-22975
1520,10001,232,590,1504,2,4095,4093,495,668,16,16568,-8950,43345,-10684
1521,11282,152,778,624,771,4094,4091,495,924,16,-28493,-7670,43265,9791
1522,10257,88,795,800,2307,4094,4092,495,1180,16,-12105,-6646,43329,-6597
1523,10769,56,811,864,1283,4095,4094,495,1436,16,-3915,-7158,43361,-14787
1524,16144,136,774,1952,3074,8,21,480,1692,0,16586,-12532,-22511,30248
1525,16656,104,611,1760,1282,4095,4094,495,1948,16,8396,-13044,-22479,-27098
1526,17680,168,770,416,2051,4094,4092,511,156,16,24784,-12020,-22415,-10710
1527,16657,232,871,1968,3075,4094,4092,511,412,16,-24372,-13044,-22351,5670
1528,17680,40,782,544,3075,4094,4092,511,668,16,24776,-12020,43249,-10718
1529,17168,72,778,368,771,4095,4094,511,924,16,16586,-12532,43281,-18908
1530,13839,120,890,496,2819,5,13,496,1180,0,4311,-9203,-22047,-6633
1531,13583,136,806,672,3075,4095,4095,511,1436,16,216,-8947,-22063,-2538
1532,12816,88,802,160,2051,1,3,496,1692,0,-12075,-8180,-22015,9753
1533,15888,152,887,608,259,5,12,496,1948,0,4321,-11252,43713,-6643
1534,16144,168,867,1456,2051,0,1,512,156,0,8418,-10996,43729,-2546
1535,14609,8,859,752,3075,2,6,512,412,0,-32548,-12532,-21711,22024
1536,16656,136,839,288,1283,3,8,512,668,0,212,-10484,-21583,-10752
1537,16144,168,826,672,3,1,2,512,924,0,-7978,-10997,-21551,-18942
1538,23058,88,810,1840,1794,11,27,512,1180,0,12475,-17910,-21983,26141
1539,25617,184,835,2032,1027,4092,4086,527,1436,16,-12111,-20470,43713,-14809
1540,24594,120,814,1056,3075,4094,4092,527,1692,16,-28499,-19446,43777,1579
1541,23313,200,847,672,1283,2,5,512,1948,0,-8024,-18166,43697,-18896
1542,25106,56,851,2016,1283,4093,4089,543,156,16,20655,-16373,-21727,9783
1543,22802,200,1031,992,2308,4092,4087,543,412,16,-8026,-18677,-21583,-18898
1544,20243,40,1127,560,1028,4,10,528,668,0,-32592,-21236,-21743,22072
1545,21523,216,867,1008,1027,2,5,528,924,0,-12117,-19956,43713,-22989
1546,22035,248,830,1200,771,4095,4094,543,1180,16,-20311,-20468,43681,-14795
1547,22803,200,862,1120,2051,1,3,528,1436,0,-8026,-21236,43729,-27080
1548,25618,120,787,1392,3075,4091,4085,543,1692,16,-28495,-24051,-21983,-6611
1549,31508,8,786,1888,3074,9,23,528,1948,0,8392,-29940,43921,22038
1550,37909,152,787,1760,1282,10,25,544,156,0,-20255,-23539,-21215,-6609
1551,37653,168,627,1696,2306,0,1,544,412,0,-16160,-23795,-21199,-2514
1552,37909,184,582,928,3074,0,1,544,668,0,-20257,-23539,-21183,-6611
1553,37397,216,562,544,2,1,2,544,924,0,-28447,-24051,-21151,-14801
1554,33300,216,531,1952,2306,4089,4080,559,1180,16,-28431,-19954,44641,-14817
1555,33300,216,534,288,1026,0,0,544,1436,0,-28431,-19954,44641,-14817
1556,36372,152,635,608,1282,5,12,544,1692,0,20733,-23025,-21087,1555
1557,41237,104,519,2032,2050,4088,4077,559,1948,16,8464,-27890,44753,13824
1558,41749,136,523,288,2306,4095,4094,575,156,16,16658,-27378,44785,22018
1559,42005,120,547,368,3074,0,1,560,412,0,12563,-27122,44769,17923
1560,41749,104,526,112,1794,0,1,560,668,0,16660,-27378,44753,22020
1561,39956,216,518,736,2050,4093,4089,575,924,16,-12005,-29171,44865,-6645
1562,39444,184,546,240,770,1,2,560,1180,0,-3811,-28659,44897,-14839
1563,42004,24,602,288,2050,4,10,560,1436,0,-28397,-31218,45057,9747
1564,40724,200,599,816,1026,2,5,560,1692,0,16654,-29938,-20399,30232
1565,38932,56,563,1504,1282,4093,4089,575,1948,16,-20217,-28146,45025,1567
1566,35603,104,551,1968,3074,4090,4083,591,156,16,-7942,-31475,-20719,13842
1567,34579,168,590,816,2818,1,4,576,412,0,8438,-32498,-20655,30222
1568,42257,136,567,1760,2305,12,30,576,668,0,16600,-24820,-20175,-27152
1569,41489,184,383,1712,1025,1,3,576,924,0,4315,-25588,-20127,26099
1570,34575,8,375,560,1026,4085,4069,591,1180,16,-16138,-18675,45841,-18984
1571,34319,24,562,608,3074,0,1,576,1436,0,-20233,-18419,45825,-14889
1572,33807,248,619,1824,2306,4095,4094,591,1692,16,-28427,-17907,-19679,-6695
1573,35344,152,582,1696,3074,4093,4090,591,1948,16,12539,-19443,-19583,17875
1574,39697,168,514,1760,1026,4089,4079,607,156,16,16652,-15090,46225,21988
1575,39953,152,587,1008,3074,0,1,592,412,0,12557,-14834,46209,17893
1576,39953,152,562,800,2,0,0,592,668,0,12557,-14834,46209,17893
1577,39185,200,559,992,258,4095,4093,607,924,16,272,-15602,46257,5608
1578,39697,232,610,1760,1026,4095,4094,607,1180,16,-7922,-16115,46225,13802
1579,37137,136,795,1440,259,4092,4086,607,1436,16,16664,-13555,-19471,-10784
1580,41232,136,782,1824,3075,4089,4080,607,1692,16,16680,-17650,45809,-10800
1581,34319,56,882,544,4,4085,4069,607,1948,16,-3827,-10737,45377,9707
1582,33807,24,883,2016,1283,4095,4094,623,156,16,-12021,-11249,45345,1513
1583,32015,136,1091,288,260,3,7,608,412,0,16644,-13040,45457,30178
1584,31503,104,1055,688,1028,4095,4094,623,668,16,24838,-13552,45425,-27164
1585,32783,24,1026,544,4,4094,4091,623,924,16,-20223,-12272,45345,-6689
1586,39441,184,1067,2032,3075,10,26,608,1180,0,4327,-18929,-20607,-31239
1587,45839,40,890,416,4,4086,4071,623,1436,16,-24370,-25328,45329,-2542
1588,45839,40,886,1824,1027,0,0,608,1692,0,-24370,-25328,45329,-2542
1589,44559,120,846,624,1795,2,5,608,1948,0,-3895,-24048,45249,-23017
1590,47376,40,811,1760,3331,4091,4085,639,156,16,-24364,-21231,-20111,22050
1591,45840,136,846,1824,3075,4093,4090,639,412,16,206,-22766,-20015,-18916
1592,44816,72,886,1392,3843,1,4,624,668,0,16594,-23790,-20079,-2528
1593,44560,88,847,1328,3075,4095,4095,639,924,16,12499,-24046,-20063,-6623
1594,44048,56,863,1264,3,1,2,624,1180,0,20693,-23534,-20031,-14817
1595,44304,40,827,752,3075,0,1,624,1436,0,24788,-23790,-20015,-18912
1596,44048,24,783,48,3075,0,1,624,1692,0,20691,-23534,-19999,-14815
1597,42512,120,831,1632,2307,4093,4090,639,1948,16,-20275,-21998,-20095,26151
1598,42512,120,823,880,3,0,0,640,156,0,-20275,-21998,-20095,26151
1599,44303,8,830,1696,1027,4093,4089,655,412,16,16596,-20206,-20207,-2514
1600,45071,56,882,1456,1795,1,3,640,668,0,4305,-19438,-20159,-14805
1601,49168,56,790,1968,2819,4089,4080,655,924,16,4289,-15341,45121,-14821
1602,48656,24,822,992,2051,4095,4094,655,1180,16,12483,-14829,45153,-23015
1603,47888,72,794,48,1795,1,3,640,1436,0,198,-14061,45105,-10730
1604,47376,40,838,1312,1027,4095,4094,655,1692,16,-7996,-13550,45137,-2536
1605,46096,120,882,1264,771,2,5,640,1948,0,12479,-12269,45057,-23011
1606,45840,104,806,480,2051,0,1,656,156,0,8382,-12525,45041,-27108
1607,44560,184,783,688,1027,4094,4091,671,412,16,28857,-13805,45121,-6633
1608,43793,136,895,1696,1283,1,3,656,668,0,-24388,-14573,45073,5658
1609,44817,72,834,544,3,2,4,656,924,0,-8008,-13549,45009,22038
1610,41488,120,627,416,2306,5,13,656,1180,0,-20283,-10220,-20319,-31223
1611,45839,104,630,32,1026,7,17,656,1436,0,-16204,-14571,45489,30234
1612,49934,104,531,1904,3074,4089,4080,671,1692,16,-16188,-18666,-20303,30218
1613,49678,120,531,368,3074,4095,4095,671,1948,16,-12093,-18410,-20319,26123
1614,49934,136,567,672,3330,0,1,672,156,0,-7996,-18154,-20303,30220
1615,49934,136,522,96,1026,0,0,672,412,0,-7996,-18154,-20303,30220
1616,47119,216,539,1568,2306,4091,4085,687,668,16,-28465,-20969,45057,9751
1617,45838,40,631,1328,1026,2,5,672,924,0,16596,-22249,-20399,-10724
1618,46863,104,610,1136,2818,1,4,672,1180,0,208,-23273,-20463,5664
1619,48398,8,587,1776,3074,4093,4090,687,1436,16,24778,-24809,-20367,-18906
1620,48142,248,591,1312,3330,4095,4095,687,1692,16,20681,-24553,45185,-14809
1621,48654,216,555,880,1026,4095,4094,687,1948,16,12491,-25065,45217,-6619
1622,48910,232,567,928,3330,4095,4095,703,156,16,16588,-24809,45233,-2522
1623,50446,136,575,368,2050,2,6,688,412,0,-7982,-23274,45137,-27092
1624,50958,168,614,1824,1026,4095,4094,703,668,16,-16176,-22762,45169,30250
1625,51214,152,595,1120,3330,0,1,688,924,0,-12081,-22506,45153,-31191
1626,51982,200,519,416,3330,4094,4093,703,1180,16,-24372,-23274,45105,-18900
1627,49935,72,534,1120,2,4093,4088,703,1436,16,8404,-21226,-20559,13860
1628,50447,104,595,1440,2306,4095,4094,703,1692,16,16598,-21738,-20591,5666
1629,49678,152,598,1632,2,4095,4093,703,1948,16,28883,-20970,-20639,-6619
1630,49166,120,594,1504,1026,4095,4094,719,156,16,20689,-21482,-20671,-14813
1631,48398,168,803,176,2051,1,3,704,412,0,-32562,-22250,-20623,-2528
1632,47375,104,786,688,1795,4094,4092,719,668,16,-16174,-23274,-20687,13860
1633,48143,56,770,288,3,4095,4093,719,924,16,-3889,-22506,-20735,26145
1634,48399,72,782,96,2051,0,1,704,1180,0,-7986,-22762,-20751,30242
1635,48143,88,626,1712,1794,0,1,704,1436,0,-12081,-22506,-20767,-31199
1636,47119,24,610,1968,1794,4094,4092,719,1692,16,-28469,-21482,-20703,-14811
1637,47631,248,778,288,2051,4095,4094,719,1948,16,28877,-21994,44865,-6621
1638,41486,120,786,1824,2,10,24,720,156,0,-3915,-28140,-21055,26123
1639,48140,216,774,1456,2818,10,26,720,412,0,20687,-21485,-21471,-14811
1640,48908,8,542,752,3842,4094,4093,735,668,16,8396,-20717,44113,-27102
1641,41738,200,607,288,3331,4084,4068,735,924,16,24808,-27887,-20975,-10690
1642,41226,168,806,368,3843,0,2,720,1180,0,-32534,-27375,-20943,-18884
1643,47625,24,807,2032,2050,10,25,720,1436,0,4305,31763,44993,9813
1644,47113,248,622,1504,2,1,2,720,1692,0,-3889,32274,-20511,18007
1645,39431,216,618,736,3075,4083,4066,735,1948,16,-12111,-25580,-20991,26229
1646,39431,216,795,352,1283,0,0,736,156,0,-12111,-25580,-20991,26229
1647,32777,120,795,1776,3074,10,26,736,412,0,28823,-32234,-20575,1627
1648,31753,56,798,816,2819,4094,4092,751,668,16,-20325,32278,-20639,18015
1649,30216,152,854,736,2051,2,6,736,924,0,20641,30742,-20543,-6555
1650,29448,104,811,928,259,4095,4093,751,1180,16,-32604,31510,-20495,-18846
1651,29960,72,851,1504,1283,4095,4094,751,1436,16,-24414,30998,-20463,-27036
1652,29192,24,842,1456,3843,4094,4093,751,1692,16,28831,31766,-20415,-14745
1653,28424,72,802,176,1795,1,3,736,1948,0,-24420,32534,-20463,-27030
1654,29960,168,778,752,2819,4093,4090,767,156,16,162,-31465,-20367,-2448
1655,30984,104,819,368,3075,1,4,752,412,0,-16218,-30442,-20431,-18828
1656,30728,88,638,1824,3074,0,1,752,668,0,-12121,-30698,-20447,-14731
1657,33801,152,618,432,3842,4,12,752,924,0,-28517,-27625,44897,-31127
1658,34313,184,554,816,1794,4095,4094,767,1180,16,28825,-28137,44865,-22933
1659,34569,168,591,1120,2306,0,1,752,1436,0,-32616,-28393,44881,-27028
1660,33545,104,559,288,3330,1,4,752,1692,0,16532,-27369,44945,-10640
1661,30729,24,530,1440,2050,4091,4085,767,1948,16,-3959,-24553,-20767,9851
1662,31497,72,598,1008,1794,1,3,768,156,0,8332,-23784,-20719,22142
1663,29705,184,599,560,1026,3,7,768,412,0,-28539,-25576,-20607,-14729
1664,26890,8,554,1760,3074,4091,4085,783,668,16,16528,-28391,-20783,30338
1665,26634,24,582,928,3074,0,1,768,924,0,12433,-28647,-20767,26243
1666,27402,72,611,1184,2306,1,3,768,1180,0,142,-29415,-20815,-27002
1667,28426,8,598,1696,3074,4094,4092,783,1436,16,16522,-30439,-20751,22154
1668,29961,104,622,1120,2050,2,6,768,1692,0,-24432,-31975,-20847,-2428
1669,29193,152,631,1568,1282,1,3,768,1948,0,-12147,-31207,-20895,-14713
1670,28425,104,631,1520,2050,1,3,784,156,0,-24438,-31975,-20943,-27004
1671,29449,40,571,432,2,2,4,784,412,0,24718,-30951,-21007,22152
1672,30217,88,522,432,3842,4094,4093,799,668,16,12427,-30183,-20959,9861
1673,30473,72,562,672,2050,0,1,784,924,0,16522,-29927,-20975,13956
1674,30217,56,582,992,2050,0,1,784,1180,0,20619,-29671,-20959,9859
1675,30217,56,598,1376,2,0,0,784,1436,0,20619,-29671,-20959,9859
1676,29449,8,567,496,2050,1,3,784,1692,0,8328,-28903,-20911,22150
1677,21511,248,635,1056,2307,4083,4065,799,1948,16,4201,-20965,44129,26277
1678,22023,24,806,352,3,1,2,800,156,0,12395,-20453,-21375,-31065
1679,20487,120,582,480,2050,2,6,800,412,0,-28571,-21989,-21279,-6495
1680,21255,168,539,96,1282,1,3,800,668,0,24674,-21221,-21231,-18786
1681,20999,184,622,1648,1794,0,1,800,924,0,20579,-21477,-21215,-22881
1682,20487,152,587,1392,1026,4095,4094,815,1180,16,28773,-20965,-21183,-31075
1683,21511,88,606,1888,2050,4094,4092,815,1436,16,-20383,-21989,-21119,18081
1684,20743,40,514,304,3842,4094,4093,815,1692,16,-32674,-21221,-21071,30372
1685,23560,120,523,1312,2306,4091,4085,815,1948,16,-12183,-24038,44641,9881
1686,22023,24,594,608,3074,2,6,816,156,0,28771,-25574,44545,-14701
1687,19464,184,550,1568,1026,4092,4086,831,412,16,4185,-28133,44705,26249
1688,18696,136,595,944,2050,1,3,816,668,0,16476,-28901,44657,-26996
1689,20745,8,603,560,2050,3,8,816,924,0,-16300,-26853,44529,5764
1690,22537,120,547,1264,1026,4093,4089,831,1180,16,20557,-28645,44417,-31093
1691,22025,152,578,1184,2050,4095,4094,831,1436,16,12367,-28133,44385,-22903
1692,22281,168,598,1440,3074,4095,4095,831,1692,16,16464,-28389,44369,-27000
1693,23049,120,623,1456,1026,1,3,816,1948,0,4179,-29157,44417,-14715
1694,23049,120,571,928,258,0,0,832,156,0,4179,-29157,44417,-14715
1695,23305,104,579,1136,3074,4095,4095,847,412,16,84,-28901,44401,-18810
1696,22793,72,622,1968,770,4095,4094,847,668,16,8278,-29413,44369,-10616
1697,22537,88,631,1776,2050,0,1,832,924,0,4183,-29669,44385,-14711
1698,21769,40,586,1440,2,4095,4093,847,1180,16,16474,-28901,44433,-27002
1699,23305,200,542,1072,2818,4093,4090,847,1436,16,-24492,-30437,-21007,13964
1700,24328,8,570,496,2818,1,4,832,1692,0,-8104,-31461,44465,-2424
1701,24328,8,551,624,2,0,0,832,1948,0,-8104,-31461,44465,-2424
1702,23304,200,550,176,2818,1,4,848,156,0,-24492,-32485,-21135,-18812
1703,23816,168,602,1136,770,1,2,848,412,0,-32682,-31973,-21167,-27002
1704,23560,152,623,1632,2306,0,1,848,668,0,-28585,-32229,-21183,-22905
1705,22024,248,578,1584,3842,4093,4090,863,924,16,12381,31771,-21087,18061
1706,21768,232,575,800,3330,0,1,848,1180,0,16478,32027,-21071,13964
1707,21256,8,551,736,2306,4095,4094,863,1436,16,8288,32539,44433,22154
1708,21768,40,582,1312,1026,4095,4094,863,1692,16,16482,32027,44401,13960
1709,20743,104,591,1584,3074,4094,4092,863,1948,16,-32674,-32485,44337,-2420
1710,20231,72,554,816,1794,4095,4094,879,156,16,24668,32539,44305,-10614
1711,21511,248,574,1440,1026,4094,4091,879,412,16,4193,-31717,-21311,-31089
1712,18952,88,798,1440,1027,4092,4086,879,668,16,-20373,31259,-21471,9881
1713,23817,40,771,2032,1027,4088,4077,879,924,16,-8104,-29412,43761,22150
1714,27914,40,883,96,3331,6,16,864,1180,0,-8120,32027,-22031,22166
1715,31753,56,799,1968,1027,4090,4081,879,1436,16,-12231,28188,43745,26277
1716,32777,120,851,816,3,2,4,864,1692,0,4157,27165,43681,9889
1717,31752,184,827,432,3,2,4,864,1948,0,20537,28189,43617,-6491
1718,31496,168,603,1264,3074,0,1,880,156,0,16440,27933,43601,-10588
1719,24842,72,623,368,2051,4085,4070,895,412,16,-8162,21278,44017,30346
1720,18699,200,798,2032,3842,9,24,880,668,0,24630,15136,43633,-2398
1721,19724,136,826,496,2819,1,4,880,924,0,-24526,16160,43569,13982
1722,19724,136,823,864,259,0,0,880,1180,0,-24526,16160,43569,13982
1723,19212,168,795,608,1283,4095,4094,895,1436,16,-32716,16672,43537,22172
1724,17420,56,618,944,3842,2,7,880,1692,0,4141,18464,43649,-14685
1725,16396,120,614,2016,2050,4094,4092,895,1948,16,20521,19488,43585,-31065
1726,16140,104,866,1648,2819,4095,4095,911,156,16,16424,19232,43569,30374
1727,15116,168,823,432,3075,1,4,896,412,0,-32732,18208,43633,-18782
1728,15372,184,795,288,2307,0,1,896,668,0,28707,18464,43649,-22879
1729,15372,184,795,416,259,0,0,896,924,0,28707,18464,43649,-22879
1730,13836,88,822,1456,2819,4093,4090,911,1180,16,-12247,20000,43745,18075
1731,12044,200,854,608,3,3,7,896,1436,0,24624,21792,43633,-18796
1732,12300,216,842,1008,2819,0,1,896,1692,0,28721,21536,43617,-22893
1733,11532,8,826,608,1027,1,3,896,1948,0,-24530,22304,-21967,30358
1734,11532,8,607,1520,2,0,0,912,156,0,-24530,22304,-21967,30358
1735,11788,248,583,992,2306,0,1,912,412,0,-28625,22560,43553,26263
1736,11532,232,582,1008,1794,0,1,912,668,0,-24528,22304,43537,30360
1737,12300,184,583,816,1026,1,3,912,924,0,-12243,23072,43489,-22891
1738,16397,184,534,1952,3074,4089,4080,927,1180,16,-12259,18975,-22303,-22875
1739,17165,136,594,992,1026,1,3,912,1436,0,26,18208,-22255,30376
1740,17933,184,591,1520,2,4095,4093,927,1692,16,12317,17440,-22303,18085
1741,11019,104,595,48,3,4085,4069,927,1948,16,-8190,24353,-22735,-26944
1742,9995,40,839,1520,2051,4094,4092,943,156,16,-21301,23329,-22799,22204
1743,9995,40,859,1440,259,0,0,928,412,0,-21301,23329,-22799,22204
1744,7691,152,770,880,2819,4092,4087,943,668,16,12295,21026,42593,-6459
1745,7435,168,851,1120,3331,0,1,928,924,0,8200,20770,42609,-10554
1746,7179,152,802,608,3075,4095,4095,943,1180,16,12297,21026,42625,-14651
1747,6667,184,834,800,3,1,2,928,1436,0,4107,21538,42593,-6461
1748,5132,88,830,1584,2819,4093,4090,943,1692,16,-20475,23073,42689,18121
1749,3339,200,870,800,1027,3,7,928,1948,0,11467,24866,42577,-10544
1750,2827,168,803,304,3,1,2,944,156,0,3273,24354,42545,-18738
1751,3083,152,630,1776,1794,0,1,944,412,0,-822,24609,42529,-22833
1752,524,248,614,480,2050,4,10,944,668,0,-28665,22050,-23167,18137
1753,64523,87,538,944,3842,4093,4090,959,924,16,12301,20514,42465,-6433
1754,63755,39,567,544,1282,1,3,944,1180,0,24592,21282,42513,-18724
1755,63243,71,774,240,1795,4095,4094,959,1436,16,16402,21794,42481,-10534
1756,55309,87,795,1184,258,13,31,944,1692,0,23744,29728,42977,-14599
1757,56846,247,571,224,3330,2,6,944,1948,0,-826,28191,-22463,9971
1758,60687,231,630,240,1794,6,15,960,156,0,-8184,32032,43313,5890
1759,60687,231,591,1200,1026,0,0,960,412,0,-8184,32032,43313,5890
1760,62734,103,599,496,2050,3,8,960,668,0,24576,-31456,-22095,-26886
1761,64270,7,570,1520,2818,4093,4090,975,924,16,-13113,-29920,-22191,-2316
1762,56076,7,574,160,1027,4083,4064,975,1180,16,-16358,-21726,-21679,-2348
1763,55821,23,583,928,3330,0,1,960,1436,0,-20453,-21470,-21695,1747
1764,54797,215,515,368,3074,4094,4092,975,1692,16,28695,-20446,43905,18135
1765,54285,247,546,240,770,1,2,960,1948,0,-28651,-19934,43873,9945
1766,55053,39,538,672,2,4095,4093,991,156,16,-16360,-19166,-21615,22236
1767,54029,103,518,496,1794,4094,4092,991,412,16,20,-20189,-21551,-26920
1768,54541,135,558,864,2050,4095,4094,991,668,16,-8174,-19678,-21519,30422
1769,48139,23,619,160,259,4086,4071,991,924,16,20523,-26079,-21119,-6417
1770,47371,231,619,1376,1282,1,3,976,1180,0,-32722,-25311,44465,-18708
1771,46859,7,586,1312,2050,4095,4094,991,1436,16,24624,-24799,-21103,-10518
1772,46859,7,575,992,258,0,0,976,1692,0,24624,-24799,-21103,-10518
1773,48908,135,635,1120,1282,3,8,976,1948,0,-8136,-26848,44561,22242
1774,45323,167,519,1504,2306,4090,4082,1007,156,16,42,-30432,-21199,30420
1775,49674,151,530,2032,770,4089,4079,1007,412,16,-4037,-26082,44065,26341
1776,47370,7,535,1248,2306,4092,4087,1007,668,16,-32700,-28385,43921,-2322
1777,48395,199,531,672,2306,4094,4092,1007,924,16,-16320,-27361,-21679,14058
1778,47883,167,542,672,1026,4095,4094,1007,1180,16,-8126,-26849,-21647,5864
1779,49674,55,531,944,2050,4093,4089,1007,1436,16,20539,-28640,-21535,-22801
1780,48650,247,586,1504,3074,4094,4092,1007,1692,16,4151,-27616,44065,-6413
1781,47882,39,563,416,2306,1,3,992,1948,0,16436,-26848,-21519,-18698
1782,48906,103,562,1200,1794,4094,4092,1023,156,16,-32712,-25824,-21455,-2310
1783,49674,55,542,112,1794,1,3,1008,412,0,20539,-25056,-21503,-14595
1784,48906,7,566,496,1794,1,3,1008,668,0,-32706,-25824,-21551,-2304
1785,47370,103,578,1648,2818,4093,4090,1023,924,16,8260,-27360,-21455,-26874
1786,53003,199,631,96,259,4087,4074,1023,1180,16,-16338,32542,43729,-2276
1787,51468,39,603,2032,3074,4093,4090,1023,1436,16,24628,-31458,-21903,22294
1788,58634,231,634,736,3075,4084,4068,1023,1692,16,8272,26912,43185,-26886
1789,58378,247,783,304,3075,4095,4095,1023,1948,16,12367,27168,43169,-30981
1790,58634,7,778,32,2051,0,1,1024,156,0,16464,27424,-22351,-26884
1791,59914,183,775,608,259,4094,4091,1039,412,16,-4011,28703,43105,18177
1792,61705,39,851,544,259,3,7,1024,668,0,-32690,30495,-22319,-10502
1793,61705,39,783,160,1283,0,0,1024,924,0,-32690,30495,-22319,-10502
1794,61705,39,630,1840,770,0,0,1024,1180,0,-32690,30495,-22319,-10502
1795,61705,39,594,1312,2,0,0,1024,1436,0,-32690,30495,-22319,-10502
1796,53515,39,570,160,3,4083,4064,1039,1692,16,-32722,-26851,-21807,-10470
1797,52747,87,830,672,1027,1,3,1024,1948,0,-20437,-26083,-21855,-22755
1798,53259,119,803,752,1027,4095,4094,1055,156,16,-12243,-25571,-21823,-14561
1799,53515,103,822,688,2819,0,1,1040,412,0,-16338,-25315,-21839,-18656
1800,52491,39,862,1056,3075,1,4,1040,668,0,50,-26338,-21903,-2268
1801,53772,215,827,352,1283,2,5,1040,924,0,20525,-25058,43553,18207
1802,54284,247,803,672,2307,4095,4094,1055,1180,16,12331,-25570,43521,26401
1803,55564,167,851,800,259,2,5,1040,1436,0,-32730,-26850,43601,5926
1804,56075,199,822,992,2051,4095,4094,1055,1692,16,-24536,-27362,43569,-2268
1805,55307,247,870,1904,3843,4094,4093,1055,1948,16,-12251,-26594,43521,-14553
1806,53515,135,823,1520,2051,4093,4089,1071,156,16,24606,-28386,43409,22304
1807,52747,183,863,1200,1027,1,3,1056,412,0,-28645,-29154,43457,-30947
1808,53771,247,823,416,3331,1,4,1056,668,0,20503,-28130,43521,18201
1809,54283,215,790,544,1027,4095,4094,1071,924,16,28693,-27618,43489,26391
1810,54795,247,886,1648,3843,0,2,1056,1180,0,20499,-28130,43457,-30951
1811,50956,231,870,32,1027,6,15,1056,1436,0,24610,-24291,-22319,30474
1812,52748,87,870,864,3,3,7,1056,1692,0,-12247,-26083,43105,1795
1813,52491,103,778,32,2051,0,1,1056,1948,0,-8152,-25827,43089,-2300
1814,46858,7,786,2032,770,9,22,1072,156,0,-32750,-31460,-22799,-26898
1815,54024,71,786,1376,3074,11,28,1072,412,0,-16338,-24294,-23247,-10486
1816,56072,199,567,1648,2,4093,4088,1087,668,16,16422,-22246,-23119,22274
1817,56328,183,606,1392,1794,0,1,1072,924,0,20517,-21990,-23135,26369
1818,58376,55,583,1888,258,4093,4088,1087,1180,16,-12259,-24039,42273,-6391
1819,58120,71,595,1376,3330,4095,4095,1087,1436,16,-16354,-23783,42257,-2296
1820,58120,71,602,1440,2,0,0,1072,1692,0,-16354,-23783,42257,-2296
1821,58889,23,794,96,1027,1,3,1072,1948,0,-28639,-24551,42305,9989
1822,58889,23,787,240,1027,0,0,1088,156,0,-28639,-24551,42305,9989
1823,52490,167,782,1632,2050,10,25,1088,412,0,8200,-30949,-22831,-18708
1824,52490,167,638,1952,1026,0,0,1088,668,0,8200,-30949,-22831,-18708
1825,54027,71,819,1440,2307,4093,4090,1103,924,16,-32766,-29413,-22927,5862
1826,54283,87,815,624,2051,0,1,1088,1180,0,28673,-29669,-22943,9959
1827,54539,71,839,1200,3075,4095,4095,1103,1436,16,-32768,-29925,-22927,5864
1828,60937,215,779,1648,1026,10,25,1088,1692,0,4121,29213,42209,-31025
1829,59657,39,623,1184,1282,2,5,1088,1948,0,24596,30493,-23407,14036
1830,59913,55,578,1120,3074,4095,4095,1119,156,16,28693,30749,-23391,18133
1831,61192,231,554,96,1026,2,5,1104,412,0,8218,32029,42065,-2342
1832,64520,183,526,1568,3074,4090,4083,1119,668,16,20493,-30180,-23263,9933
1833,64520,183,599,1312,1282,0,0,1104,924,0,20493,-30180,-23263,9933
1834,64264,167,599,1264,2050,0,1,1104,1180,0,24590,-29924,-23247,5836
1835,1031,24,602,496,2818,3,9,1104,1436,0,-4091,-32228,-23103,-31019
1836,775,8,526,32,3074,0,1,1104,1692,0,-8188,-31972,-23087,-26922
1837,65031,87,523,688,2,4094,4091,1119,1948,16,15564,-30691,-23167,18139
1838,7,120,602,1136,770,1,2,1120,156,0,20481,-30179,-23135,26333
1839,64775,167,587,800,2306,1,3,1120,412,0,-29493,-30947,-23087,-26918
1840,64775,167,534,304,770,0,0,1120,668,0,-29493,-30947,-23087,-26918
1841,519,88,563,1264,1026,4094,4091,1135,924,16,-9018,-29667,-23167,-6443
1842,3592,24,631,624,2,5,12,1120,1180,0,7354,-32739,42177,-22815
1843,3592,24,546,496,770,0,0,1120,1436,0,7354,-32739,42177,-22815
1844,4616,88,563,352,3330,1,4,1120,1692,0,23742,31773,42113,26333
1845,4360,104,539,304,2050,0,1,1120,1948,0,27837,32029,42097,22238
1846,4360,104,599,1328,1026,0,0,1136,156,0,27837,32029,42097,22238
1847,3848,136,603,1632,1282,4095,4094,1151,412,16,-29509,31517,42129,30428
1848,2824,72,582,672,3074,1,4,1136,668,0,-13121,30493,42065,-18720
1849,3592,24,591,928,1282,1,3,1136,924,0,-836,31261,42017,-6435
1850,3336,8,623,1632,2306,0,1,1136,1180,0,3261,31518,42033,-10532
1851,4360,200,566,432,2818,1,4,1136,1436,0,19641,30494,-23439,-26912
1852,5640,24,546,1008,770,4094,4091,1151,1692,16,-25410,29214,42017,18139
1853,3847,136,566,1520,1794,4093,4089,1151,1948,16,3255,31007,41905,-10526
1854,3847,136,630,1888,2,0,0,1152,156,0,3255,31007,41905,-10526
1855,65288,135,639,352,2306,6,16,1152,412,0,3239,26912,-23375,-10542
1856,64776,103,570,1072,1794,4095,4094,1167,668,16,11433,26400,-23407,-2348
1857,64008,151,599,1056,1282,1,3,1152,924,0,-852,25631,-23359,-14633
1858,64008,151,639,2016,258,0,0,1152,1180,0,-852,25631,-23359,-14633
1859,62985,215,631,1456,3074,1,4,1152,1436,0,-17232,26655,-23423,1747
1860,62985,215,586,1184,2,0,0,1152,1692,0,-17232,26655,-23423,1747
1861,64265,135,603,1888,1282,4094,4091,1167,1948,16,27829,25375,-23343,22222
1862,63497,87,615,1264,2050,1,3,1168,156,0,15538,24607,-23391,9931
1863,63241,103,586,1264,2818,4095,4095,1183,412,16,19633,24351,-23375,14026
1864,65288,231,583,1952,3330,4092,4088,1183,668,16,-13143,26398,-23247,-18750
1865,62984,119,574,1840,2818,4092,4087,1183,924,16,15538,24094,42433,9931
1866,62472,87,534,48,770,1,2,1168,1180,0,23732,24606,42465,1737
1867,61192,167,522,672,2,4094,4091,1183,1436,16,3257,25886,42385,22212
1868,60424,119,547,240,1026,1,3,1168,1692,0,-9034,26653,42433,-31033
1869,56583,103,518,1584,770,4090,4081,1183,1948,16,-13145,30494,-23343,-26922
1870,55559,39,606,1888,2050,4094,4092,1199,156,16,-29533,29470,-23407,22226
1871,56583,231,599,1760,2306,4094,4092,1199,412,16,19623,30494,42065,5846
1872,56071,199,583,1264,2050,4095,4094,1199,668,16,27817,29982,42033,14040
1873,56071,199,570,928,2,0,0,1184,924,0,27817,29982,42033,14040
1874,56839,247,559,432,1026,1,3,1184,1180,0,15526,29214,41985,26331
1875,63493,87,378,496,2818,4085,4070,1199,1436,16,-9076,22559,-23135,-14603
1876,65029,183,603,752,3074,2,6,1184,1692,0,15506,21024,-23231,26351
1877,8455,136,603,1008,3075,4081,4061,1199,1948,16,3253,12062,-22671,-26932
1878,8967,168,886,2032,1795,4095,4094,1215,156,16,11447,12574,-22639,-18738
1879,8455,200,786,432,1795,4095,4094,1215,412,16,19637,12062,-22607,-10548
1880,7688,152,887,1568,1283,1,3,1200,668,0,31928,11294,-22655,1743
1881,8456,104,883,1520,1027,1,3,1200,924,0,-21323,12062,-22703,14028
1882,8200,88,878,1584,2819,0,1,1200,1180,0,-17226,12318,-22687,9931
1883,8456,72,783,96,2307,0,1,1200,1436,0,-13131,12062,-22671,5836
1884,11783,24,799,1776,3,4091,4083,1215,1692,16,-25406,8735,42657,18111
1885,12039,8,867,1392,3075,0,1,1200,1948,0,-29501,8479,42673,22206
1886,10759,184,847,1776,3,4094,4091,1231,156,16,15550,7199,-22943,1721
1887,8967,40,870,816,771,3,7,1216,412,0,-21321,5407,42705,30386
1888,7943,232,834,1376,3075,4094,4092,1231,668,16,-4933,4383,-22895,-18762
1889,7943,232,831,992,259,0,0,1216,924,0,-4933,4383,-22895,-18762
1890,8967,40,815,240,3,2,4,1216,1180,0,-21321,3359,42577,-2374
1891,8712,56,867,1456,2051,0,1,1216,1436,0,-25416,3615,42561,1721
1892,8967,72,854,1248,2051,0,1,1216,1692,0,-21319,3359,42545,-2376
1893,8199,120,802,176,1795,1,3,1216,1948,0,-9034,4127,42497,-14661
1894,8199,120,779,96,1283,0,0,1232,156,0,-9034,4127,42497,-14661
1895,11526,168,870,224,2051,5,13,1232,412,0,3267,7455,-23247,-2360
1896,11526,168,851,1312,259,0,0,1232,668,0,3267,7455,-23247,-2360
1897,12295,120,846,880,1795,1,3,1232,924,0,15552,8223,-23295,9925
1898,12807,152,802,672,2051,4095,4094,1247,1180,16,7358,7711,-23327,18119
1899,9991,72,799,1584,3075,4091,4085,1247,1436,16,27849,10526,42033,-2372
1900,9224,24,822,544,1027,1,3,1232,1692,0,15558,11294,42081,9919
1901,8968,40,786,352,3075,4095,4095,1247,1948,16,19653,11550,42065,5824
1902,7943,232,770,352,3075,4094,4092,1263,156,16,3265,10526,-23535,-10564
1903,9991,104,835,1904,3075,4092,4088,1263,412,16,-29495,12573,-23663,22212
1904,14086,104,891,288,2307,6,16,1248,668,0,-29511,16668,42129,22196
1905,13318,152,887,1568,1283,1,3,1248,924,0,23740,15900,42177,9911
1906,13318,152,815,672,1283,0,0,1248,1180,0,23740,15900,42177,9911
1907,13830,120,814,944,771,4095,4094,1263,1436,16,31930,15388,42209,1721
1908,11526,232,830,1888,2051,4092,4087,1263,1692,16,-4943,17691,-23183,-26942
1909,12806,152,818,1248,1027,4094,4091,1263,1948,16,-25418,16411,-23103,-6467
1910,12038,104,838,800,1027,1,3,1264,156,0,27827,15643,-23151,-18758
1911,11526,136,798,672,1027,4095,4094,1279,412,16,-29519,15131,-23119,-10568
1912,5384,8,798,2032,3842,9,24,1264,668,0,3273,8989,42033,22224
1913,64774,135,639,432,1027,4086,4072,1279,924,16,-32748,2843,-23119,-10520
1914,775,232,783,816,3075,4093,4090,1279,1180,16,8206,1307,-23215,14062
1915,2054,152,635,1440,258,2,5,1264,1436,0,28681,27,-23135,-6413
1916,3078,216,550,928,3074,4094,4092,1279,1692,16,-20467,-997,-23200,-22801
1917,1030,88,554,1456,3842,4092,4088,1279,1948,16,12293,1052,42209,9975
1918,2054,152,606,1056,3074,1,4,1280,156,0,28681,2076,42273,26363
1919,2822,104,543,752,2,4095,4093,1295,412,16,16396,2844,42225,14078
1920,3845,168,618,1200,3842,1,4,1280,668,0,8,3868,42289,-2310
1921,6150,24,555,1584,2050,4092,4087,1295,924,16,-25396,6172,42145,-30991
1922,6662,56,598,1072,770,1,2,1280,1180,0,31946,5660,42113,-22797
1923,8710,184,527,1056,3330,4092,4088,1295,1436,16,-830,3612,-23295,9979
1924,9477,232,599,1056,1282,1,3,1280,1692,0,11461,2845,-23343,-2312
1925,10246,184,586,1440,2,4095,4093,1295,1948,16,-824,2076,-23295,9973
1926,9734,152,579,800,258,1,2,1296,156,0,-9018,1564,-23327,1779
1927,9478,168,590,1264,3842,4095,4095,1311,412,16,-4923,1308,-23311,5874
1928,9989,200,558,880,1794,4095,4094,1311,668,16,-13117,1820,-23279,-2320
1929,8453,40,547,1184,2306,4093,4090,1311,924,16,27849,284,42353,-26890
1930,7685,248,563,480,1282,1,3,1296,1180,0,-25396,1052,-23135,26355
1931,7173,24,598,1520,1794,4095,4094,1311,1436,16,28673,1564,42369,-30991
1932,8709,120,590,1776,3842,4093,4090,1311,1692,16,-12281,28,42273,9963
1933,14598,8,779,1824,2306,9,23,1296,1948,0,24606,-5861,-22896,-26924
1934,14086,232,614,1824,1026,4095,4094,1327,156,16,16412,-6373,42608,30418
1935,13062,40,811,224,3331,1,4,1312,412,0,-32744,-7397,-22864,-18738
1936,13062,40,787,288,259,0,0,1312,668,0,-32744,-7397,-22864,-18738
1937,13830,248,579,1328,2,4095,4093,1327,924,16,-20459,-6629,42624,-6453
1938,14599,40,591,880,2050,1,3,1312,1180,0,-32750,-7397,-22960,5838
1939,14087,72,546,304,3842,0,2,1312,1436,0,24596,-6885,-22992,14028
1940,14855,120,538,96,1026,1,3,1312,1692,0,-28649,-7653,-23040,1737
1941,12294,24,638,944,770,4,10,1312,1948,0,12301,-5092,42336,26323
1942,12806,56,534,544,1026,4095,4094,1343,156,16,20495,-4580,42368,-31019
1943,6152,216,615,240,2051,4085,4070,1343,412,16,-830,-11235,-22752,9915
1944,7431,40,783,672,1283,4094,4091,1343,668,16,-21315,-9955,42864,-10570
1945,13577,168,783,1776,2,10,24,1328,924,0,11429,-3809,42480,22174
1946,14089,200,622,1968,770,4095,4094,1343,1180,16,3235,-4321,42448,30368
1947,15113,136,595,816,2,2,4,1328,1436,0,19615,-5345,42512,13988
1948,15881,184,570,1184,2,4095,4093,1343,1692,16,31906,-6113,42464,1697
1949,16137,168,618,1584,1794,0,1,1328,1948,0,27811,-6369,42480,5792
1950,15624,136,562,928,2050,4095,4094,1359,156,16,19617,-6881,42448,-2402
1951,15369,152,543,304,3074,0,1,1344,412,0,23712,-7137,42464,1693
1952,14345,88,527,624,2050,4094,4092,1359,668,16,-25436,-8161,42400,18081
1953,13833,120,554,432,3842,0,2,1344,924,0,31910,-8673,42432,9891
1954,20234,8,778,1632,1026,10,25,1344,1180,0,-4979,-15075,42032,-18756
1955,19210,72,615,1184,3330,1,4,1344,1436,0,-21359,-14051,41968,-2376
1956,20746,168,622,1056,3074,2,6,1344,1692,0,3223,-15586,41872,-26958
1957,21514,120,546,816,3842,4094,4093,1359,1948,16,-9062,-16355,41920,-14673
1958,20490,56,570,480,3074,1,4,1360,156,0,-25450,-17379,41856,-31061
1959,24841,40,638,224,2,7,17,1360,412,0,-29529,-13028,-23952,30396
1960,24073,248,547,160,2306,1,3,1360,668,0,-17238,-13796,41536,-22849
1961,20488,216,527,1632,2306,4090,4082,1375,924,16,-9032,-17381,-23776,-14643
1962,21000,248,614,1840,770,4095,4094,1375,1180,16,-17226,-17893,-23808,-6449
1963,19977,56,551,1008,2050,4094,4092,1375,1436,16,31930,-16869,41664,9931
1964,20489,88,574,1120,2050,4095,4094,1375,1692,16,-25412,-17381,41632,1737
1965,14087,232,626,304,3843,4085,4071,1375,1948,16,11427,-10979,-24304,30434
1966,14855,24,806,288,1027,1,3,1376,156,0,23718,-10211,41280,-22811
1967,8969,136,778,1776,2818,9,23,1376,412,0,-13169,-16098,-23888,5838
1968,8713,120,583,1200,3074,4095,4095,1391,668,16,-9072,-16354,-23904,9935
1969,8201,152,618,1440,2,1,2,1376,924,0,-17262,-16866,-23872,1745
1970,8201,152,603,1376,1282,0,0,1376,1180,0,-17262,-16866,-23872,1745
1971,2314,8,787,1904,3074,9,23,1376,1436,0,19625,-10979,-24240,30394
1972,2058,248,818,880,2819,4095,4095,1391,1692,16,15528,-10723,41312,-31045
1973,64521,183,862,224,3,5,12,1376,1948,0,-868,-7651,-24416,-14649
1974,63497,119,859,992,3331,1,4,1392,156,0,-17256,-8675,-24480,-31037
1975,63497,119,810,624,771,0,0,1392,412,0,-17256,-8675,-24480,-31037
1976,62985,87,858,1184,3,1,2,1392,668,0,-9062,-9187,-24512,-22843
1977,62473,119,830,1200,771,4095,4094,1407,924,16,-17252,-9699,-24480,-31033
1978,59912,215,850,160,2051,4,10,1392,1180,0,23718,-7138,41216,-6467
1979,64263,199,890,112,771,7,17,1392,1436,0,27797,-11489,-24048,-10546
1980,62472,87,890,1120,1027,3,7,1392,1692,0,-882,-9698,-23936,18133
1981,61448,151,798,880,1795,4094,4092,1407,1948,16,15498,-8673,-24000,1753
1982,59911,55,823,1456,3075,4093,4090,1423,156,16,-9084,-10210,-24096,-22829
1983,59143,103,882,1456,1795,1,3,1408,412,0,3201,-10977,-24048,-10544
1984,58887,87,834,1136,2819,4095,4095,1423,668,16,7298,-11233,-24064,-6447
1985,60936,215,822,1632,3,4093,4088,1423,924,16,-25478,-9185,41344,26313
1986,61192,231,871,1504,2307,0,1,1408,1180,0,-29575,-9441,41328,30410
1987,60168,39,895,1520,3,2,4,1408,1436,0,19581,-8417,-24272,-18746
1988,59656,7,807,752,2051,4095,4094,1423,1692,16,11387,-7905,-24240,-10552
1989,60937,183,818,1312,3,4094,4091,1423,1948,16,-9088,-9186,41376,9923
1990,57864,247,863,176,1027,5,12,1424,156,0,7284,-12258,-24352,26295
1991,57864,247,782,160,1027,0,0,1424,412,0,7284,-12258,-24352,26295
1992,54025,7,882,176,1795,6,15,1424,668,0,3203,-16097,-24592,22214
1993,55049,199,886,1392,3843,1,4,1424,924,0,19583,-15073,40880,-26942
1994,54793,183,851,1120,3331,0,1,1424,1180,0,23680,-14817,40896,-31039
1995,55817,119,839,688,3075,1,4,1424,1436,0,-25476,-15841,40960,18117
1996,55817,119,843,1184,259,0,0,1424,1692,0,-25476,-15841,40960,18117
1997,59402,151,875,160,259,6,14,1424,1948,0,-17270,-19426,-24352,9911
1998,59658,167,795,224,3331,0,1,1440,156,0,-13173,-19170,-24336,14008
1999,57354,55,891,928,259,4,9,1440,412,0,23682,-21473,41344,-14673
2000,57354,55,831,928,1283,0,0,1440,668,0,23682,-21473,41344,-14673
2001,56586,103,890,1584,1795,1,3,1440,924,0,11397,-22241,41392,-26958
2002,55818,55,819,1072,3,4095,4093,1455,1180,16,23688,-21473,41440,26287
2003,56330,23,855,1520,2051,4095,4094,1455,1436,16,31878,-21985,41472,18097
2004,56074,7,870,1712,2819,4095,4095,1455,1692,16,27781,-21729,41488,22194
2005,55306,55,891,1632,1283,1,3,1440,1948,0,-25470,-20961,41440,9909
2006,56842,151,842,1712,3843,4093,4090,1471,156,16,-888,-19425,41536,-31045
2007,55818,215,843,1520,3075,4094,4092,1471,412,16,15492,-20448,41600,-14665
2008,55306,183,866,1312,3,1,2,1456,668,0,23686,-20960,41568,-6471
2009,56331,119,839,688,3075,1,4,1456,924,0,-25470,-19936,41504,9909
2010,56075,103,806,416,3075,0,1,1456,1180,0,-21373,-19680,41520,5812
2011,54027,231,782,1008,3843,4092,4088,1471,1436,16,11403,-17632,41392,-26964
2012,53515,199,790,96,3,1,2,1456,1692,0,3209,-17120,41424,-18770
2013,53259,215,779,240,3075,4095,4095,1471,1948,16,7304,-16864,41408,-22865
2014,53771,247,627,1584,2,1,2,1472,156,0,15498,-16352,41440,-14671
2015,54283,215,614,1840,770,4095,4094,1487,412,16,7308,-15840,41408,-22861
2016,59658,39,779,1968,2,9,21,1472,668,0,-13193,-10466,41744,22174
2017,60682,231,602,1776,2818,4094,4092,1487,924,16,3187,-9441,-23856,-26982
2018,59914,183,618,1968,3842,4094,4093,1487,1180,16,15478,-8673,-23808,26263
2019,52236,151,826,1840,1794,12,30,1472,1436,0,23700,-995,-24288,18041
2020,54027,7,602,624,770,3,7,1472,1692,0,-13157,-2787,41136,-10638
2021,60173,135,619,32,2307,4086,4072,1487,1948,16,19635,-8932,41520,22106
2022,59149,71,807,176,3075,1,4,1488,156,0,3247,-9956,41456,5718
2023,60172,7,822,368,3843,1,4,1488,412,0,-13133,-8933,41392,-10662
2024,54286,151,790,2016,2050,9,23,1488,668,0,15562,-14819,41024,18033
2025,56078,39,627,1072,2,3,7,1488,924,0,-21309,-13027,40912,-18838
2026,57615,135,542,1056,3074,4093,4090,1503,1180,16,19645,-14563,40816,5744
2027,57615,135,558,688,770,0,0,1488,1436,0,19645,-14563,40816,5744
2028,56335,55,574,368,1794,2,5,1488,1692,0,-840,-13284,40896,26229
2029,55567,103,574,1264,3842,4094,4093,1503,1948,16,11445,-12515,40848,13944
2030,56335,151,635,1648,1026,1,3,1504,156,0,23736,-11747,40896,26235
2031,56079,167,546,368,2818,0,1,1504,412,0,27831,-12003,40912,30330
2032,55567,135,555,800,2306,4095,4094,1519,668,16,-29511,-12515,40880,-27012
2033,56335,87,571,1200,2,4095,4093,1519,924,16,-17226,-11747,40832,-14727
2034,56335,87,794,416,3,0,0,1504,1180,0,-17226,-11747,40832,-14727
2035,56079,103,598,1184,3074,0,1,1504,1436,0,-21321,-11491,40816,-10632
2036,63246,39,770,1136,2818,11,28,1504,1692,0,24582,-18657,40368,5724
2037,64270,231,578,1456,1794,4094,4092,1519,1948,16,8202,-19681,-25104,22104
2038,64526,247,627,1888,3330,4095,4095,1535,156,16,12299,-19425,-25088,26201
2039,6156,56,770,1184,2050,11,28,1520,412,0,28711,-12259,40000,-22923
2040,6668,88,542,608,2050,4095,4094,1535,668,16,20517,-11747,40032,-31117
2041,5132,184,551,1200,3074,4093,4090,1535,924,16,-4053,-13284,40128,9849
2042,5132,184,587,1120,1282,0,0,1520,1180,0,-4053,-13284,40128,9849
2043,3852,8,571,1440,258,4094,4091,1535,1436,16,-24528,-12004,-25488,30324
2044,3340,232,598,1072,770,1,2,1520,1692,0,-32722,-11492,40080,-27018
2045,64267,7,523,1968,2,4089,4078,1535,1948,16,-24548,-6883,39792,30344
2046,61706,103,519,1072,1026,4092,4086,1551,156,16,18,-9443,-25904,-10626
2047,63242,7,539,992,3330,4093,4090,1551,412,16,-24552,-7908,-26000,30340
2048,64522,87,570,304,1794,2,5,1536,668,0,20499,-6628,-25920,9855
2049,64266,103,578,928,2050,0,1,1536,924,0,16404,-6884,-25904,5760
2050,62729,7,530,880,2818,4093,4090,1551,1180,16,-24550,-5348,-25808,-18822
2051,62473,23,558,560,2818,0,1,1536,1436,0,-28645,-5092,-25824,-14727
2052,62217,7,583,1184,3330,4095,4095,1551,1692,16,-32742,-4836,-25808,-10630
2053,60425,119,590,496,3842,2,7,1536,1948,0,-4077,-3044,-25920,26241
2054,62729,7,546,1440,2050,4092,4087,1567,156,16,-32740,-739,39760,-2422
2055,54284,23,603,752,3075,4082,4063,1567,412,16,-25400,-9185,40288,1641
2056,53516,231,814,352,2051,1,3,1552,668,0,-13109,-9953,-25296,13932
2057,47370,103,631,288,1283,4086,4072,1567,924,16,16406,-16098,-24912,-18812
2058,47370,103,818,752,771,0,0,1552,1180,0,16406,-16098,-24912,-18812
2059,48138,55,858,1072,1795,1,3,1552,1436,0,28691,-16866,-24864,-31097
2060,41996,183,794,1968,3842,9,24,1552,1692,0,-824,-10724,-24480,1695
2061,47373,103,778,1968,3842,8,21,1552,1948,0,-24560,-16101,41392,22154
2062,49165,215,634,1200,3842,2,7,1568,156,0,4119,-14308,41504,-14703
2063,51213,87,554,1456,3842,4092,4088,1583,412,16,-28641,-12261,41376,18073
2064,51213,87,631,1824,1282,0,0,1568,668,0,-28641,-12261,41376,18073
2065,51981,39,774,352,3,4095,4093,1583,924,16,-16356,-11493,41328,30358
2066,57614,135,779,1888,1282,9,22,1568,1180,0,24582,-17126,-24560,-10580
2067,55311,23,618,688,3842,3,9,1568,1436,0,-12273,-14823,40832,26275
2068,51728,55,538,1840,1794,4090,4082,1583,1692,16,-4095,-11240,-24480,18097
2069,50704,119,623,1264,2,2,4,1568,1948,0,15562,-10215,-24544,1717
2070,46350,103,626,32,2,7,17,1584,156,0,11449,-14568,40720,-2396
2071,44815,199,519,736,2306,4093,4090,1599,412,16,-29517,-16104,40816,22174
2072,47118,87,514,880,2818,4092,4087,1599,668,16,-854,-13801,-24576,-14699
2073,48399,7,574,368,1794,2,5,1584,924,0,19621,-12520,-24656,5776
2074,49679,87,571,1440,258,4094,4091,1599,1180,16,-864,-13801,-24736,26261
2075,48399,167,607,2032,2,4094,4091,1599,1436,16,-21339,-12521,-24816,-18800
2076,50191,23,787,944,2051,4093,4089,1599,1692,16,7340,-14312,40608,18057
2077,50191,23,806,608,3,0,0,1584,1948,0,7340,-14312,40608,18057
2078,57361,215,799,1632,2306,11,28,1600,156,0,-9016,-7143,-24480,1701
2079,57361,215,586,1136,770,0,0,1600,412,0,-9016,-7143,-24480,1701
2080,54545,39,539,1584,2050,4091,4085,1615,668,16,-32762,-9958,-24656,-18768
2081,57874,87,522,1440,2,4091,4083,1615,924,16,23750,-6629,40672,-31069
2082,64788,7,555,1904,1025,11,27,1600,1180,0,-21333,-13543,40240,14014
2083,64532,23,543,304,3074,0,1,1600,1436,0,-25428,-13287,40224,18109
2084,56854,55,378,944,3842,4083,4066,1615,1692,16,-17266,-5609,40704,9947
2085,59158,167,563,1696,2306,4092,4087,1615,1948,16,11415,-7913,-24688,-18734
2086,56598,7,606,432,770,4,10,1616,156,0,-29555,-10474,-24848,5832
2087,54038,167,570,1968,3842,4091,4086,1631,412,16,11395,-13033,-24688,-18754
2088,61460,119,618,608,1027,4084,4067,1631,668,16,23654,-5611,-24224,-6495
2089,60180,199,810,1120,1027,4094,4091,1631,924,16,3179,-6891,-24144,-26970
2090,57107,7,851,32,259,5,12,1616,1180,0,-13193,-3819,-23952,-10598
2091,58387,183,870,1008,1795,2,5,1616,1436,0,7282,-5098,41664,-31073
2092,58387,183,778,160,3,0,0,1616,1692,0,7282,-5098,41664,-31073
2093,58131,199,635,2016,3330,4095,4095,1631,1948,16,11377,-4842,41648,30368
2094,58899,247,595,1008,1026,1,3,1632,156,0,23668,-4074,41696,-22877
2095,57875,55,563,304,2,2,4,1632,412,0,-25488,-5098,-23776,-6497
2096,56596,231,575,1456,1026,4094,4091,1647,668,16,-5003,-6378,41680,13988
2097,65302,199,554,48,1795,4082,4062,1647,924,16,3155,2329,41137,22146
2098,534,248,602,1120,1026,1,3,1632,1180,0,-9136,1560,41089,-31099
2099,4629,248,519,1760,2306,4089,4080,1647,1436,16,-9152,-2535,-24192,-31083
2100,3861,200,559,1008,2,4095,4093,1647,1692,16,-21443,-1767,-24144,-18792
2101,4885,136,594,1712,1794,4094,4092,1647,1948,16,27713,-2791,-24080,-2412
2102,4117,88,615,1248,2306,1,3,1648,156,0,15422,-3559,-24128,-14703
2103,5653,248,579,368,3074,2,6,1648,412,0,-9148,-2024,41312,26263
2104,5653,248,547,544,258,0,0,1648,668,0,-9148,-2024,41312,26263
2105,5909,232,554,496,2818,0,1,1648,924,0,-5053,-1768,41296,30358
2106,10518,8,514,1888,3074,4088,4078,1663,1180,16,-13263,-6377,41008,-26968
2107,11030,232,635,1696,258,1,2,1648,1436,0,-5073,-6889,-24496,30378
2108,9494,136,607,880,2050,2,6,1648,1692,0,-29655,-5353,-24400,-10576
2109,9750,120,567,688,3074,0,1,1648,1948,0,31786,-5609,-24384,-6481
2110,8726,56,614,1952,3074,4094,4092,1679,156,16,15398,-6633,-24448,-22869
2111,13589,8,518,2016,2050,4088,4077,1679,412,16,3129,-1770,40784,30398
2112,13077,232,618,1904,770,4095,4094,1679,668,16,11323,-2282,-24784,-26944
2113,11285,88,619,928,258,3,7,1664,924,0,-17342,-4075,40864,9927
2114,16406,152,515,2032,1025,8,20,1664,1180,0,31790,-9196,-24992,26331
2115,16918,120,515,160,2306,4095,4094,1679,1436,16,-25556,-9708,-24960,18141
2116,17430,152,542,176,770,1,2,1664,1692,0,-17362,-10220,-24992,9947
2117,23575,24,370,160,2050,4086,4072,1679,1948,16,15430,-16365,40928,-22845
2118,29977,168,379,432,2,4086,4071,1695,156,16,-13217,-9964,-24208,14044
2119,29465,200,371,1968,2049,4095,4094,1695,412,16,-5027,-10476,-24176,22234
2120,22299,8,522,1248,3073,11,28,1680,668,0,-21383,-17642,40912,5878
2121,23835,168,370,1120,3073,2,6,1680,924,0,3187,-16105,-24720,30448
2122,23579,152,310,736,2049,0,1,1680,1180,0,7284,-15849,-24704,26351
2123,25115,56,314,224,3073,2,6,1680,1436,0,31854,-17385,-24608,1781
2124,27930,232,263,1248,2305,4091,4085,1695,1692,16,11385,-20200,-24784,22250
2125,27418,8,327,1328,1025,4095,4094,1695,1948,16,19575,-19688,40720,14060
2126,26393,200,290,864,3073,4094,4092,1711,156,16,3187,-20712,-24880,-2328
2127,27161,152,351,1824,3329,4094,4093,1711,412,16,-9098,-19945,-24928,-14613
2128,27929,200,374,1520,1793,1,3,1696,668,0,-21389,-19177,-24880,-26904
2129,28953,136,351,1888,2305,4094,4092,1711,924,16,-5009,-18153,-24944,-10524
2130,32026,72,374,608,1,5,12,1696,1180,0,11363,-21225,40400,-26896
2131,33306,248,343,1824,1281,4094,4091,1711,1436,16,31838,-22505,-25056,18165
2132,32794,216,515,176,2050,4095,4094,1711,1692,16,23644,-21993,-25024,26359
2133,35098,72,567,1760,2306,4092,4087,1711,1948,16,-13211,-24298,-24880,-2322
2134,32026,136,607,176,1026,5,12,1712,156,0,3161,-27370,40464,14050
2135,28443,104,534,1760,2050,4090,4082,1727,412,16,-5045,-30954,-24848,5844
2136,27675,56,562,480,1026,1,3,1712,668,0,7246,-31721,-24896,18135
2137,27931,40,530,160,2050,0,1,1712,924,0,11341,-31465,-24912,22230
2138,27163,248,583,752,2050,1,3,1712,1180,0,23632,-30697,40672,9939
2139,28954,136,575,224,258,3,7,1712,1436,0,-13239,-32489,40784,-18726
2140,27930,72,630,1440,3074,1,4,1712,1692,0,-29627,-31465,40848,-2338
2141,28699,24,611,1248,1282,1,3,1712,1948,0,23624,-32233,40896,9947
2142,28699,24,634,1888,1026,0,0,1728,156,0,23624,-32233,40896,9947
2143,33050,8,522,1904,770,4089,4079,1743,412,16,19545,-27882,-24912,5868
2144,36889,248,631,304,1026,6,15,1728,668,0,23626,-24043,-24672,9949
2145,38681,136,530,928,2050,4093,4089,1743,924,16,-13245,-22251,-24784,-26922
2146,36889,24,538,1072,1794,4093,4089,1743,1180,16,15434,-20458,-24672,9935
2147,37145,8,530,368,2818,4095,4095,1743,1436,16,19529,-20714,-24656,5840
2148,29722,56,603,304,2051,4084,4067,1743,1692,16,31788,-13292,-24192,-6419
2149,22809,232,771,1264,1026,11,27,1728,1948,0,11281,-6378,40912,14088
2150,24089,56,590,1696,1026,4094,4091,1759,156,16,31766,-5098,-24544,-30963
2151,17947,184,627,224,1283,4086,4072,1759,412,16,-1026,-11241,41376,1781
2152,14875,248,614,304,770,5,12,1744,668,0,-17398,-14312,-24352,-14591
2153,14363,24,618,1824,2050,4095,4094,1759,924,16,-25588,-14824,41216,-22781
2154,13339,216,622,1264,3842,1,4,1744,1180,0,-9200,-13800,-24256,26367
2155,19737,72,527,1696,1281,10,25,1744,1436,0,27639,-20198,41680,-10472
2156,27160,24,354,416,2050,4084,4067,1759,1692,16,15380,-27620,41216,1787
2157,32537,200,514,1824,1,9,21,1744,1948,0,-5079,32538,41552,22246
2158,32537,200,347,1376,1281,0,0,1760,156,0,-5079,32538,41552,22246
2159,35096,40,315,1904,1025,4092,4086,1775,412,16,19507,-30438,41392,-18704
2160,35352,56,354,1376,3073,0,1,1760,668,0,15410,-30182,41408,-22801
2161,36632,232,339,1776,1025,4094,4091,1775,924,16,-29651,-28902,-24208,-2326
2162,38169,72,367,1072,3073,2,6,1760,1180,0,11303,-30438,41232,22256
2163,40216,200,315,1696,257,4093,4088,1775,1436,16,-21473,-32486,-24176,-10504
2164,40984,248,578,672,2050,1,3,1760,1692,0,-9182,32282,-24224,-22795
2165,42264,168,527,736,258,4094,4091,1775,1948,16,-29657,31002,-24144,-2320
2166,41752,136,615,1376,258,1,2,1776,156,0,27685,30490,-24176,-10514
2167,41496,152,594,1376,3074,4095,4095,1791,412,16,31780,30234,-24160,-6419
2168,43800,40,543,1376,2306,4092,4087,1791,668,16,-5093,32537,41520,22244
2169,45080,216,627,1248,1282,2,5,1776,924,0,15382,-31718,-24096,-22817
2170,45080,216,579,1056,258,0,0,1776,1180,0,15382,-31718,-24096,-22817
2171,46104,152,570,496,2818,1,4,1776,1436,0,31762,-32742,-24032,26339
2172,49175,88,530,1456,1794,4091,4084,1791,1692,16,15390,29723,41312,-22825
2173,50968,232,598,560,770,3,7,1776,1948,0,-13275,27930,-24112,5840
2174,53272,120,619,688,2,4,9,1792,156,0,23598,30235,41568,-22823
2175,46362,40,771,1264,1026,11,27,1792,412,0,3091,23325,42000,22206
2176,46106,24,611,1632,3330,4095,4095,1807,668,16,7188,23069,41984,26303
2177,45338,72,591,880,2050,1,3,1792,924,0,-5097,22300,42032,14018
2178,46874,168,554,32,2050,2,6,1792,1180,0,-29679,20764,41936,-26936
2179,49689,248,558,1824,3074,4091,4085,1807,1436,16,15366,17949,-23424,-6445
2180,48666,184,519,496,2050,4094,4092,1807,1692,16,-1022,18972,-23360,9943
2181,48666,184,550,608,2,0,0,1792,1948,0,-1022,18972,-23360,9943
2182,49690,248,575,1376,2306,4094,4092,1823,156,16,15366,19997,-23296,26331
2183,50970,168,555,112,1026,2,5,1808,412,0,-5109,21276,-23376,5856
2184,50202,120,611,1200,2050,1,3,1808,668,0,7182,20509,-23424,18147
2185,57628,168,574,1968,769,12,29,1808,924,0,-5135,27934,-23888,5830
2186,55835,56,366,1008,3841,2,7,1808,1180,0,23544,29727,-23776,-22849
2187,45854,168,322,992,1026,4080,4057,1823,1436,16,-5089,-25828,-24400,5784
2188,41759,168,630,176,2818,6,16,1808,1692,0,-5105,-21733,41392,5800
2189,42527,120,623,1376,2306,1,3,1808,1948,0,-17390,-22501,41440,18085
2190,43295,168,578,672,2050,1,3,1824,156,0,-5099,-21733,41488,30376
2191,45087,56,570,1568,2050,4093,4089,1839,412,16,31772,-19941,41376,1711
2192,45087,56,607,1504,258,0,0,1824,668,0,31772,-19941,41376,1711
2193,45599,24,519,288,1282,4095,4094,1839,924,16,-25574,-19429,41344,9901
2194,47135,120,638,1312,3074,2,6,1824,1180,0,15380,-20965,41248,-31053
2195,47391,104,598,1440,3074,4095,4095,1839,1436,16,19475,-21221,41264,30388
2196,45855,8,583,1712,3074,4093,4090,1839,1692,16,-5107,-19686,41360,-10566
2197,45599,24,599,1248,2306,0,1,1824,1948,0,-1012,-19430,41344,-14661
2198,45855,40,607,1584,3074,4095,4095,1855,156,16,3085,-19173,41360,-10564
2199,44832,104,571,1264,3074,4094,4092,1855,412,16,19465,-20197,41424,5816
2200,48415,72,519,1504,2306,4090,4082,1855,668,16,27643,-16614,-23888,13994
2201,52512,72,623,32,3330,6,16,1840,924,0,27627,-12517,41392,13978
2202,52512,72,575,928,1282,0,0,1840,1180,0,27627,-12517,41392,13978
2203,52512,72,558,736,2,0,0,1840,1436,0,27627,-12517,41392,13978
2204,52512,72,526,224,2,0,0,1840,1692,0,27627,-12517,41392,13978
2205,52768,56,610,1376,3074,0,1,1840,1948,0,23532,-12773,41408,18073
2206,52768,56,555,624,1026,0,0,1856,156,0,23532,-12773,41408,18073
2207,45857,232,534,1584,769,11,27,1856,412,0,3025,-19683,-23696,-2434
2208,44066,120,338,2032,769,4093,4089,1871,668,16,31704,-21475,-23808,26245
2209,43042,184,359,1184,3329,1,4,1856,924,0,15324,-22499,-23744,9865
2210,44578,24,342,688,2817,2,6,1856,1180,0,-9258,-24036,41696,-31089
2211,44322,40,310,752,1793,0,1,1856,1436,0,-13353,-23780,41680,-26994
2212,43810,8,310,992,2049,4095,4094,1871,1692,16,-21547,-23268,41712,-18800
2213,44322,232,342,1504,2049,4095,4094,1871,1948,16,-29737,-23780,-23792,-10610
2214,43810,200,327,864,257,1,2,1872,156,0,27605,-24292,-23824,-18804
2215,41251,104,314,1968,3841,4091,4086,1887,412,16,3019,-26851,41872,22146
2216,41507,120,378,2016,3073,4095,4095,1887,668,16,-1078,-26596,41888,18049
2217,47652,248,523,1712,1,10,24,1872,924,0,31666,-20450,41504,-14743
2218,48677,56,523,496,3074,4094,4092,1887,1180,16,15278,-21474,-24096,1645
2219,45093,24,514,1456,1794,4090,4082,1887,1436,16,23484,-17891,41216,-6561
2220,46373,104,587,1696,258,4094,4091,1887,1692,16,-21567,-19171,41136,-27046
2221,47141,56,622,1392,1794,1,3,1872,1948,0,31684,-19939,41184,-14761
2222,43300,72,514,1584,3842,4089,4081,1903,156,16,-29771,-23780,-24592,-10680
2223,44324,8,563,1200,2050,4094,4092,1903,412,16,19385,-22756,-24656,-27060
2224,45348,72,567,368,2,2,4,1888,668,0,2997,-21732,-24592,22088
2225,44324,136,562,304,3842,1,4,1888,924,0,-13383,-22757,-24528,5708
2226,44580,152,602,1264,2818,0,1,1888,1180,0,-17480,-23013,-24544,9805
2227,43556,216,587,736,3330,1,4,1888,1436,0,31676,-21989,-24608,26185
2228,44836,40,567,352,258,2,5,1888,1692,0,-13375,-23269,40848,5700
2229,45348,8,535,480,2306,4095,4094,1903,1948,16,-21565,-23781,40880,13890
2230,45092,248,574,864,2050,0,1,1904,156,0,-25662,-24037,-24672,9793
2231,50978,136,526,1824,3073,9,23,1904,412,0,11225,-18150,40496,-18856
2232,53026,8,306,1584,3841,4092,4088,1919,668,16,-21551,-16103,-24912,13904
2233,54818,152,363,880,1025,3,7,1904,924,0,7114,-14310,40512,-22967
2234,55842,216,258,416,2049,4094,4092,1919,1180,16,-9274,-15335,40448,-6579
2235,51236,248,259,1904,3073,4088,4078,1919,1436,16,-17448,-10728,-25376,1595
2236,50212,184,359,1136,1,2,4,1904,1692,0,31700,-9704,-25312,17983
2237,50212,184,295,608,257,0,0,1904,1948,0,31700,-9704,-25312,17983
2238,50468,200,306,672,2049,0,1,1920,156,0,-29739,-9448,-25296,22080
2239,50468,200,298,608,1025,0,0,1920,412,0,-29739,-9448,-25296,22080
2240,51492,8,323,624,3073,1,4,1920,668,0,19409,-8424,40304,5692
2241,51236,24,282,304,1793,0,1,1920,924,0,15314,-8680,40320,1597
2242,52516,104,295,96,257,2,5,1920,1180,0,-5171,-9961,40240,22082
2243,59426,184,106,416,1,4085,4069,1935,1436,16,-25678,-16871,40672,-22947
2244,60706,8,302,160,1025,2,5,1920,1692,0,-5193,-18151,-24944,22104
2245,65059,248,267,1888,1281,4089,4079,1935,1948,16,-9272,-22504,-24672,26183
2246,64547,216,371,1568,257,1,2,1936,156,0,-17466,-23016,-24704,17989
2247,63779,8,362,1968,3841,4094,4093,1951,412,16,-5181,-23784,40880,30274
2248,65059,88,267,672,257,4094,4091,1951,668,16,-25666,-22504,40960,9789
2249,61730,40,303,2016,257,4091,4083,1951,924,16,-13365,-25833,-24368,22090
2250,62242,72,350,1696,1025,4095,4094,1951,1180,16,-21559,-26345,-24400,30284
2251,60962,152,311,1328,1025,4094,4091,1951,1436,16,23502,-25065,-24480,-14777
2252,61218,168,306,880,2817,4095,4095,1951,1692,16,27599,-25321,-24496,-18874
2253,60194,232,290,880,2817,4094,4092,1951,1948,16,-21557,-24297,-24560,30282
2254,58914,152,318,1456,769,4094,4091,1967,156,16,23494,-25577,-24640,9797
2255,58402,184,378,1712,3841,0,2,1952,412,0,31684,-26089,-24608,17987
2256,57890,152,370,1952,2049,4095,4094,1967,668,16,-25658,-26601,-24640,26181
2257,56610,232,378,1392,769,2,5,1952,924,0,19403,-27881,-24560,5706
2258,49440,40,382,816,2818,4084,4068,1967,1180,16,3047,-20711,41424,22062
2259,47648,152,567,96,258,3,7,1952,1436,0,-25618,-18920,41312,-14809
2260,45857,40,562,1520,770,4093,4089,1967,1692,16,11239,-17128,41424,13870
2261,42272,8,614,96,2,6,14,1952,1948,0,3033,-13543,-24336,22076
2262,42528,24,610,1648,2818,4095,4095,1983,156,16,7130,-13287,-24320,26173
2263,42528,24,610,1520,770,0,0,1968,412,0,7130,-13287,-24320,26173
2264,43808,104,582,1568,1026,4094,4091,1983,668,16,-13355,-12008,-24240,5688
2265,44576,56,639,1648,2050,1,3,1968,924,0,-1070,-11240,-24288,17973
2266,48929,72,531,2032,1026,4089,4079,1983,1180,16,-5183,-15593,40976,22086
2267,49697,24,607,1200,1026,1,3,1968,1436,0,7102,-16360,41024,9801
2268,48929,232,575,608,2306,1,3,1968,1692,0,-5189,-15593,-24464,22092
2269,48161,24,571,1184,258,4095,4093,1983,1948,16,7096,-14824,41024,9807
2270,48161,24,554,624,770,0,0,1984,156,0,7096,-14824,41024,9807
2271,47393,72,630,1520,1794,1,3,1984,412,0,19381,-15592,41072,22092
2272,46881,40,599,1584,1026,4095,4094,1999,668,16,27575,-16104,41040,30286
2273,47649,248,575,1264,2,4095,4093,1999,924,16,-25676,-15336,-24544,-22965
2274,47649,248,586,1120,1026,0,0,1984,1180,0,-25676,-15336,-24544,-22965
2275,46625,56,594,864,3074,1,4,1984,1436,0,23480,-14312,40928,-6585
2276,48417,168,566,32,1026,3,7,1984,1692,0,-13377,-16104,40816,30272
2277,49441,104,554,992,3074,4094,4092,1999,1948,16,-29757,-17128,40880,-18884
2278,49953,136,551,816,1026,4095,4094,2015,156,16,-21563,-16616,40912,-10690
2279,48162,248,551,1264,2050,4093,4089,2015,412,16,7102,-18407,41024,17975
2280,48162,248,562,752,770,0,0,2000,668,0,7102,-18407,41024,17975
2281,47650,24,547,688,2050,4095,4094,2015,924,16,-1088,-18920,-24480,9785
2282,48674,88,527,560,3074,4094,4092,2015,1180,16,-17476,-19944,-24544,26173
2283,48930,72,622,1632,2050,0,1,2000,1436,0,-13381,-20200,-24528,22078
2284,48930,72,575,928,1282,0,0,2000,1692,0,-13381,-20200,-24528,22078
2285,46625,216,546,1392,2818,4092,4087,2015,1948,16,23474,-17895,-24672,-14777
2286,47393,8,575,672,1282,1,3,2016,156,0,-29771,-17127,40912,-2486
2287,47138,24,578,864,3074,0,1,2016,412,0,-25676,-17383,40928,1609
2288,47138,24,614,1568,1026,0,0,2016,668,0,-25676,-17383,40928,1609
2289,48930,168,582,1760,2050,4093,4089,2031,924,16,2989,-15590,-24720,30274
2290,47138,56,587,1888,1282,4093,4089,2031,1180,16,31668,-13798,-24608,1595
2291,48161,248,602,1760,3074,4094,4092,2031,1436,16,-17488,-14822,40992,-14785
2292,48161,248,590,1184,1026,0,0,2016,1692,0,-17488,-14822,40992,-14785
2293,48161,248,543,432,1026,0,0,2016,1948,0,-17488,-14822,40992,-14785
2294,49698,88,558,1264,3842,4093,4090,2047,156,16,7094,-13285,-24448,9797
2295,50465,40,619,1312,2306,1,3,2032,412,0,-5191,-12518,-24496,-2488
2296,50210,24,634,1824,2050,0,1,2032,668,0,-1094,-12774,-24512,1609
2297,46369,8,535,1904,2,4090,4081,2047,924,16,3017,-16614,41264,5720
2298,46881,40,627,2032,1026,4095,4094,2047,1180,16,-5177,-17127,41232,13914
2299,50720,56,623,176,1026,6,15,2032,1436,0,-9288,-20966,-24064,18025
2300,49440,232,639,1504,258,2,5,2032,1692,0,-29773,-19686,41552,-27026
2301,53025,8,635,416,258,6,14,2032,1948,0,-21567,-23271,41776,30304
2302,53537,40,562,560,3842,0,2,2048,156,0,-13373,-22759,41808,-27038
2303,53537,40,551,624,2,0,0,2048,412,0,-13373,-22759,41808,-27038
2304,50978,136,530,1264,770,4092,4086,2063,668,16,27597,-25318,-23888,13932
2305,52002,72,539,816,2050,4094,4092,2063,924,16,-21559,-24294,-23952,30312
2306,53282,152,555,112,1026,2,5,2048,1180,0,23492,-25574,-24032,-14739
2307,53538,136,611,1648,3074,4095,4095,2063,1436,16,27587,-25830,-24016,-18834
2308,55330,248,615,880,2,3,7,2048,1692,0,-9270,-27622,-24128,18023
2309,56354,184,562,1200,1794,4094,4092,2063,1948,16,-25650,-28646,-24064,-31133
2310,56098,168,382,1904,1793,0,1,2064,156,0,-29747,-28902,-24080,30306
2311,56098,168,382,1968,769,0,0,2064,412,0,-29747,-28902,-24080,30306
2312,54562,72,570,240,2818,2,6,2064,668,0,-5165,-30438,-24176,-10648
2313,52770,184,535,1072,1026,4093,4089,2079,924,16,31706,-32230,-24064,26223
2314,52770,184,554,672,2,0,0,2064,1180,0,31706,-32230,-24064,26223
2315,47395,8,383,48,3074,4087,4075,2079,1436,16,11247,-26855,-24400,-18854
2316,46883,232,366,1520,3841,0,2,2064,1692,0,3053,-26343,41168,-10660
2317,47652,184,339,944,2049,1,3,2064,1948,0,-9232,-27112,41216,1625
2318,48932,8,347,880,1025,2,5,2080,156,0,11253,-25831,-24240,22110
2319,56098,72,366,560,2818,4084,4068,2095,412,16,27665,-18665,-24688,-27014
2320,54562,232,519,688,3074,4093,4090,2095,668,16,-13289,-20201,40752,-2432
2321,54050,8,382,1712,769,1,2,2080,924,0,-21479,-20713,-24752,-10622
2322,53538,232,366,1952,1025,4095,4094,2095,1180,16,-13285,-20201,40816,-18816
2323,52770,24,363,1328,2049,1,3,2080,1436,0,-25570,-19433,-24768,-6531
2324,44580,24,355,752,1026,4083,4064,2095,1692,16,-25602,-11243,-24256,-6499
2325,44324,40,627,1632,3330,0,1,2080,1948,0,-21507,-10987,-24272,-10594
2326,43556,248,582,752,1794,1,3,2096,156,0,31738,-11755,41216,-22885
2327,44324,200,563,480,1282,1,3,2096,412,0,19453,-10987,41168,30366
2328,42788,104,375,1200,3073,2,6,2096,668,0,-21501,-12523,41072,-10588
2329,42532,120,374,1952,3073,4095,4095,2111,924,16,-25596,-12779,41088,-14683
2330,41764,72,535,48,1026,1,3,2096,1180,0,-13305,-12011,41136,-26974
2331,41508,88,358,1712,2817,4095,4095,2111,1436,16,-17400,-11755,41120,-22879
2332,40740,40,330,816,1793,1,3,2096,1692,0,-29691,-10987,41168,-10588
2333,40228,72,274,480,1025,4095,4094,2111,1948,16,-21501,-10475,41136,-18778
2334,40484,88,382,1888,2049,0,1,2112,156,0,-17404,-10219,41152,-14681
2335,44579,88,262,1760,2049,4089,4080,2127,412,16,-17388,-6124,-24640,-14665
2336,45603,152,350,1072,2817,1,4,2112,668,0,31760,-5100,-24576,-31053
2337,47395,40,295,1264,2049,4093,4089,2127,924,16,-5111,-3308,-24688,-2388
2338,48164,88,323,688,2049,1,3,2112,1180,0,-17402,-4076,-24736,9903
2339,47908,104,314,736,3073,0,1,2112,1436,0,-21497,-3820,-24752,13998
2340,46628,24,274,736,1025,4094,4091,2127,1692,16,23554,-2540,-24672,-31053
2341,45604,88,114,1328,3840,1,4,2112,1948,0,-25602,-1516,-24736,18103
2342,45604,88,99,1504,1280,0,0,2128,156,0,-25602,-1516,-24736,18103
2343,44324,168,286,992,1,4094,4091,2143,412,16,-5127,-2796,-24656,-26958
2344,47139,88,270,1376,2049,4091,4085,2143,668,16,15342,20,41057,-6489
2345,38433,120,363,1120,1282,4082,4062,2143,924,16,7184,-8686,41600,-14647
2346,38945,152,575,1120,2306,4095,4094,2143,1180,16,-1010,-9199,41568,-6453
2347,36130,72,563,1904,3074,4091,4085,2143,1436,16,19481,-6383,-24144,-26944
2348,37154,136,578,1376,3074,4094,4092,2143,1692,16,-29667,-7407,-24208,22204
2349,38178,72,614,1120,2,2,4,2128,1948,0,19489,-8431,-24144,-26952
2350,36386,216,570,1632,1026,4093,4089,2159,156,16,-9190,-10224,41280,9905
2351,32803,184,618,160,2,6,14,2144,412,0,-17396,-13807,-24032,1699
2352,33826,248,602,1008,2818,1,4,2144,668,0,31752,-12783,-23968,-14689
2353,33826,248,590,1184,1026,0,0,2144,924,0,31752,-12783,-23968,-14689
2354,33058,200,594,1584,3842,4094,4093,2159,1180,16,-21493,-12015,-23920,-26980
2355,32546,232,606,1264,3842,0,2,2144,1436,0,-29683,-11503,-23952,-18790
2356,32034,200,614,1776,1794,4095,4094,2159,1692,16,27659,-10991,-23920,-10596
2357,31778,216,618,1584,1794,0,1,2144,1948,0,31754,-10735,-23936,-14691
2358,32803,24,594,1632,3074,4094,4092,2175,156,16,-17394,-9711,41664,1697
2359,33058,8,595,1184,2306,0,1,2160,412,0,-21489,-9455,41648,-2398
2360,32547,232,554,368,770,1,2,2160,668,0,-13295,-9967,-23920,5796
2361,32547,232,371,1760,1281,0,0,2160,924,0,-13295,-9967,-23920,5796
2362,31266,152,355,1008,1025,2,5,2160,1180,0,7190,-8686,-23840,-14689
2363,31010,168,282,432,3841,4095,4095,2175,1436,16,3095,-8430,-23856,-10594
2364,32290,248,306,1312,1,4094,4091,2175,1692,16,23580,-9710,-23936,-31079
2365,33570,168,330,560,1793,2,5,2160,1948,0,3105,-10990,-23856,-10604
2366,28961,136,270,2016,1,4089,4078,2191,156,16,-5105,-15600,41392,-18814
2367,30497,40,322,1584,3841,4093,4090,2191,412,16,-29675,-14064,41296,22152
2368,36895,184,551,2032,2049,10,25,2176,668,0,-1028,-7666,-23840,-14737
2369,37663,136,539,672,258,4095,4093,2191,924,16,11257,-6897,-23888,-2452
2370,37407,120,519,160,3330,4095,4095,2191,1180,16,15354,-6641,-23872,-6549
2371,36384,184,378,1456,3841,1,4,2176,1436,0,-1026,-5618,-23936,9831
2372,36896,216,366,1456,769,1,2,2176,1692,0,7168,-6129,-23968,1637
2373,36896,216,362,1648,769,0,0,2176,1948,0,7168,-6129,-23968,1637
2374,37664,8,314,1200,3841,4094,4093,2207,156,16,19459,-5361,41616,13928
2375,37152,40,334,1376,2049,4095,4094,2207,412,16,27649,-5873,41648,22118
2376,36896,24,339,1184,2305,0,1,2192,668,0,31746,-6129,41632,26215
2377,37664,232,290,224,1025,1,3,2192,924,0,-21505,-5361,-23952,-27036
2378,39200,72,298,1264,2817,4093,4090,2207,1180,16,19449,-6897,41488,-2454
2379,40480,248,359,1120,257,2,5,2192,1436,0,-25612,-8177,-23968,-22929
2380,40480,248,366,1712,769,0,0,2192,1692,0,-25612,-8177,-23968,-22929
2381,39200,72,335,1696,1281,4094,4091,2207,1948,16,-5137,-6897,41488,22132
2382,38176,8,355,1968,2049,4094,4092,2223,156,16,-21525,-7921,41424,5744
2383,43806,168,375,96,258,4087,4074,2223,412,16,19457,-2290,41072,-18810
2384,36640,232,378,688,3842,4084,4068,2223,668,16,3101,-9456,40624,30370
2385,40481,248,515,1520,1026,4090,4081,2223,924,16,-1010,-5616,-25152,26259
2386,43810,200,635,560,2050,5,13,2208,1180,0,11265,-8944,40176,13984
2387,44833,136,518,496,1794,4094,4092,2223,1436,16,27645,-9968,40240,-2396
2388,44833,136,594,1264,770,0,0,2208,1692,0,27645,-9968,40240,-2396
2389,43297,232,586,496,2818,2,6,2208,1948,0,-13321,-8432,40144,-26966
2390,44577,56,523,624,1026,4094,4091,2239,156,16,7164,-7151,-25312,-6481
2391,43042,152,566,1440,3074,4093,4090,2239,412,16,31734,-8687,-25216,18089
2392,44066,216,602,1824,2050,4094,4092,2239,668,16,15346,-7663,-25152,1701
2393,44578,184,578,800,2,1,2,2224,924,0,23536,-7151,-25184,9891
2394,43553,120,546,48,3842,1,4,2224,1180,0,-25612,-6127,-25120,-6497
2395,40994,24,551,1648,2,4092,4086,2239,1436,16,-1026,-3568,40256,-31083
2396,43042,152,590,2016,2,4093,4088,2239,1692,16,31750,-5615,40128,1677
2397,39457,120,551,2032,2050,4090,4082,2239,1948,16,23544,-2030,-25632,9883
2398,40225,168,614,1264,1794,1,3,2240,156,0,-29701,-1262,-25584,22174
2399,39969,184,606,1328,2818,0,1,2240,412,0,-25606,-1518,-25568,26269
2400,41760,40,602,608,1026,3,7,2240,668,0,11251,274,40081,-2410
2401,41504,56,579,880,3074,0,1,2240,924,0,7156,18,40097,-6505
2402,41248,40,567,944,3074,4095,4095,2255,1180,16,11253,274,40113,-10602
2403,42016,248,519,352,258,4095,4093,2255,1436,16,23538,-494,-25376,-22887
2404,36130,136,382,240,3842,4086,4073,2255,1692,16,-5157,5392,40529,5808
2405,36898,88,582,1392,3842,4094,4093,2255,1948,16,-17442,4624,40577,18093
2406,34337,184,619,608,1282,4,10,2256,156,0,7124,2064,-25119,-22877
2407,33569,232,547,800,258,4095,4093,2271,412,16,19409,1296,-25071,-10592
2408,32034,136,579,352,3330,2,6,2256,668,0,-21545,-240,-25168,13990
2409,31778,152,515,112,3074,4095,4095,2271,924,16,-25640,-496,-25152,9895
2410,39460,120,375,944,3074,4083,4066,2271,1180,16,-17478,-8178,-25632,1733
2411,38436,184,578,1376,3074,4094,4092,2271,1436,16,31678,-7154,-25696,18113
2412,37156,104,582,560,770,2,5,2256,1692,0,11193,-5874,-25616,-26938
2413,34595,8,570,1904,770,4092,4086,2271,1948,16,-13393,-3314,39760,-2352
2414,37156,168,607,416,1282,4,10,2272,156,0,27577,-753,39920,-26918
2415,32037,232,518,2016,2049,8,20,2272,412,0,-21595,-5872,-25296,-10554
2416,25383,72,363,240,3074,4085,4070,2287,668,16,19391,-12526,39824,30432
2417,25383,72,579,1056,258,0,0,2272,924,0,19391,-12526,39824,30432
2418,24871,40,546,736,1026,4095,4094,2287,1180,16,27585,-12014,39856,22238
2419,24359,72,579,816,2,1,2,2272,1436,0,19395,-11502,39824,30428
2420,24871,104,554,432,3842,0,2,2272,1692,0,27589,-12014,39792,22234
2421,24615,120,526,48,2818,0,1,2272,1948,0,31684,-11758,39776,18139
2422,31785,56,379,736,3330,4084,4068,2303,156,16,15328,-4588,40224,1783
2423,32552,8,582,736,2050,1,3,2288,412,0,3043,-3820,40176,-10502
2424,37927,88,382,48,2818,4087,4075,2303,668,16,-17458,1554,-25023,-31003
2425,38695,40,563,416,2306,1,3,2288,924,0,-5173,2322,-25071,-18718
2426,39207,72,563,928,2306,4095,4094,2303,1180,16,-13367,1810,-25103,-10524
2427,45606,184,550,2016,2049,10,25,2288,1436,0,23472,-4588,-24704,18173
2428,45606,184,366,1712,769,0,0,2288,1692,0,23472,-4588,-24704,18173
2429,39204,72,366,240,3842,4085,4071,2303,1948,16,-5225,1813,-25103,-18666
2430,38180,8,531,672,2306,4094,4092,2319,156,16,-21613,789,-25167,30482
2431,43811,168,375,32,1282,4087,4074,2319,412,16,19369,6420,-25519,5928
2432,43299,136,527,416,1282,4095,4094,2319,668,16,27563,5908,-25551,14122
2433,40738,40,383,944,1025,4,10,2304,924,0,-13387,3347,40145,-26828
2434,39714,232,323,1456,2049,4094,4092,2319,1180,16,3001,4372,-25327,22320
2435,39714,232,331,1120,1281,0,0,2304,1436,0,3001,4372,-25327,22320
2436,39970,248,354,1456,1793,0,1,2304,1692,0,7098,4116,-25343,18223
2437,40482,216,355,1776,1025,4095,4094,2319,1948,16,-1092,3603,-25311,26413
2438,40738,232,354,1584,3841,4095,4095,2335,156,16,3005,3860,-25295,30510
2439,41506,184,366,1376,2049,1,3,2320,412,0,-9280,4627,-25343,18225
2440,49440,168,350,624,1794,4083,4065,2335,668,16,-5215,12561,-24847,22290
2441,48672,216,538,688,3842,4094,4093,2335,924,16,-17500,11793,-24799,10005
2442,48416,200,599,1184,3330,0,1,2320,1180,0,-13403,12049,-24783,5908
2443,49183,152,618,1328,1794,1,3,2320,1436,0,-1118,11281,-24735,-6377
2444,48672,120,607,1248,258,1,2,2320,1692,0,-9312,11793,-24703,1817
2445,48415,136,607,1584,3074,4095,4095,2335,1948,16,-5217,12049,-24719,-2278
2446,47391,72,594,1712,1794,4094,4092,2351,156,16,-21605,11025,-24783,-18666
2447,47647,56,618,1712,3842,4095,4095,2351,412,16,-25700,11281,-24799,-22761
2448,47391,40,630,1952,3074,4095,4095,2351,668,16,-21603,11025,-24815,-18664
2449,45855,136,599,736,2306,2,6,2336,924,0,19363,9489,-24719,22302
2450,44575,56,542,928,1026,4094,4091,2351,1180,16,-25688,10769,-24639,1817
2451,45342,8,547,800,258,4095,4093,2351,1436,16,-13403,10001,-24591,-10468
2452,44575,216,618,1952,2,4095,4093,2351,1692,16,-25694,10769,40993,1823
2453,45343,168,539,736,3330,4094,4093,2351,1948,16,27557,10001,41041,14108
2454,45343,168,534,288,1026,0,0,2352,156,0,27557,10001,41041,14108
2455,45599,152,530,160,2050,0,1,2352,412,0,23462,10257,41025,10013
2456,46622,216,538,752,2818,4094,4092,2367,668,16,7074,11281,41089,-6375
2457,46878,200,571,816,2050,0,1,2352,924,0,11169,11537,41073,-2280
2458,51488,232,527,2032,2,4089,4078,2367,1180,16,2959,6928,-24751,5930
2459,50208,56,526,688,770,4094,4091,2367,1436,16,-17516,8207,40705,26405
2460,51999,168,518,736,2050,4093,4089,2367,1692,16,11163,6416,40593,-2274
2461,47646,184,531,2016,1282,4089,4079,2367,1948,16,15242,10769,-25215,-6353
2462,46622,120,543,816,3074,4094,4092,2383,156,16,-1146,9744,-25279,-22741
2463,45854,168,562,416,2050,1,3,2368,412,0,11139,8977,-25231,-10456
2464,44575,88,575,1440,1282,4094,4091,2383,668,16,31624,7697,-25311,10029
2465,45087,56,770,160,2051,4095,4094,2383,924,16,-25722,8209,-25343,18219
2466,44063,248,779,544,2307,4094,4092,2383,1180,16,-9334,9233,40257,1831
2467,42527,88,835,416,2307,2,6,2368,1436,0,31632,10769,-25375,26401
2468,41247,8,822,1312,1027,4094,4091,2383,1692,16,11147,12049,-25295,-18650
2469,40479,56,847,928,1283,1,3,2368,1948,0,23432,12817,-25343,-30935
2470,41247,104,874,1952,3,4095,4093,2399,156,16,-29813,13585,-25295,-18644
2471,40991,120,855,1440,3331,4095,4095,2399,412,16,-25718,13329,-25279,-14549
2472,39200,8,863,688,1027,3,7,2384,668,0,2961,11538,-25391,14130
2473,39456,248,795,304,2051,0,1,2384,924,0,7056,11794,40129,18225
2474,45601,120,615,48,1027,4086,4072,2399,1180,16,-25736,5648,39745,-14519
2475,44578,184,803,880,3075,4094,4092,2399,1436,16,23420,6672,39681,1861
2476,44833,200,831,1056,3331,4095,4095,2399,1692,16,27517,6416,39665,-2236
2477,52003,8,778,1264,2818,11,28,2384,1948,0,-21607,-754,-25424,-18648
2478,53540,104,586,480,3074,2,6,2400,156,0,2975,783,-25327,5934
2479,56867,152,514,1392,2818,4090,4083,2415,412,16,15276,4110,40001,18235
2480,55587,72,575,1456,1026,4094,4091,2415,668,16,-29775,2830,39921,-26816
2481,55331,88,534,160,3074,0,1,2400,924,0,31666,2574,39937,-30911
2482,55075,72,518,112,3842,4095,4095,2415,1180,16,-29773,2830,39953,30528
2483,58658,104,531,1712,2050,4090,4082,2415,1436,16,27557,-753,-25360,-26802
2484,59426,152,598,1008,1794,1,3,2400,1692,0,-25688,-1521,-25408,26443
2485,61987,248,574,1968,770,4092,4086,2415,1948,16,-1102,-4082,40288,1857
2486,61218,200,623,1392,2050,1,3,2416,156,0,-13393,-4850,40240,-10434
2487,63266,72,594,432,1794,3,8,2416,412,0,19383,-2802,40112,22342
2488,64801,168,579,1648,3074,4093,4090,2431,668,16,-5199,-1267,40208,-2240
2489,64033,216,614,1904,3842,4094,4093,2431,924,16,-17484,-2035,40256,-14525
2490,65058,24,547,928,2306,4094,4092,2431,1180,16,31664,-3059,-25344,1863
2491,545,217,574,544,3074,1,4,2416,1436,0,-17492,-4083,40256,-14517
2492,65313,168,535,48,1026,1,3,2416,1692,0,-29783,-3315,40304,-2226
2493,546,121,635,1584,2050,1,3,2416,1948,0,23468,-4083,40352,10059
2494,64801,40,523,608,1282,4094,4091,2447,156,16,2983,-5363,40272,-10426
2495,65057,24,543,560,3074,4095,4095,2447,412,16,-1112,-5108,40256,-14521
2496,2593,217,602,160,2,5,12,2432,668,0,15260,-2036,40448,1851
2497,3873,137,542,944,770,4094,4091,2447,924,16,-29801,-756,40368,22326
2498,5665,249,583,352,258,3,7,2432,1180,0,7056,-2548,40256,-14531
2499,7201,153,530,816,3842,4093,4090,2447,1436,16,31626,-4084,40352,26435
2500,7457,169,574,816,2818,0,1,2432,1692,0,-29813,-4340,40336,22338
2501,10017,9,571,1952,258,4092,4086,2447,1948,16,-5227,-6901,40496,-2248
2502,4128,153,771,1632,3330,9,23,2448,156,0,31614,-12790,40128,-30943
2503,62754,72,602,112,771,4085,4069,2463,412,16,11107,-19700,40560,14086
2504,62754,72,830,944,771,0,0,2448,668,0,11107,-19700,40560,14086
2505,5156,89,803,1376,3330,12,31,2448,924,0,6980,-11762,40064,9959
2506,4900,73,618,1568,2050,0,1,2448,1180,0,11077,-11506,40080,5862
2507,62502,56,602,496,2819,4083,4065,2463,1436,16,15204,-3572,39584,1735
2508,57127,232,770,1840,3842,8,21,2448,1692,0,-5297,1802,39921,22236
2509,59431,88,618,752,2818,3,9,2448,1948,0,23384,-502,40064,-6445
2510,58919,56,562,928,2050,4095,4094,2479,156,16,15190,-1014,40032,-14639
2511,59687,8,551,880,2,4095,4093,2479,412,16,2905,-246,39984,-26924
2512,60711,72,562,304,3842,1,4,2464,668,0,-13483,777,40049,22224
2513,58406,216,631,928,3330,3,9,2464,924,0,15198,-1527,40192,-14631
2514,58662,232,526,48,2818,0,1,2464,1180,0,11101,-1783,40176,-10534
2515,58406,248,631,1776,2050,0,1,2464,1436,0,7006,-1527,40160,-6439
2516,59942,88,587,560,2050,2,6,2464,1692,0,31588,-3063,-25472,-31021
2517,59942,88,578,1056,2,0,0,2464,1948,0,31588,-3063,-25472,-31021
2518,62759,8,563,1904,3074,4091,4085,2495,156,16,11119,-246,40240,14046
2519,62247,40,618,1824,2050,4095,4094,2495,412,16,19309,-758,40272,22236
2520,61479,248,555,368,1026,1,3,2480,668,0,31600,-1526,-25312,-31009
2521,61479,248,635,1904,1026,0,0,2480,924,0,31600,-1526,-25312,-31009
2522,60967,216,579,800,258,1,2,2480,1180,0,-25742,-1014,-25280,26333
2523,59687,40,538,928,2,4094,4091,2495,1436,16,19319,266,40177,-18728
2524,60199,72,578,1264,770,4095,4094,2495,1692,16,27513,-246,40144,-26922
2525,553,217,535,2032,2049,9,23,2480,1948,0,-1136,-6136,40512,1727
2526,1321,9,374,1520,1793,1,3,2496,156,0,11155,-5367,-24976,14018
2527,553,57,354,1248,1025,1,3,2496,412,0,23440,-6135,-24928,26303
2528,65065,248,335,1584,3073,4094,4092,2511,668,16,-25708,-7159,40544,-22845
2529,1578,121,558,1504,2,4093,4088,2511,924,16,7052,-5110,40416,9915
2530,2602,185,614,1184,3074,1,4,2496,1180,0,-9336,-6135,40352,26303
2531,1066,25,559,48,3074,2,6,2496,1436,0,31630,-4599,-25280,-14663
2532,1578,57,570,688,3842,0,2,2496,1692,0,-25712,-5111,-25312,-22857
2533,61737,136,526,2032,3841,8,21,2496,1948,0,-5253,266,39889,22220
2534,62761,200,338,1712,1793,4094,4092,2527,156,16,11135,1291,39953,-26928
2535,64297,104,347,752,3073,2,6,2512,412,0,-13435,2826,39857,14038
2536,64041,88,342,1184,3073,0,1,2512,668,0,-9338,2570,39841,18135
2537,61736,232,306,1648,2817,4092,4087,2527,924,16,19343,266,39985,-18720
2538,63017,56,355,2032,1025,4094,4091,2527,1180,16,-1142,-1015,-25632,1765
2539,56618,200,366,224,2,4086,4071,2527,1436,16,27555,5384,39505,-26932
2540,55594,136,379,1520,3073,1,4,2512,1692,0,11167,6408,39569,-10544
2541,56106,104,330,944,3841,0,2,2512,1948,0,2977,5896,39601,-2354
2542,57131,168,315,480,3329,1,4,2528,156,0,19365,6920,39665,14034
2543,58666,72,306,1392,2817,4093,4090,2543,412,16,-5205,8455,39569,-10536
2544,51500,136,359,416,3330,4084,4068,2543,668,16,-21561,1289,39121,-26892
2545,51244,152,535,240,2050,0,1,2528,924,0,-25656,1033,39137,-30987
2546,52780,248,382,1328,2817,2,6,2528,1180,0,15298,-503,39040,-6405
2547,60459,24,342,368,3842,4083,4066,2543,1436,16,7076,-8181,-26016,1817
2548,60714,40,607,1392,2050,0,1,2528,1692,0,11173,-8437,-26032,-2280
2549,57642,232,622,480,2,5,12,2528,1948,0,-5223,-5365,-26224,14116
2550,62251,8,522,2032,2818,4088,4078,2559,156,16,2987,-755,-25936,22326
2551,64810,104,595,240,1026,4,10,2544,412,0,27573,1804,39441,-18624
2552,42,153,515,352,3330,4094,4093,2559,668,16,15282,2572,39489,-30915
2553,6956,233,523,1376,1281,11,27,2544,924,0,-5225,9485,39057,14114
2554,6700,217,527,112,2050,0,1,2544,1180,0,-1128,9741,39073,10017
2555,6956,201,546,352,3074,0,1,2544,1436,0,2967,9486,39089,5922
2556,8491,41,522,752,2818,4093,4090,2559,1692,16,27549,7950,-26543,-18660
2557,7467,105,586,1568,2050,4094,4092,2559,1948,16,-21607,8974,-26607,30496
2558,2602,57,515,1952,2306,4088,4077,2575,156,16,31622,4109,38625,18189
2559,3881,233,587,1712,2,4094,4091,2575,412,16,11147,5389,-26991,-2286
2560,3881,233,574,944,770,0,0,2560,668,0,11147,5389,-26991,-2286
2561,4906,169,575,1328,3074,4094,4092,2575,924,16,27527,6413,-27055,14094
2562,10795,25,795,2016,3330,9,23,2560,1180,0,-1168,523,-27423,-22747
2563,7724,217,614,352,2,5,12,2560,1436,0,15228,3595,-27615,26393
2564,9515,73,579,240,1026,3,7,2560,1692,0,-21629,1803,37809,-2286
2565,10540,9,546,880,2818,4094,4092,2575,1948,16,27527,779,37873,14094
2566,9259,185,595,800,258,2,5,2576,156,0,7042,-501,-27744,-6391
2567,9515,169,606,1376,2050,0,1,2576,412,0,2947,-245,-27760,-10486
2568,9771,185,618,1776,2818,4095,4095,2591,668,16,-1150,10,-27743,-14583
2569,15405,89,774,1840,770,9,22,2576,924,0,23404,5644,37441,9971
2570,17965,249,815,1696,1283,4092,4086,2591,1180,16,-17566,3083,37281,-14595
2571,18477,217,842,880,771,1,2,2576,1436,0,-9376,2571,37313,-22785
2572,16686,105,863,752,3,3,7,2576,1692,0,27481,4363,37425,5894
2573,10540,233,631,240,2051,4086,4072,2591,1948,16,-5311,10508,-28495,-26850
2574,10540,233,778,112,771,0,0,2592,156,0,-5311,10508,-28495,-26850
2575,9772,25,791,32,1283,1,3,2592,412,0,6974,9741,37089,-14565
2576,16683,201,775,1328,1026,11,27,2592,668,0,27427,16651,-28015,5888
2577,15402,25,611,1008,1026,2,5,2592,924,0,6952,15371,37601,-14587
2578,15658,41,582,944,2818,0,1,2592,1180,0,2855,15115,37585,-10490
2579,13611,169,574,96,2050,3,8,2592,1436,0,-29905,17162,37457,22270
2580,14891,249,550,32,1026,2,5,2592,1692,0,-9420,15882,37377,1785
2581,14378,25,634,1712,3842,0,2,2592,1948,0,-1230,16394,-28191,-6405
2582,17451,217,518,1264,1794,4091,4084,2623,156,16,-17602,19467,-27999,-22777
2583,17195,233,578,1136,2818,4095,4095,2623,412,16,-13507,19211,-27983,-18682
2584,18731,73,582,1648,3842,4093,4090,2623,668,16,27447,20747,37649,22272
2585,16426,217,578,1952,2050,4092,4087,2623,924,16,-9408,18442,37793,-14583
2586,18219,73,778,800,2051,4093,4089,2623,1180,16,27449,16650,-27855,14096
2587,17963,89,810,688,3843,4095,4095,2623,1436,16,23354,16906,-27871,18191
2588,18731,137,827,1184,259,4095,4093,2623,1692,16,-29891,16138,-27919,5900
2589,25132,249,802,1968,1794,10,25,2608,1948,0,-1194,9736,-27519,-22797
2590,31022,105,790,2016,2050,9,23,2624,156,0,27501,15626,-27151,5898
2591,30254,153,798,112,1795,1,3,2624,412,0,-25750,14858,-27103,18183
2592,29230,89,774,416,3075,4094,4092,2639,668,16,-9362,13834,-27167,-30965
2593,27694,185,635,1264,3074,2,6,2624,924,0,31604,12298,-27071,10001
2594,29486,41,591,496,2,3,7,2624,1180,0,2925,10506,38353,-26856
2595,33325,57,519,1584,1026,4090,4081,2639,1436,16,-1186,6666,-26943,-22745
2596,33837,89,619,1456,2,1,2,2624,1692,0,7008,6155,-26975,-30939
2597,34605,41,598,1632,2,4095,4093,2639,1948,16,-5277,5386,-26927,-18654
2598,32045,137,618,624,770,4,10,2640,156,0,19289,2826,38449,5912
2599,31533,169,626,2032,770,4095,4094,2655,412,16,27479,2314,38481,14102
2600,37931,57,619,176,3,4086,4071,2655,668,16,-9410,8712,38881,-22787
2601,44333,169,774,1520,1794,10,25,2640,924,0,27429,15114,38481,14052
2602,43565,121,598,1008,1794,1,3,2640,1180,0,-25816,15882,38529,1761
2603,44588,57,562,368,2818,1,4,2640,1436,0,-9436,14858,38593,-14619
2604,49195,89,526,2032,3842,4088,4078,2655,1692,16,-1226,10251,-27231,-22829
2605,52268,153,602,96,1026,5,12,2640,1948,0,15170,7179,38497,26311
2606,52268,153,639,2032,2,0,0,2656,156,0,15170,7179,38497,26311
2607,55851,185,547,1952,2306,4090,4082,2671,412,16,23376,10762,-27263,-31019
2608,56875,249,626,1392,2818,1,4,2656,668,0,6988,11786,-27199,18129
2609,56875,249,630,1888,2,0,0,2656,924,0,6988,11786,-27199,18129
2610,60716,233,634,304,1794,6,15,2656,1180,0,11069,7945,38097,14048
2611,62507,121,566,1504,2050,4093,4089,2671,1436,16,-25802,6153,38209,-14617
2612,62763,137,602,1312,2050,0,1,2656,1692,0,-21705,5897,38193,-18714
2613,61739,201,599,880,2,2,4,2656,1948,0,-5325,6921,38129,30442
2614,62507,249,550,864,2,4095,4093,2687,156,16,6966,7690,38177,-22803
2615,62763,233,598,1200,2818,0,1,2672,412,0,2871,7946,38161,-26898
2616,62251,201,610,1312,2,1,2,2672,668,0,11065,7434,38129,-18704
2617,63019,153,795,112,1027,1,3,2672,924,0,23350,8202,38081,-6419
2618,61995,89,634,1456,3842,1,4,2672,1180,0,-25798,9226,38145,-22807
2619,60204,201,575,1712,1026,4093,4089,2687,1436,16,11073,11018,38033,5858
2620,59948,185,587,1008,3074,0,1,2672,1692,0,6976,11274,38049,9955
2621,61484,89,562,96,3074,2,6,2672,1948,0,-17594,9737,38145,-31011
2622,61740,105,603,1248,3330,0,1,2688,156,0,-13497,9993,38161,-26914
2623,60460,185,566,304,770,2,5,2688,412,0,6978,8714,38241,-6439
2624,60204,169,543,544,3330,4095,4095,2703,668,16,11075,8458,38225,-2342
2625,59948,185,350,1328,2817,0,1,2688,924,0,6980,8202,38241,-6437
2626,52267,217,335,288,3330,4083,4066,2703,1180,16,-1182,15883,38721,1725
2627,52522,201,358,1696,3073,4095,4095,2703,1436,16,2913,15628,38737,-2370
2628,52011,169,367,1888,2305,4095,4094,2703,1692,16,-5281,16139,38769,5824
2629,52523,137,538,608,1026,4095,4094,2703,1948,16,-13471,15627,38801,14014
2630,53035,169,534,560,770,4095,4094,2719,156,16,-5277,16139,38833,22208
2631,53291,153,379,1776,3073,0,1,2704,412,0,-9372,16395,38817,18113
2632,53291,153,514,32,2,0,0,2704,668,0,-9372,16395,38817,18113
2633,52267,217,530,608,3074,4094,4092,2719,924,16,-25752,15371,38881,1733
2634,51242,153,382,1520,3841,1,4,2704,1180,0,-9364,16395,38945,-14655
2635,56617,73,522,2016,3073,8,21,2704,1436,0,11095,11021,-26255,30422
2636,56617,73,531,240,1026,0,0,2704,1692,0,11095,11021,-26255,30422
2637,55849,121,527,480,258,4095,4093,2719,1948,16,23380,11789,-26303,18137
2638,57385,217,574,304,2818,2,6,2720,156,0,-17574,13325,-26207,-22817
2639,50475,137,526,1456,769,11,27,2720,412,0,27455,6415,-25775,22212
2640,44332,9,363,32,2306,4086,4072,2735,668,16,-5289,272,39377,-10532
2641,44588,249,543,560,3074,4095,4095,2735,924,16,-1194,528,-26175,-6437
2642,40747,9,539,1952,258,4090,4081,2735,1180,16,-5275,4369,-25935,-2356
2643,39980,57,559,368,2050,1,3,2720,1436,0,-17560,5137,-25983,9929
2644,38700,233,603,1888,1282,4094,4091,2735,1692,16,27491,6417,39633,30414
2645,31530,169,771,1184,2306,11,28,2720,1948,0,11079,13587,39185,-18710
2646,32811,249,566,1328,770,4094,4091,2751,156,16,31564,14867,39265,1775
2647,32555,9,598,1440,3074,4095,4095,2751,412,16,-29877,14611,-26255,5870
2648,32811,25,587,1264,3074,4095,4095,2751,668,16,31562,14867,-26239,1773
2649,33323,249,602,1184,2,1,2,2736,924,0,-25784,15379,39265,9963
2650,35371,121,578,1824,2,4093,4088,2751,1180,16,6976,13331,-26399,-22797
2651,27437,105,623,864,2307,4083,4065,2751,1436,16,11103,21265,-26895,-26924
2652,27949,137,802,672,2051,4095,4094,2751,1692,16,19297,20753,-26927,30418
2653,34351,249,791,1760,2306,10,25,2736,1948,0,-17542,14351,-26527,1721
2654,34863,25,626,1568,2,1,2,2752,156,0,-9348,14863,39041,9915
2655,36142,201,566,1328,770,4094,4091,2767,412,16,-29823,16143,-26575,-10560
2656,36398,217,574,880,1794,0,1,2752,668,0,31616,16399,-26559,-14657
2657,35886,249,626,1584,3842,0,2,2752,924,0,23426,15887,-26527,-22847
2658,37679,105,594,560,3842,2,7,2752,1180,0,-5253,14094,38897,5832
2659,36911,153,623,1456,1026,1,3,2752,1436,0,-17538,14862,38849,18117
2660,37679,201,590,864,2050,1,3,2752,1692,0,-5247,14094,38801,5826
2661,36910,249,578,736,1026,1,3,2752,1948,0,7038,14863,38753,-6459
2662,36654,233,526,48,2818,0,1,2768,156,0,2941,14607,38737,-10556
2663,36654,233,371,1776,1025,0,0,2768,412,0,2941,14607,38737,-10556
2664,37678,41,323,1392,3073,4094,4092,2783,668,16,-13447,15630,-26735,-26944
2665,35886,153,299,1376,1281,4093,4089,2783,924,16,23424,13838,-26623,9927
2666,36654,201,531,560,2,4095,4093,2783,1180,16,11133,13070,-26671,22218
2667,35374,25,539,864,1282,4094,4091,2783,1436,16,-9342,14349,38785,-22843
2668,34350,217,567,416,3330,1,4,2768,1692,0,-25730,15373,-26687,-6455
2669,33838,249,374,2032,1793,4095,4094,2783,1948,16,-17540,15885,-26719,-14645
2670,33838,249,523,176,2,0,0,2784,156,0,-17540,15885,-26719,-14645
2671,28720,57,515,2032,1025,8,20,2784,412,0,-1176,10766,-26399,1719
2672,27952,9,527,544,3330,4094,4093,2799,668,16,11115,9999,-26447,14010
2673,27952,9,582,1072,770,0,0,2784,924,0,11115,9999,-26447,14010
2674,26671,185,567,1312,1282,4094,4091,2799,1180,16,31600,11279,39169,-6475
2675,25136,25,574,352,2050,2,6,2784,1436,0,7030,12815,-26463,18095
2676,24880,9,526,240,3842,4095,4095,2799,1692,16,2933,13071,-26447,22192
2677,23856,73,347,1008,3073,1,4,2784,1948,0,19313,14095,-26511,5812
2678,25904,201,334,2016,1,4093,4088,2815,156,16,-13447,16143,-26383,-26948
2679,19506,89,363,160,258,4086,4071,2815,412,16,23392,9745,-25983,9891
2680,19506,89,523,96,1282,0,0,2800,668,0,23392,9745,-25983,9891
2681,17713,201,550,1312,1026,4093,4089,2815,924,16,-5273,7952,-25871,-18774
2682,15921,89,606,672,1026,3,7,2800,1180,0,23406,9745,-25759,18083
2683,9522,233,383,480,258,4086,4071,2815,1436,16,-13433,16143,39377,-10614
2684,3124,89,535,1760,2305,10,25,2800,1692,0,15214,22542,-25759,26275
2685,8501,9,523,2032,3073,8,21,2800,1948,0,-5245,17164,40113,-18802
2686,15415,185,527,1440,1281,11,27,2816,156,0,-25698,24078,-24991,26281
2687,13367,57,315,48,2049,3,8,2816,412,0,7062,22031,40673,-6495
2688,9272,57,271,1840,3073,4089,4080,2831,668,16,7078,17936,-25119,-6479
2689,9528,41,379,2032,3073,4095,4095,2831,924,16,11173,18192,-25135,-2384
2690,9785,57,298,480,3073,0,1,2816,1180,0,7076,17936,-25151,1713
2691,9785,57,282,416,1,0,0,2816,1436,0,7076,17936,-25151,1713
2692,8505,233,290,1008,769,4094,4091,2831,1692,16,-13409,19215,40465,22198
2693,11322,57,263,1184,3329,4091,4085,2831,1948,16,7082,16399,40641,1707
2694,11065,41,347,1312,2305,0,1,2832,156,0,2985,16143,40625,-2390
2695,11577,9,307,560,1,1,2,2832,412,0,-5205,16654,40593,-10580
2696,5179,121,282,1888,1024,10,25,2832,668,0,31684,10256,40193,26309
2697,4923,137,270,288,3073,4095,4095,2847,924,16,27589,10000,40209,22214
2698,6971,9,263,864,257,4093,4088,2847,1180,16,-5187,7951,-25455,-10546
2699,5948,73,298,1056,2049,4094,4092,2847,1436,16,-21567,8975,-25519,5834
2700,5948,73,374,1824,1025,0,0,2832,1692,0,-21567,8975,-25519,5834
2701,9020,137,358,352,1,5,12,2832,1948,0,-5171,5902,40209,-10562
2702,5692,185,286,1760,1,4091,4083,2863,156,16,7104,2574,-25535,1713
2703,6715,121,275,624,3073,4094,4092,2863,412,16,-9276,3597,-25599,-14667
2704,3900,201,262,1200,2817,4091,4085,2863,668,16,-29745,782,39761,30400
2705,4668,153,535,608,258,4095,4093,2863,924,16,-17460,1550,39713,-22851
2706,3132,57,519,688,3074,4093,4090,2863,1180,16,7122,3087,39809,18103
2707,6203,121,554,1840,1794,4091,4084,2863,1436,16,-9274,15,-25535,-31037
2708,6715,153,615,1392,2,1,2,2848,1692,0,-1080,-497,-25568,26305
2709,6971,137,619,1760,3330,4095,4095,2863,1948,16,-5175,-753,-25552,30400
2710,3898,201,631,608,258,5,12,2864,156,0,11197,-3825,39792,-18764
2711,4922,137,542,48,2818,1,4,2864,412,0,-5183,-2802,39728,30392
2712,7481,41,527,1264,2,4092,4086,2879,668,16,19383,-242,-25648,-10578
2713,8506,233,599,944,3074,1,4,2864,924,0,-29773,782,39825,5802
2714,8250,217,527,96,2306,0,1,2864,1180,0,-25676,1038,39841,1705
2715,8250,217,371,1760,1281,0,0,2864,1436,0,-25676,1038,39841,1705
2716,7738,185,382,1776,3841,0,2,2864,1692,0,31666,1550,39873,9899
2717,7738,185,382,1968,769,0,0,2864,1948,0,31666,1550,39873,9899
2718,7994,201,286,304,2817,0,1,2880,156,0,-29773,1806,39889,13996
2719,7738,217,327,928,3329,0,1,2880,412,0,-25678,1550,39905,18091
2720,7738,217,307,736,1281,0,0,2880,668,0,-25678,1550,39905,18091
2721,9786,89,259,880,3073,4092,4088,2895,924,16,7082,3599,39777,-14685
2722,11067,169,318,368,1793,2,5,2880,1180,0,-13403,2318,39697,5800
2723,10811,185,366,1648,1793,0,1,2880,1436,0,-17498,2574,39681,9895
2724,6204,153,266,1952,1,4089,4078,2895,1692,16,-25708,7181,-25567,18105
2725,5436,201,299,304,2049,1,3,2880,1948,0,-13423,7949,-25615,5820
2726,6716,25,306,1264,769,4094,4091,2911,156,16,7062,9230,40001,26305
2727,6716,25,339,1312,257,0,0,2896,412,0,7062,9230,40001,26305
2728,8252,121,298,1200,3841,4093,4090,2911,668,16,-17520,10765,40097,1723
2729,8252,121,519,112,2,0,0,2896,924,0,-17520,10765,40097,1723
2730,7995,105,383,1824,3329,0,1,2896,1180,0,-13423,11021,40113,-2374
2731,1853,233,362,48,1794,4086,4072,2911,1436,16,19369,17164,-25807,30370
2732,1597,217,547,368,3074,0,1,2896,1692,0,15272,17420,-25791,-31069
2733,61500,56,374,48,770,4087,4074,2911,1948,16,-25710,23053,-26143,9913
2734,60731,8,514,288,2,4095,4093,2927,156,16,27535,22285,-26191,-2378
2735,60731,8,378,1888,1025,0,0,2912,412,0,27535,22285,-26191,-2378
2736,53565,72,371,672,2306,4084,4068,2927,668,16,11179,15119,-26639,-18734
2737,60991,120,382,944,770,4084,4067,2927,924,16,-1138,22544,-27103,-31051
2738,60735,104,543,560,3074,4095,4095,2927,1180,16,2959,22801,-27087,30388
2739,61247,72,622,1952,1026,4095,4094,2927,1436,16,11149,22289,-27055,22198
2740,61503,88,551,496,2050,0,1,2912,1692,0,15246,22033,-27071,18101
2741,62527,24,558,1120,2050,4094,4092,2927,1948,16,-1134,21008,-27007,-31055
2742,63039,56,522,288,2050,4095,4094,2943,156,16,7060,21521,-26975,-22861
2743,59968,248,538,1632,1026,4091,4084,2943,412,16,-9336,18449,-26783,26279
2744,52802,56,563,1904,3073,11,28,2928,668,0,-25692,11283,38305,9923
2745,51265,152,535,944,3074,4093,4090,2943,924,16,15274,9747,38401,-14647
2746,49985,72,555,96,1282,2,5,2928,1180,0,-29777,11027,38481,30404
2747,49985,72,547,544,258,0,0,2928,1436,0,-29777,11027,38481,30404
2748,50241,88,590,1312,3074,4095,4095,2943,1692,16,-25680,10771,38465,26307
2749,48705,184,594,1888,3074,4093,4090,2943,1948,16,-1110,12307,38369,1737
2750,47680,120,531,688,2050,4094,4092,2959,156,16,-17498,11283,38305,-14651
2751,43585,120,635,224,3330,6,16,2944,412,0,-17514,7188,-26975,-14667
2752,43585,120,530,240,770,0,0,2944,668,0,-17514,7188,-26975,-14667
2753,44610,56,570,1312,2050,4094,4092,2959,924,16,-1134,8212,-27039,1713
2754,44353,40,570,944,3842,4095,4095,2959,1180,16,2963,8469,-27023,-2384
2755,46145,184,583,1840,1026,4093,4089,2959,1436,16,31628,6677,38625,-31049
2756,40514,88,630,48,771,4087,4074,2959,1692,16,7030,12308,-26559,-6451
2757,40770,72,778,240,2819,4095,4095,2959,1948,16,2935,12052,-26543,-2356
2758,48452,40,574,32,3075,4083,4066,2975,156,16,-5227,19733,-26063,-10518
2759,48708,24,599,1184,3330,0,1,2960,412,0,-9322,19989,-26079,-14613
2760,47940,232,591,880,2050,1,3,2960,668,0,2969,19222,39409,-2322
2761,47940,232,570,928,2,0,0,2960,924,0,2969,19222,39409,-2322
2762,49733,88,550,1328,770,4093,4089,2975,1180,16,-25710,17429,-26239,26357
2763,52548,168,635,800,2306,4,11,2960,1436,0,19335,14614,39473,-18688
2764,50757,56,582,304,770,3,7,2960,1692,0,-9344,16405,39585,9991
2765,51013,40,346,1312,2049,0,1,2960,1948,0,-13439,16149,39601,14086
2766,50501,8,374,2016,2049,4095,4094,2991,156,16,-21633,15637,39569,5892
2767,50245,24,342,1200,2817,0,1,2976,412,0,-17538,15381,39585,9987
2768,48453,168,302,1440,1025,4093,4089,2991,668,16,11141,13590,-26063,-26870
2769,46149,56,338,304,3841,3,9,2976,924,0,-25714,11285,39617,1811
2770,48453,200,371,880,3073,3,9,2976,1180,0,2949,8981,39473,-26852
2771,51012,40,303,1696,1281,4092,4086,2991,1436,16,-21637,6421,39633,-2266
2772,51012,40,278,288,1025,0,0,2976,1692,0,-21637,6421,39633,-2266
2773,50500,72,286,240,3841,0,2,2976,1948,0,-13447,6933,39601,-10456
2774,54341,56,267,1696,257,4090,4081,3007,156,16,-17528,10774,-25695,-14537
2775,54853,24,342,1072,769,1,2,2992,412,0,-25718,11286,-25727,-22727
2776,54341,248,366,1456,769,1,2,2992,668,0,-17524,10774,39777,-14533
2777,55366,184,350,1008,3841,1,4,2992,924,0,-1144,11798,39713,1847
2778,55109,168,287,352,2305,0,1,2992,1180,0,2953,12055,39729,-2250
2779,54342,216,286,736,1,4095,4093,3007,1436,16,-9332,12822,39681,10035
2780,54086,200,127,1840,3072,0,1,2992,1692,0,-13429,13078,39697,14132
2781,56390,56,118,928,3072,3,9,2992,1948,0,15252,10774,39841,-14549
2782,56902,88,62,752,3840,0,2,3008,156,0,23446,11286,39873,-6355
2783,56902,88,94,1440,1024,0,0,3008,412,0,23446,11286,39873,-6355
2784,50760,216,115,160,2305,4086,4072,3023,668,16,-9298,5143,39489,26437
2785,51272,184,275,432,2049,4095,4094,3023,924,16,-1108,5655,39457,-30909
2786,48711,24,306,1760,1025,4092,4086,3023,1180,16,-25674,8216,39617,-6343
2787,44872,8,362,32,2049,6,15,3008,1436,0,-21563,12055,-26159,-10454
2788,46152,88,291,32,257,2,5,3008,1692,0,-1078,10775,-26239,-30939
2789,53066,168,350,176,770,4085,4069,3023,1948,16,19429,3862,-25807,14090
2790,46408,8,523,1504,3329,10,26,3024,156,0,-21557,-2796,39312,-26896
2791,47944,168,299,32,2305,2,6,3024,412,0,19409,-1260,-26320,14070
2792,48456,200,279,480,2305,4095,4094,3039,668,16,11215,-748,-26288,5876
2793,49480,136,298,240,2817,1,4,3024,924,0,27595,276,-26351,22256
2794,52809,88,263,1392,1,4091,4083,3039,1180,16,-25666,-3053,38976,9981
2795,54344,248,358,992,2049,2,6,3024,1436,0,-1096,-4589,-26464,-14589
2796,56136,104,290,1248,1025,4093,4089,3039,1692,16,27583,-6380,38960,22268
2797,54599,200,346,2016,3073,4093,4090,3039,1948,16,-13383,-4844,38864,-2302
2798,55880,24,303,176,1025,2,5,3040,156,0,7102,-3563,-26592,18183
2799,56648,232,278,608,1,4095,4093,3055,412,16,-5183,-2796,38896,5898
2800,57671,40,354,1056,1,2,4,3040,668,0,-21571,-1772,-26576,-10490
2801,58183,8,358,1760,2049,4095,4094,3055,924,16,-13381,-1260,-26608,-2300
2802,61256,200,371,560,1,5,12,3040,1180,0,2991,-4332,-26800,-18672
2803,61000,216,294,416,3073,0,1,3040,1436,0,-1104,-4077,-26816,-14577
2804,57929,24,295,1824,1281,4091,4084,3055,1692,16,15268,-1005,-26624,-30949
2805,58953,216,275,624,3073,4094,4092,3055,1948,16,-1112,-2030,38976,-14569
2806,59209,232,262,160,3073,4095,4095,3071,156,16,2985,-1773,38992,-10472
2807,62281,40,371,496,1025,5,12,3056,412,0,19381,1298,38801,5924
2808,4167,249,334,112,1794,4084,4067,3071,668,16,31640,8720,-26271,18183
2809,5703,153,587,480,3330,2,6,3056,924,0,-9326,10256,-26367,-22783
2810,5959,169,523,224,3330,4095,4095,3071,1180,16,-13423,10000,-26383,-18686
2811,6983,105,359,1200,3073,1,4,3056,1436,0,2957,8977,-26319,30470
2812,7751,153,523,432,2,4095,4093,3071,1692,16,15248,8209,-26367,18179
2813,14408,249,551,1968,3073,10,26,3056,1948,0,-25686,1551,-25951,-6423
2814,8263,121,367,112,2050,4086,4072,3087,156,16,7058,-4594,39200,26321
2815,1864,9,523,1648,1025,10,25,3072,412,0,-21639,-10993,39600,-2376
2816,2888,73,339,816,1,2,4,3072,668,0,27509,-9969,39664,-18764
2817,1096,185,359,864,257,3,7,3072,924,0,-1156,-11762,39776,18107
2818,328,137,358,1888,1,4095,4093,3087,1180,16,11135,-10993,39824,5816
2819,328,137,519,32,1282,0,0,3072,1436,0,11135,-10993,39824,5816
2820,584,153,359,1504,2305,0,1,3072,1692,0,15232,-11249,39808,1719
2821,1352,105,342,1632,1,4095,4093,3087,1948,16,2947,-12017,39856,14004
2822,8778,57,330,112,770,4084,4067,3103,156,16,-9312,-4592,40320,1745
2823,1867,233,358,288,1026,4085,4069,3103,412,16,-29819,-11502,-24784,-18762
2824,7754,89,375,160,3330,4086,4073,3103,668,16,7022,-5615,-24416,18079
2825,9290,249,363,1072,2049,2,6,3088,924,0,31592,-4079,41024,-22887
2826,9546,9,339,1392,3073,4095,4095,3103,1180,16,27495,-4335,-24528,-18790
2827,10570,201,342,864,1,2,4,3088,1436,0,-21661,-5359,41072,30366
2828,13897,153,267,1520,3073,4090,4083,3103,1692,16,31600,-8686,-24672,-22895
2829,14409,121,295,368,1,1,2,3088,1948,0,23410,-9198,-24640,-14705
2830,15690,201,310,304,769,2,5,3104,156,0,-21641,-7918,-24560,5780
2831,15178,233,295,352,257,1,2,3104,412,0,-13451,-8430,-24528,13970
2832,14154,169,299,1008,3073,4094,4092,3119,668,16,2937,-9453,-24592,30358
2833,21324,233,378,688,3842,4084,4068,3119,924,16,-13475,-2284,-25040,13946
2834,21836,9,530,32,2,1,2,3104,1180,0,-21669,-2796,40464,22140
2835,21836,9,375,1840,1025,0,0,3104,1436,0,-21669,-2796,40464,22140
2836,27466,105,519,1840,1025,9,22,3104,1692,0,2929,-8426,-25424,-2458
2837,26186,185,331,608,1281,2,5,3104,1948,0,23404,-7146,-25504,-22933
2838,26442,201,315,992,3329,4095,4095,3135,156,16,27501,-6890,-25488,-18836
2839,25418,9,315,1312,2305,4094,4092,3135,412,16,-21655,-7914,40112,-2456
2840,26442,73,338,1632,3073,4094,4092,3135,668,16,27493,-6890,40176,-18844
2841,24906,169,519,672,3330,4093,4090,3135,924,16,2923,-8426,40272,22122
2842,23369,73,375,1248,2305,2,6,3120,1180,0,27505,-6890,40368,-2460
2843,21834,169,310,1392,3841,4093,4090,3135,1436,16,2935,-5354,40272,22110
2844,20042,57,362,944,3841,2,7,3120,1692,0,-25744,-3563,40384,-14747
2845,19530,89,330,1328,1793,4095,4094,3135,1948,16,-17554,-3051,40352,-22937
2846,18506,25,354,1888,3073,4094,4092,3151,156,16,31594,-4075,40288,26211
2847,16970,121,574,288,3074,2,6,3136,412,0,-9372,-5611,40384,-14755
2848,18250,201,351,992,257,2,5,3136,668,0,-29857,-4331,40464,30296
2849,16714,41,338,608,3073,2,6,3136,924,0,11109,-5867,-24976,5726
2850,16201,9,299,880,1025,4095,4094,3151,1180,16,19303,-5355,-24944,-2468
2851,20808,233,258,1904,2817,4088,4078,3151,1436,16,27477,-9962,-24656,-10642
2852,16457,217,262,1840,769,4089,4079,3151,1692,16,23364,-5611,41152,-6529
2853,15177,41,383,1456,1025,2,5,3136,1948,0,-21697,-4331,-24464,-27004
2854,16713,137,319,1632,2305,4093,4090,3167,156,16,2885,-2794,-24368,-2422
2855,17737,73,382,1584,2817,1,4,3152,412,0,-13495,-1771,-24432,-18802
2856,17481,57,347,1248,3329,0,1,3152,668,0,-9398,-2027,-24448,-14705
2857,16713,105,339,1584,1,4095,4093,3167,924,16,-21683,-2795,-24400,-26990
2858,17993,185,274,736,1025,4094,4091,3167,1180,16,23368,-4075,-24480,-6505
2859,16458,25,335,1840,3073,4093,4090,3167,1436,16,-1202,-2540,40960,18065
2860,16970,57,370,2016,1025,4095,4094,3167,1692,16,6992,-3051,40928,9871
2861,17994,249,378,1520,2817,1,4,3152,1948,0,-9388,-4076,-24544,26251
2862,19018,57,338,816,3841,1,4,3168,156,0,7000,-3051,41056,-22897
2863,20298,233,322,1568,1,4094,4091,3183,412,16,-13475,-1772,-24560,22164
2864,22089,89,383,1248,257,3,7,3168,668,0,23382,20,41089,-6515
2865,24394,201,319,1888,2305,4092,4087,3183,924,16,-5299,2324,-24591,30340
2866,19017,121,378,32,2050,4087,4075,3183,1180,16,15202,7702,41281,9839
2867,17737,201,339,800,257,2,5,3168,1436,0,-5273,8981,41201,30314
2868,16457,121,298,1120,1025,4094,4091,3183,1692,16,-25758,10261,41281,-14737
2869,18506,249,330,2016,3073,4092,4088,3183,1948,16,7018,8213,-24127,18023
2870,17738,201,355,1184,2305,1,3,3184,156,0,-5273,7444,-24175,5732
2871,18761,137,326,608,1,2,4,3184,412,0,-21653,8468,-24239,-10648
2872,20041,217,267,608,1281,4094,4091,3199,668,16,23398,9748,-24159,-31133
2873,11847,217,366,992,2,4083,4064,3199,924,16,23430,1554,-23647,-31101
2874,9542,73,586,240,2818,3,9,3184,1180,0,-5233,3858,-23503,-2438
2875,7751,185,546,1200,1794,4093,4089,3199,1436,16,31638,5650,-23615,26227
2876,4424,233,614,224,2050,5,13,3184,1692,0,-21623,8977,42129,13952
2877,6216,121,599,560,1026,3,7,3184,1948,0,15248,7185,42241,-22919
2878,14666,137,550,1184,3073,13,33,3200,156,0,19377,15635,42769,-18790
2879,15946,57,342,1824,1025,4094,4091,3215,412,16,-1098,16914,42689,26271
2880,16202,73,378,1824,2049,0,1,3200,668,0,-5195,17170,42705,22174
2881,16202,73,383,1952,1281,0,0,3200,924,0,-5195,17170,42705,22174
2882,9032,137,367,608,2306,4084,4068,3215,1180,16,-21551,24340,43153,-27006
2883,9032,137,559,736,258,0,0,3200,1436,0,-21551,24340,43153,-27006
2884,9800,185,567,560,1026,1,3,3200,1692,0,-9260,23572,43105,26239
2885,3398,73,531,1712,2049,10,25,3200,1948,0,27579,29974,42705,-10600
2886,10312,249,358,304,770,4085,4069,3231,156,16,7126,-28648,-22399,-31053
2887,11080,201,362,1328,1793,1,3,3216,412,0,-5159,-27881,-22447,22198
2888,11592,233,307,944,2049,4095,4094,3231,668,16,-13353,-27369,-22415,14004
2889,12616,169,294,176,2817,1,4,3216,924,0,3027,-26344,-22479,30384
2890,12104,137,279,96,257,1,2,3216,1180,0,11221,-25832,-22447,22190
2891,15943,153,383,416,1281,6,15,3216,1436,0,7110,-29671,43329,26301
2892,12872,217,366,432,769,5,12,3216,1692,0,23482,-26600,-22015,9929
2893,11847,25,263,432,3073,4094,4092,3231,1948,16,-25674,-25576,43457,-6451
2894,17737,137,271,1840,3072,9,23,3232,156,0,3021,-19686,-21711,22244
2895,19272,41,286,1056,3073,4093,4090,3247,412,16,-21549,-18151,-21807,-2326
2896,20552,121,350,944,769,2,5,3232,668,0,23502,-16871,-21727,-22811
2897,13638,41,303,1952,1280,11,27,3232,924,0,-21527,-23785,-21295,-2304
2898,14919,121,115,1312,256,2,5,3232,1180,0,23524,-25065,-21375,18181
2899,17734,201,58,2032,2816,4091,4085,3247,1436,16,3033,-27880,44337,-26864
2900,14663,9,15,1456,1024,4091,4084,3247,1692,16,19405,-24809,44529,22300
2901,15175,233,87,1504,2304,4095,4094,3247,1948,16,11215,-25321,-20975,30490
2902,14151,169,123,1456,0,2,4,3248,156,0,-5173,-26346,-21039,14102
2903,6473,137,79,240,1,4084,4066,3263,412,16,-13395,31512,-20559,5880
2904,7240,185,307,1056,257,4095,4093,3263,668,16,-25686,32280,-20511,-6411
2905,8777,89,323,416,2305,2,6,3248,924,0,-1116,-31720,-20607,18159
2906,6984,233,114,1056,0,3,7,3248,1180,0,27563,-29927,45041,-10520
2907,6217,25,59,1184,256,4095,4093,3263,1436,16,15278,-29159,-20543,1765
2908,6728,57,82,1456,1792,4095,4094,3263,1692,16,23472,-29671,-20575,-6429
2909,7753,249,98,1072,3840,1,4,3248,1948,0,7092,-30695,45025,9951
2910,9033,73,94,880,1792,2,5,3264,156,0,27577,-29415,-20431,30436
2911,9033,73,119,1888,256,0,0,3264,412,0,27577,-29415,-20431,30436
2912,8521,41,262,224,2049,4095,4094,3279,668,16,-29765,-29927,-20463,-26906
2913,11338,121,271,1312,3329,4091,4085,3279,924,16,15280,-27110,44897,18139
2914,10057,41,326,1584,769,4094,4091,3279,1180,16,-29771,-25830,44977,-2346
2915,8266,153,339,560,1,3,7,3264,1436,0,7100,-24038,44865,26319
2916,8778,185,307,544,257,1,2,3264,1692,0,15294,-24550,44833,18125
2917,8010,233,306,432,1793,1,3,3264,1948,0,27579,-23782,44785,5840
2918,6217,121,342,608,1,3,7,3280,156,0,-1100,-25575,44673,-22839
2919,6473,105,274,176,1793,0,1,3280,412,0,-5195,-25319,44657,-26934
2920,6985,137,258,176,1793,4095,4094,3295,668,16,-13389,-24807,44689,30408
2921,6473,169,110,1904,1792,4095,4094,3295,924,16,-21579,-25319,44721,22218
2922,8521,41,287,1248,257,4093,4088,3295,1180,16,11181,-27367,-20943,-10542
2923,9289,249,335,864,2305,1,3,3280,1436,0,23466,-28135,44641,-22827
2924,9801,25,294,816,769,4095,4094,3295,1692,16,31660,-28647,-20927,-31021
2925,8777,89,298,1008,2817,4094,4092,3295,1948,16,-17496,-27623,-20991,18135
2926,9289,121,318,736,1,1,2,3296,156,0,-9302,-27111,-20959,26329
2927,9033,137,334,1136,1793,0,1,3296,412,0,-5207,-27367,-20943,30424
2928,12616,105,355,96,3329,5,14,3296,668,0,2971,-23783,44817,-26934
2929,16969,89,275,2032,1025,4089,4079,3311,924,16,7050,-19430,-20991,-22855
2930,17737,137,335,944,1025,1,3,3296,1180,0,-5241,-20199,-21039,-10564
2931,19273,41,270,800,3073,4093,4090,3311,1436,16,19329,-21734,-20943,30402
2932,18761,9,323,1200,2049,4095,4094,3311,1692,16,11135,-21222,-20911,-26940
2933,19273,233,291,736,1281,4095,4094,3311,1948,16,2945,-21734,44657,-18750
2934,19529,249,334,1328,2817,4095,4095,3327,156,16,7042,-21478,44673,-14653
2935,13899,89,374,48,770,4087,4074,3327,412,16,31596,-27109,45025,9901
2936,13643,73,379,1760,3329,0,1,3312,668,0,-29843,-27365,45009,13998
2937,13387,89,351,1584,3073,4095,4095,3327,924,16,31598,-27621,45025,9903
2938,12618,41,383,1712,1025,1,3,3312,1180,0,-21647,-26853,45073,-2388
2939,9547,233,542,1712,770,4091,4084,3327,1436,16,-5251,-23782,44881,-18784
2940,9547,233,635,1904,1026,0,0,3312,1692,0,-5251,-23782,44881,-18784
2941,10315,185,539,112,1026,1,3,3312,1948,0,-17536,-24550,44929,-6499
2942,10315,185,631,1840,1026,0,0,3328,156,0,-17536,-24550,44929,-6499
2943,11595,105,523,688,2,4094,4091,3343,412,16,27525,-23270,44849,-26974
2944,10315,25,559,1264,2,4094,4091,3343,668,16,-17526,-24550,44769,-6489
2945,9035,105,551,48,1026,2,5,3328,924,0,27535,-25830,44849,-26964
2946,8523,73,626,2032,770,4095,4094,3343,1180,16,-29807,-25318,44881,30378
2947,4684,57,623,112,2050,6,15,3328,1436,0,-25696,-21479,-20895,26267
2948,5452,105,542,112,1794,1,3,3328,1692,0,-13405,-22247,-20943,13976
2949,1611,89,634,352,1026,6,15,3328,1948,0,-17516,-18406,44353,18087
2950,2379,137,547,800,258,4095,4093,3359,156,16,-5225,-17638,44401,30378
2951,2635,121,535,224,2306,0,1,3344,412,0,-9320,-17382,44385,26283
2952,1355,41,623,1248,258,2,5,3344,668,0,11165,-18661,44305,-18768
2953,1867,9,598,1136,3842,0,2,3344,924,0,19355,-18149,44273,-10578
2954,331,169,571,224,3330,2,6,3344,1180,0,-21599,-16613,-21167,30376
2955,331,169,535,352,258,0,0,3344,1436,0,-21599,-16613,-21167,30376
2956,64587,88,374,1328,769,2,5,3344,1692,0,23452,-15333,-21087,-14675
2957,64075,120,298,880,769,4095,4094,3359,1948,16,31642,-14821,-21119,-22865
2958,64331,136,331,1008,3073,0,1,3360,156,0,-29797,-14565,-21103,-18768
2959,6217,185,347,352,1282,4084,4067,3375,412,16,-17480,-7143,-21567,-6451
2960,5961,169,526,288,3074,4095,4095,3375,668,16,-13383,-7399,-21583,-2354
2961,5705,185,526,48,2818,0,1,3360,924,0,-17478,-7655,-21567,-6449
2962,4681,121,346,1824,2049,4094,4092,3375,1180,16,-1090,-6631,-21503,-22837
2963,4425,137,355,1456,2049,0,1,3360,1436,0,-5185,-6375,-21519,-18742
2964,9800,217,518,1952,3073,8,21,3360,1692,0,15316,-11749,43681,26293
2965,11080,137,522,608,1026,4094,4091,3375,1948,16,-5159,-13030,43761,-18768
2966,11080,137,363,1712,1,0,0,3376,156,0,-5159,-13030,43761,-18768
2967,12616,41,379,1328,2049,2,6,3376,412,0,-29729,-11494,43665,22198
2968,13384,89,539,672,258,4095,4093,3391,668,16,23516,-10726,43713,9907
2969,13640,73,546,416,2050,0,1,3376,924,0,27611,-10470,43697,14002
2970,13128,41,570,688,3842,0,2,3376,1180,0,-29731,-9958,43729,5808
2971,12872,57,546,560,3842,4095,4095,3391,1436,16,31710,-9702,43713,9903
2972,15687,233,547,1648,3074,4091,4085,3391,1692,16,11241,-12517,43537,30372
2973,16199,201,618,1456,3842,0,2,3376,1948,0,3051,-13029,43569,-26974
2974,14919,121,599,1840,1026,4094,4091,3407,156,16,-17434,-14310,43489,18077
2975,13639,201,623,1248,258,2,5,3392,412,0,3041,-15589,43569,-26984
2976,17990,217,630,48,770,7,17,3392,668,0,-1072,-11239,-21695,-31097
2977,17734,233,542,288,3074,0,1,3392,924,0,-5167,-11495,-21679,30344
2978,18246,9,603,1184,258,1,2,3392,1180,0,-13361,-12007,43825,-26998
2979,11080,201,543,1584,3073,11,28,3392,1436,0,3051,-4840,-22159,22126
2980,3402,233,375,928,3330,4083,4066,3407,1692,16,11213,2838,-21678,13964
2981,4426,169,534,672,3074,4094,4092,3407,1948,16,-5167,1813,-21614,30344
2982,3658,121,547,176,2050,1,3,3408,156,0,-17458,1045,-21662,18053
2983,3658,121,359,1648,1,0,0,3408,412,0,-17458,1045,-21662,18053
2984,62795,232,531,1760,1281,10,25,3408,668,0,19431,-5353,-22063,-10594
2985,62539,248,515,96,3330,4095,4095,3423,924,16,15336,-5609,-22047,-14689
2986,63051,24,558,880,1794,4095,4094,3423,1180,16,7142,-6121,43457,-6495
2987,62795,40,558,800,3074,4095,4095,3423,1436,16,3047,-5865,43441,-2400
2988,63819,104,531,688,2050,4094,4092,3423,1692,16,19435,-6889,43377,-18788
2989,6221,121,563,1632,3329,12,31,3408,1948,0,23562,-14827,43873,-22915
2990,76,249,362,48,1794,4086,4072,3439,156,16,-9230,-20973,43489,9829
2991,65356,8,582,992,2050,0,1,3424,412,0,-5135,-21229,-22031,13924
2992,1099,89,602,816,1794,2,5,3424,668,0,-25620,-19949,-21951,-6561
2993,587,121,558,432,770,1,2,3424,924,0,31726,-20461,-21919,-14751
2994,1099,153,547,288,258,1,2,3424,1180,0,23532,-20973,-21951,-6557
2995,9289,153,382,1184,1026,4083,4064,3439,1436,16,23500,-29163,-21439,-6525
2996,7498,41,562,1440,2050,4093,4089,3439,1692,16,-5179,-27372,-21327,22154
2997,5705,153,627,1008,1026,3,7,3424,1948,0,23486,-25579,-21439,-6511
2998,64328,232,542,1696,1025,11,27,3440,156,0,-21597,-32493,-21871,13942
2999,64328,232,315,880,1025,0,0,3440,412,0,-21597,-32493,-21871,13942
3000,1607,153,294,1712,2817,4091,4085,3455,668,16,-1128,-29678,43841,-31125
3001,1607,153,278,304,769,0,0,3440,924,0,-1128,-29678,43841,-31125
3002,1351,137,362,1504,3073,0,1,3440,1180,0,2969,-29421,43857,30314
3003,71,217,342,1824,1025,4094,4091,3455,1436,16,-17506,-28142,43777,-14747
3004,327,233,274,352,3073,4095,4095,3455,1692,16,-13409,-28398,43761,-18844
3005,63815,104,295,1456,3073,4092,4088,3455,1948,16,19351,-26349,-21903,13932
3006,62790,40,303,1072,3073,4094,4092,3471,156,16,2963,-27373,-21967,-2456
3007,62023,88,335,864,2305,1,3,3456,412,0,15248,-28141,-21919,9829
3008,62023,88,286,416,1025,0,0,3456,668,0,15248,-28141,-21919,9829
3009,61254,136,282,32,2049,1,3,3456,924,0,2963,-28909,-21871,-2456
3010,62279,200,383,1520,1,2,4,3456,1180,0,-13425,-29934,-21935,13932
3011,62023,216,287,368,2049,0,1,3456,1436,0,-17520,-29678,-21951,18027
3012,63047,24,287,32,3329,1,4,3456,1692,0,-1132,-30702,43521,1639
3013,63559,248,79,1376,2304,4095,4094,3471,1948,16,-9322,-31214,-21983,9829
3014,62790,200,39,240,2048,1,3,3472,156,0,-21613,-31982,-22031,-2462
3015,62790,200,6,48,768,0,0,3472,412,0,-21613,-31982,-22031,-2462
3016,61511,120,54,240,1792,2,5,3472,668,0,-1128,32274,-22111,18023
3017,61767,104,30,304,2816,0,1,3472,924,0,2967,32531,-22127,22118
3018,60999,56,118,1520,1792,1,3,3472,1180,0,15258,-32237,-22079,9827
3019,59975,120,7,432,3072,4094,4092,3487,1436,16,-1122,-31214,-22143,26207
3020,63814,104,3,1520,1024,4090,4081,3487,1692,16,-5203,30483,43153,30288
3021,62534,184,86,1888,0,4094,4091,3487,1948,16,15272,31764,43073,9813
3022,55364,248,119,688,3073,4084,4068,3503,156,16,31628,24594,42625,26169
3023,56644,168,311,1312,1281,4094,4091,3503,412,16,11153,25874,42545,5694
3024,57155,200,355,1312,257,1,2,3488,668,0,2959,26386,42577,-2500
3025,58692,104,322,1584,3841,4093,4090,3503,924,16,27529,27922,42481,22070
3026,57155,8,331,1760,3329,4093,4090,3503,1180,16,-13425,29458,42577,-2512
3027,58179,200,279,752,2049,4094,4092,3503,1436,16,2955,28435,-22895,-18892
3028,59203,8,291,112,3073,1,4,3488,1692,0,19343,27411,42577,30256
3029,58179,72,98,1120,3072,1,4,3488,1948,0,-29813,28435,42513,13876
3030,57411,24,118,1568,1024,1,3,3504,156,0,23432,27667,42465,1585
3031,56899,56,102,1824,1024,4095,4094,3519,412,16,31622,27155,42497,9775
3032,57411,88,287,608,2305,4095,4094,3519,668,16,23428,27667,42529,1581
3033,57411,88,291,544,257,0,0,3504,924,0,23428,27667,42529,1581
3034,60483,24,287,1712,1025,4091,4084,3519,1180,16,-25736,24594,-23199,-14791
3035,62275,168,351,688,1025,3,7,3504,1436,0,2929,22803,42449,22080
3036,56644,72,259,1776,1024,9,22,3504,1692,0,-21669,28433,-22735,-18858
3037,61765,8,263,2032,2048,8,20,3504,1948,0,27503,23312,43121,-2494
3038,54596,72,122,736,3073,4084,4068,3535,156,16,-21677,16142,42673,13862
3039,55619,8,307,1136,3073,4094,4092,3535,412,16,27479,17166,42609,-2518
3040,54340,184,311,1392,1,4094,4091,3535,668,16,-17572,15886,-23007,17967
3041,53828,216,335,1008,1,1,2,3520,924,0,-25762,15374,-22975,9777
3042,51779,88,327,1904,1,4093,4088,3535,1180,16,7014,17423,-22847,-22999
3043,49476,232,383,1008,1,4,9,3520,1436,0,-29841,19726,-22991,13856
3044,50244,24,315,608,1281,1,3,3520,1692,0,-17550,18958,42497,1565
3045,51012,232,271,544,3329,4094,4093,3535,1948,16,-29835,18190,-22991,13850
3046,51524,8,355,1712,2049,4095,4094,3551,156,16,-21641,18702,42577,22044
3047,52036,232,359,1376,257,1,2,3536,412,0,-29831,19214,-22991,13854
3048,51780,216,339,1200,2049,0,1,3536,668,0,-25734,18958,-23007,17951
3049,51780,216,335,1248,257,0,0,3536,924,0,-25734,18958,-23007,17951
3050,50756,152,379,1520,3073,1,4,3536,1180,0,-9346,19982,-22943,1563
3051,43845,72,342,96,2,4085,4069,3551,1436,16,11161,26893,-23375,-18944
3052,49476,168,374,48,770,4087,4074,3551,1692,16,-29777,21262,41809,21994
3053,48964,200,519,240,2050,4095,4094,3551,1948,16,-21587,21774,41777,13804
3054,51780,120,375,672,3329,4,11,3552,156,0,23480,24591,-23583,-6665
3055,55619,136,270,1760,1,4090,4081,3567,412,16,27591,28430,41713,-2554
3056,59714,136,379,224,3329,6,16,3552,668,0,27575,32525,-23567,-2570
3057,60227,104,354,1776,769,4095,4094,3567,924,16,-29771,-32499,-23599,5620
3058,58434,248,339,1968,2049,4093,4089,3567,1180,16,-1092,-30707,42049,-23059
3059,60226,136,298,1312,2049,4093,4089,3567,1436,16,27573,-32498,42161,13812
3060,59202,72,347,1824,2305,4094,4092,3567,1692,16,11185,-31474,42225,30200
3061,60994,216,530,1008,770,4093,4089,3567,1948,16,-17480,32269,-23199,-6671
3062,57922,24,602,176,3842,4,12,3568,156,0,-1108,29196,-23391,9701
3063,51779,152,375,304,1026,4086,4072,3583,412,16,31636,23054,42529,-23091
3064,52035,168,379,2016,3329,4095,4095,3583,668,16,27539,23310,42545,-27188
3065,52291,152,375,1760,2305,0,1,3568,924,0,31634,23566,42529,-23093
3066,57925,248,383,224,258,4087,4074,3583,1180,16,7036,17933,-23359,1505
3067,59460,152,574,352,2050,2,6,3568,1436,0,31606,16397,-23263,-23065
3068,58948,120,543,224,258,1,2,3568,1692,0,23412,16909,-23231,-14871
3069,59204,104,531,96,3330,0,1,3568,1948,0,19317,16653,-23215,-10776
3070,59716,136,547,288,258,1,2,3584,156,0,27511,17165,-23183,-2582
3071,60740,72,562,1200,1794,4094,4092,3599,412,16,11131,18189,-23247,-18962
3072,63044,216,583,160,3330,3,9,3584,668,0,-25742,20492,-23103,9701
3073,62788,232,555,496,3074,0,1,3584,924,0,-29837,20236,-23087,5606
3074,54850,248,363,816,2050,4083,4065,3599,1180,16,31634,28174,-22591,9671
3075,54850,248,543,416,1282,0,0,3584,1436,0,31634,28174,-22591,9671
3076,54594,232,515,112,3074,4095,4095,3599,1692,16,27537,28430,-22575,13768
3077,55618,168,526,544,3074,4094,4092,3599,1948,16,11157,27406,-22511,30148
3078,56130,200,567,992,2306,4095,4094,3615,156,16,19351,27918,-22479,-27194
3079,57410,120,599,800,1282,2,5,3600,412,0,-1124,29197,-22559,17867
3080,51011,232,535,1824,1281,10,25,3600,668,0,-29771,22799,-22959,-10780
3081,51267,216,355,1392,3073,0,1,3600,924,0,-25676,23055,-22975,-6685
3082,52548,40,291,992,1281,4094,4091,3615,1180,16,19375,21775,42481,13800
3083,50500,168,303,1584,3073,4092,4088,3615,1436,16,-13385,23822,42353,-18976
3084,51268,216,318,1264,3841,4094,4093,3615,1692,16,-1094,23054,42305,-31267
3085,48195,152,291,1776,1025,4091,4084,3615,1948,16,-17490,26127,-23423,-14871
3086,42050,24,366,176,770,4086,4072,3631,156,16,15254,19982,41729,17873
3087,43329,200,518,544,1026,4094,4091,3631,412,16,-5221,21261,-23887,-2602
3088,40514,24,554,1776,2818,4091,4085,3631,668,16,-25690,18446,-24063,-23071
3089,39234,104,603,864,1282,2,5,3616,924,0,19371,17166,-23983,21990
3090,40002,152,583,800,1282,1,3,3616,1180,0,7080,16398,-24031,-31255
3091,38466,248,607,864,2306,2,6,3616,1436,0,-17490,17933,-24127,-6685
3092,37443,184,555,1072,2050,4094,4092,3631,1692,16,31658,18957,-24063,9703
3093,38467,120,574,1312,3074,4094,4092,3631,1948,16,15278,17933,-23999,26083
3094,38467,120,591,1184,1282,0,0,3632,156,0,15278,17933,-23999,26083
3095,39747,40,566,288,1026,2,5,3632,412,0,-5197,19212,-24079,5608
3096,42050,184,518,1008,1794,4092,4087,3647,668,16,23466,21516,-23935,-31265
3097,42818,136,563,496,1026,1,3,3632,924,0,-29785,22284,-23983,-18980
3098,46659,120,527,1712,1026,4090,4081,3647,1180,16,-25704,18443,41313,-23061
3099,42820,104,519,1632,258,4090,4081,3647,1436,16,-21593,22282,-24463,-27172
3100,44612,216,570,1648,770,4093,4089,3647,1692,16,7086,20491,-24575,9685
3101,43843,8,567,1120,258,4095,4093,3647,1948,16,19371,21259,40913,-2600
3102,49989,136,542,2016,1,10,24,3648,156,0,-13373,27404,-24239,30192
3103,49989,136,326,1120,1,0,0,3648,412,0,-13373,27404,-24239,30192
3104,50501,168,311,624,1,1,2,3648,668,0,-21567,27916,-24207,21998
3105,48196,56,339,368,3073,3,9,3648,924,0,7114,25612,41473,-14857
3106,48452,72,267,48,2049,0,1,3648,1180,0,3017,25356,41457,-10760
3107,49220,24,266,416,1,4095,4093,3663,1436,16,15302,24588,41505,-23045
3108,48708,248,302,864,2049,4095,4094,3663,1692,16,7108,25100,-23999,-14851
3109,49476,200,283,672,257,4095,4093,3663,1948,16,-5177,24331,-23951,-2566
3110,49476,200,354,1504,1025,0,0,3664,156,0,-5177,24331,-23951,-2566
3111,43334,72,379,304,2050,4086,4072,3679,412,16,27567,18189,-23567,30178
3112,44870,168,547,1136,3074,4093,4090,3679,668,16,2985,19725,-23471,5596
3113,49479,136,635,32,2306,7,18,3664,924,0,11159,24334,41777,13770
3114,51015,232,566,1392,3842,4093,4090,3679,1180,16,-13423,22797,41681,-27184
3115,50759,248,583,1200,3074,4095,4095,3679,1436,16,-17518,23053,41665,-23089
3116,50759,248,599,1392,2,0,0,3664,1692,0,-17518,23053,41665,-23089
3117,50503,8,546,560,3842,4095,4095,3679,1948,16,-13423,23309,-23887,-27184
3118,51271,56,567,496,2050,1,3,3680,156,0,-1132,24077,-23839,-14893
3119,48968,200,619,752,3074,3,9,3680,412,0,-29813,21774,-23695,21962
3120,49224,216,535,224,2306,0,1,3680,668,0,31626,22030,-23679,17865
3121,48456,8,594,928,2050,1,3,3680,924,0,19341,21262,41905,5580
3122,49736,88,555,112,1026,2,5,3680,1180,0,-1144,19981,41825,26065
3123,53575,104,514,1520,770,4090,4081,3695,1436,16,-5255,16142,-23471,30176
3124,53319,88,514,96,3074,4095,4095,3695,1692,16,-9352,16398,-23455,-31263
3125,51014,232,614,688,2818,3,9,3680,1948,0,27503,18703,-23599,-2582
3126,49990,168,547,96,3330,1,4,3696,156,0,11115,17679,-23663,-18970
3127,51014,104,358,1184,3073,1,4,3696,412,0,-5265,18702,-23727,30186
3128,52038,168,347,1840,2049,4094,4092,3711,668,16,-21653,19726,-23663,13798
3129,53062,104,335,816,3073,1,4,3696,924,0,-5273,20750,-23727,30178
3130,53318,120,303,800,3329,4095,4095,3711,1180,16,-9370,20494,-23743,-31261
3131,54086,72,306,480,1025,1,3,3696,1436,0,2915,19727,-23695,21990
3132,53318,24,283,48,2049,1,3,3696,1692,0,-9376,20494,-23647,-31255
3133,53318,24,383,2032,1,0,0,3696,1948,0,-9376,20494,-23647,-31255
3134,57159,8,370,160,2049,6,15,3712,156,0,-13457,24335,42129,30200
3135,59206,136,307,1648,3073,4092,4088,3727,412,16,19319,26383,-23535,-2560
3136,60486,216,338,752,769,2,5,3712,668,0,-1166,27662,-23455,-23045
3137,64071,248,271,1648,2049,4090,4082,3727,924,16,-9372,31247,41857,-31251
3138,63047,184,354,1952,2049,4094,4092,3727,1180,16,7016,32272,41921,17897
3139,1094,217,275,1696,2305,4090,4082,3727,1436,16,-1190,28688,-23391,26103
3140,1350,233,323,928,2305,0,1,3712,1692,0,2907,28433,-23407,22006
3141,3910,73,283,1392,1025,4092,4086,3727,1948,16,27493,25872,-23247,-2580
3142,4423,105,275,432,2049,4095,4094,3743,156,16,-29849,26384,-23215,5614
3143,4679,89,291,352,3329,0,1,3728,412,0,31592,26640,-23231,1519
3144,5446,137,275,560,1,4095,4093,3743,668,16,19301,27408,-23183,-10772
3145,8775,185,359,240,2049,5,13,3728,924,0,7000,30737,42145,-23073
3146,9799,249,270,544,3073,4094,4092,3743,1180,16,-9388,29712,42081,-6685
3147,8008,105,311,1568,1281,4093,4089,3743,1436,16,27483,31504,-23567,21980
3148,16198,105,331,432,2,4083,4064,3743,1692,16,27515,23314,-24079,21948
3149,16198,105,514,32,2,0,0,3728,1948,0,27515,23314,-24079,21948
3150,24136,89,574,1760,1,13,31,3744,156,0,23450,31252,-23583,17883
3151,24648,57,339,1520,1025,4095,4094,3759,412,16,15260,31764,-23615,9693
3152,22856,201,339,2016,1281,4093,4089,3759,668,16,-21597,29972,41809,-27164
3153,23112,185,618,1712,3842,4095,4095,3759,924,16,-17502,30228,41793,-23069
3154,22344,137,583,1440,3330,4094,4093,3759,1180,16,-5211,30996,41841,30176
3155,21576,185,634,1568,2050,1,3,3744,1436,0,-17496,31764,41793,-23075
3156,16969,153,526,2032,3842,4088,4078,3759,1692,16,-25706,-29165,-23455,-14865
3157,16969,153,631,1904,2,0,0,3744,1948,0,-25706,-29165,-23455,-14865
3158,20042,89,546,1776,770,4091,4084,3775,156,16,23458,-26092,42273,-31237
3159,19786,105,514,112,2818,4095,4095,3775,412,16,27553,-26348,42289,-27142
3160,20298,137,594,1504,1026,4095,4094,3775,668,16,19359,-25836,42321,30200
3161,21578,57,635,1376,1282,2,5,3760,924,0,-25702,-24556,42241,-14861
3162,23371,169,579,1712,2050,4093,4089,3775,1180,16,11155,-26348,42129,13818
3163,24394,105,611,1136,3074,1,4,3760,1436,0,27535,-27372,42193,-2562
3164,25930,201,535,928,3330,4093,4090,3775,1692,16,-13419,-28908,42097,-27144
3165,27466,105,563,176,2050,2,6,3760,1948,0,27547,-30444,42193,-2574
3166,26698,57,518,368,3842,4094,4093,3791,156,16,15256,-31212,42145,-14865
3167,21068,153,527,2016,257,9,22,3776,412,0,-25726,28693,-23039,9689
3168,21835,201,367,1392,2049,1,3,3776,668,0,27519,29461,-22991,-2602
3169,22092,185,358,1696,3073,4095,4095,3791,924,16,31614,29717,-23007,1493
3170,22348,201,370,1696,2049,0,1,3776,1180,0,27517,29461,-23023,5590
3171,29002,41,359,176,3074,4085,4070,3791,1436,16,2915,22807,42929,30192
3172,30026,105,382,1504,1,2,4,3776,1692,0,19303,21783,42865,13804
3173,28745,185,358,1072,769,2,5,3776,1948,0,-25758,23063,42785,-6671
3174,28745,185,274,288,1,0,0,3792,156,0,-25758,23063,42785,-6671
3175,29513,137,278,32,1025,1,3,3792,412,0,27493,23831,42737,-18956
3176,29513,137,322,1056,1,0,0,3792,668,0,27493,23831,42737,-18956
3177,27721,249,274,1008,769,4093,4089,3807,924,16,-1172,22038,42849,17915
3178,29001,73,294,1056,1025,4094,4091,3807,1180,16,-21657,20758,-22767,-27136
3179,36167,137,299,1840,2048,11,28,3792,1436,0,27467,13592,-22319,-10724
3180,37447,217,279,864,257,4094,4091,3807,1692,16,-17584,12312,-22399,-31209
3181,37447,217,351,1504,257,0,0,3792,1948,0,-17584,12312,-22399,-31209
3182,41800,233,375,112,1,7,17,3808,156,0,-13471,16665,43409,-27096
3183,37449,249,379,160,257,7,17,3808,412,0,-9392,12314,-21855,-23017
3184,41800,9,379,160,257,7,17,3808,668,0,-13505,16665,-21583,-27130
3185,41032,57,299,304,2049,1,3,3808,924,0,-25790,15897,-21535,26121
3186,40264,9,259,304,1,4095,4093,3823,1180,16,-13499,16665,-21487,13830
3187,49477,201,319,608,2306,4081,4060,3823,1436,16,2849,7452,44625,-2518
3188,49477,201,554,608,1026,0,0,3808,1692,0,2849,7452,44625,-2518
3189,52550,9,531,1504,1282,4091,4084,3823,1948,16,19245,4379,44817,-18914
3190,51782,217,587,816,2050,1,3,3824,156,0,6954,3611,-20767,-31205
3191,52806,153,382,1568,3073,1,4,3824,412,0,-9426,4634,-20831,17951
3192,53830,217,347,1824,2305,4094,4092,3839,668,16,-25814,5658,-20767,1563
3193,52549,41,514,544,2,4094,4091,3839,924,16,19247,4378,44849,-18912
3194,46404,169,519,1632,257,10,24,3824,1180,0,-13497,10523,45233,13832
3195,44356,41,518,928,3074,4092,4088,3839,1436,16,19279,12571,-20431,-18944
3196,43844,9,562,560,3842,0,2,3824,1692,0,11085,13083,-20399,-10750
3197,42820,73,606,1888,2050,4094,4092,3839,1948,16,27465,14107,-20463,-27130
3198,41540,249,567,1392,2,4094,4091,3855,156,16,6980,12827,44993,17921
3199,40516,57,607,1072,3074,1,4,3840,412,0,23360,11803,-20479,-31235
3200,40516,57,546,496,770,0,0,3840,668,0,23360,11803,-20479,-31235
3201,41284,9,599,1648,2,4095,4093,3855,924,16,-29891,12571,-20527,-18950
3202,42308,73,559,288,3330,1,4,3840,1180,0,19257,11547,-20591,-2562
3203,42053,89,539,224,3330,0,1,3840,1436,0,15162,11803,-20607,1533
3204,42053,89,639,2032,2,0,0,3840,1692,0,15162,11803,-20607,1533
3205,41284,137,603,1056,2306,1,3,3840,1948,0,27447,12571,-20655,-10752
3206,41284,137,523,176,2,0,0,3856,156,0,27447,12571,-20655,-10752
3207,34118,73,379,736,3330,4084,4068,3871,412,16,11035,5405,-20207,-27164
3208,35142,137,582,1504,2050,4094,4092,3871,668,16,-5353,6428,-20143,21984
3209,35910,89,615,1264,2050,1,3,3856,924,0,6932,7197,-20191,-31267
3210,35654,73,554,480,3074,0,1,3856,1180,0,11029,7453,-20175,30172
3211,36422,25,362,1328,1793,1,3,3856,1436,0,23314,6685,-20127,17887
3212,35142,201,315,352,1281,2,5,3856,1692,0,2829,7965,45489,-27164
3213,39239,201,375,224,2305,6,16,3856,1948,0,2845,3868,-19791,-27180
3214,41544,89,383,1072,3073,3,9,3872,156,0,-25818,6172,45889,9693
3215,42056,57,302,928,1025,4095,4094,3887,412,16,31528,6684,45857,1503
3216,44103,185,331,304,2049,3,8,3872,668,0,-1248,8731,45985,-31273
3217,45383,105,266,624,769,4094,4091,3887,924,16,19227,10012,45905,-10798
3218,38982,217,371,304,2,4086,4071,3887,1180,16,-9420,16413,46305,17849
3219,38982,217,527,160,1282,0,0,3872,1436,0,-9420,16413,46305,17849
3220,38470,185,354,1776,769,4095,4094,3887,1692,16,-17614,16925,46337,26043
3221,38726,169,367,1824,3329,4095,4095,3887,1948,16,-21709,16669,46353,30138
3222,38726,169,379,1952,257,0,0,3888,156,0,-21709,16669,46353,30138
3223,44613,57,523,1776,3073,9,23,3888,412,0,15178,22556,-19551,1489
3224,39238,233,522,2032,2817,8,21,3888,668,0,-29857,17181,-19887,21990
3225,33604,73,382,176,770,4087,4074,3903,924,16,11125,11548,-19535,-2564
3226,32836,25,382,1632,2049,1,3,3888,1180,0,23416,12316,-19487,-14855
3227,34116,201,327,560,1025,2,5,3888,1436,0,-21645,11036,46129,30206
3228,33604,169,383,1760,257,1,2,3888,1692,0,-29839,11548,46161,-27136
3229,32580,233,286,816,2817,4094,4092,3903,1948,16,-13459,12572,46097,22020
3230,31812,185,286,752,3841,4094,4093,3919,156,16,-25750,11804,46049,9729
3231,31300,217,326,880,3841,0,2,3904,412,0,-17560,11292,46081,17919
3232,30020,137,322,1568,1,4094,4091,3919,668,16,2925,10013,46001,-27132
3233,30788,89,343,1696,3329,4094,4093,3919,924,16,15210,10781,45953,-14847
3234,32069,169,375,1376,257,2,5,3904,1180,0,-5275,9500,45873,5638
3235,31045,233,318,496,3841,1,4,3904,1436,0,-21655,10524,45809,22018
3236,29765,153,299,1200,1,4094,4091,3919,1692,16,23396,11804,45889,-23033
3237,30021,137,323,1120,3329,4095,4095,3919,1948,16,19301,11548,45905,-18938
3238,30533,169,339,1440,2305,4095,4094,3935,156,16,27495,12060,45937,-10744
3239,36420,57,514,1712,1793,9,23,3920,412,0,-1154,17946,-19967,26143
3240,37188,105,366,2016,1,4095,4093,3935,668,16,-13445,18714,-19919,13852
3241,36420,153,551,864,258,4095,4093,3935,924,16,-25730,17946,-19871,1567
3242,35907,121,594,1008,770,1,2,3920,1180,0,-17536,18458,-19839,-6627
3243,36931,57,583,624,2,2,4,3920,1436,0,-1156,17434,-19775,-23007
3244,37443,89,542,624,1794,4095,4094,3935,1692,16,7038,16923,-19807,-31201
3245,36931,121,550,800,1026,4095,4094,3935,1948,16,15228,17435,-19839,26145
3246,37187,137,523,32,2306,0,1,3936,156,0,19325,17691,-19823,30242
3247,36419,185,371,1504,1281,1,3,3936,412,0,31610,16923,-19775,-23009
3248,35395,121,330,1568,2049,4094,4092,3951,668,16,-17538,15899,-19839,-6621
3249,41797,233,383,480,258,4086,4071,3951,924,16,19301,22301,-20239,30218
3250,40773,169,355,1904,3073,4094,4092,3951,1180,16,-29847,23325,-20175,13830
3251,40773,169,582,1072,770,0,0,3936,1436,0,-29847,23325,-20175,13830
3252,40773,169,534,304,770,0,0,3936,1692,0,-29847,23325,-20175,13830
3253,40261,201,530,32,2,1,2,3936,1948,0,-21657,23837,-20207,5640
3254,47174,121,371,544,258,4085,4069,3967,156,16,23426,30751,-19775,-14813
3255,47686,89,554,416,2,1,2,3952,412,0,15236,31263,-19807,-23003
3256,46918,41,563,416,2306,1,3,3952,668,0,27527,30495,-19855,-10712
3257,46918,41,567,800,1282,0,0,3952,924,0,27527,30495,-19855,-10712
3258,48199,121,523,608,1282,4094,4091,3967,1180,16,7042,29215,-19935,9773
3259,48966,73,570,544,2050,1,3,3952,1436,0,19327,28447,-19887,-2512
3260,49478,105,534,544,1026,4095,4094,3967,1692,16,27521,27935,-19919,-10706
3261,49478,105,334,1184,1025,0,0,3952,1948,0,27521,27935,-19919,-10706
3262,50247,153,315,544,2305,1,3,3968,156,0,-25724,28703,-19871,1585
3263,49991,169,307,608,3329,0,1,3968,412,0,-21629,28447,-19855,5680
3264,52294,57,355,544,257,4,9,3968,668,0,7034,30751,45825,-31193
3265,54599,169,274,1136,2817,4092,4087,3983,924,16,-21647,-32481,-19855,5662
3266,53318,89,286,928,1025,4094,4091,3983,1180,16,-1162,-31201,-19775,-14823
3267,53574,73,363,1776,3073,4095,4095,3983,1436,16,2933,-31456,-19759,-18918
3268,46664,153,342,96,2,4085,4069,3983,1692,16,23386,-24546,-19327,26165
3269,47944,73,523,608,1282,4094,4091,3983,1948,16,2911,-25826,-19247,-18896
3270,45896,201,591,368,2050,3,8,3984,156,0,-29865,-27875,46161,13864
3271,45640,217,531,368,3074,4095,4095,3999,412,16,-25770,-28131,46177,17959
3272,45896,233,542,544,3074,4095,4095,3999,668,16,-29867,-27875,46193,13862
3273,46152,217,542,304,2818,0,1,3984,924,0,-25772,-27619,46177,17957
3274,47176,25,614,1952,3074,4094,4092,3999,1180,16,23376,-28643,-19423,-31191
3275,47176,25,539,416,258,0,0,3984,1436,0,23376,-28643,-19423,-31191
3276,46664,249,590,992,2,1,2,3984,1692,0,15182,-28131,46145,-22997
3277,49993,41,638,624,1794,5,13,3984,1948,0,27483,-31460,46353,30238
3278,50761,89,567,496,2050,1,3,4000,156,0,-25762,-30692,46401,-23007
3279,51785,25,562,1120,3074,4094,4092,4015,412,16,23394,-29668,46337,26149
3280,51785,25,562,736,1026,0,0,4000,668,0,23394,-29668,46337,26149
3281,44103,249,535,1312,1281,12,30,4000,924,0,31616,28186,-18719,-31165
3282,43335,201,527,544,3330,4094,4093,4015,1180,16,-21629,28954,-18671,22080
3283,44359,137,515,368,3074,4094,4092,4015,1436,16,-5249,27930,-18607,5700
3284,43335,73,534,752,1794,4094,4092,4015,1692,16,-21637,28954,-18543,22088
3285,43847,41,519,304,1026,4095,4094,4015,1948,16,-29827,28442,-18511,30278
3286,37958,185,535,2016,2305,9,23,4016,156,0,7014,22553,-18879,1583
3287,38213,169,542,304,2818,0,1,4016,412,0,2919,22809,-18895,-2512
3288,38469,185,574,1072,2818,4095,4095,4031,668,16,-1178,23064,-18879,-6609
3289,38725,169,570,736,3074,0,1,4016,924,0,2917,23321,-18895,-2514
3290,38469,153,570,816,1794,0,1,4016,1180,0,7014,23577,-18879,-6611
3291,43076,121,638,96,2050,7,18,4016,1436,0,15188,18970,46945,-14785
3292,43332,137,611,1648,3074,4095,4095,4031,1692,16,19285,18714,46929,-18882
3293,45125,25,626,1008,770,3,7,4016,1948,0,-9380,16921,47041,9783
3294,47685,185,618,608,1026,4,10,4032,156,0,31590,19482,47201,-14783
3295,41287,73,515,1440,2305,10,25,4032,412,0,2893,13084,47601,22056
3296,41287,73,374,1824,1025,0,0,4032,668,0,2893,13084,47601,22056
3297,40263,137,375,1392,1,2,4,4032,924,0,-13487,12059,47665,5676
3298,40775,169,323,800,257,1,2,4032,1180,0,-21681,11547,47633,13870
3299,41543,121,303,1008,1,4095,4093,4047,1436,16,-9396,10779,47681,1585
3300,40007,25,339,1952,2305,4093,4090,4047,1692,16,31558,12315,47777,26167
3301,40263,9,371,1904,3073,4095,4095,4047,1948,16,27463,12059,47793,30262
3302,40775,41,370,2016,1025,4095,4094,4063,156,16,-29879,12571,47825,-27080
3303,41287,9,543,224,258,1,2,4048,412,0,27467,13083,47793,30266
3304,49733,25,379,1312,2306,4082,4063,4063,668,16,23338,21529,48321,26137
3305,48965,73,586,1456,3842,4094,4093,4063,924,16,11053,20761,48369,13852
3306,49733,121,567,1184,3330,4094,4093,4063,1180,16,-1238,19992,48321,26143
3307,53316,153,614,96,2,6,14,4048,1436,0,-9444,16409,-16991,-31187
3308,52036,73,599,800,1282,2,5,4048,1692,0,-29929,17689,-16911,-10702
3309,51012,137,586,1520,2818,4094,4092,4063,1948,16,-13549,18713,-16975,-27082
3310,51012,137,590,1200,770,0,0,4064,156,0,-13549,18713,-16975,-27082
3311,49221,249,631,1120,258,3,7,4064,412,0,15116,16922,-16863,1583
3312,48709,217,615,1776,2050,4095,4094,4079,668,16,23310,16410,-16895,9777
3313,52806,217,522,1824,2050,4089,4080,4079,924,16,23294,20507,48385,9761
3314,57159,233,627,32,258,7,17,4064,1180,0,19181,16154,-17423,13874
3315,61766,201,518,1968,2818,4088,4078,4079,1436,16,27355,11547,48401,5700
3316,61254,169,599,1504,2306,4095,4094,4079,1692,16,19161,12059,48433,13894
3317,60229,233,578,624,2818,1,4,4064,1948,0,-29995,13083,48369,-2486
3318,59717,201,638,1712,770,1,2,4080,156,0,27347,12571,48337,-10680
3319,58182,41,599,1968,3074,4093,4090,4095,412,16,-13619,11035,-17103,13890
3320,62021,25,515,1584,2,4090,4081,4095,668,16,-9538,14874,48673,17971
3321,64581,121,618,624,770,4,10,4080,924,0,31412,17435,-17023,-6615
3322,64325,105,562,688,1794,0,1,4080,1180,0,-30027,17691,-17007,-10712
3323,55879,121,575,368,2051,4082,4063,4095,1436,16,31446,26137,-17535,-6649
3324,57159,201,806,1056,1027,4094,4091,4095,1692,16,-13605,24857,-17615,-27134
3325,54598,105,819,1824,259,4092,4086,4095,1948,16,27345,27418,47761,-2548
3326,54342,89,879,1840,3075,4095,4095,15,157,16,23248,27162,47745,-6645
3327,56902,185,831,1952,1283,4092,4086,15,413,16,-17702,29721,-17951,17941
3328,53319,217,787,1760,1283,4090,4082,15,669,16,-25880,26138,47361,9763
3329,52038,41,854,800,1027,2,5,0,925,0,19181,24858,-18095,-10712
3330,52294,57,635,1840,2050,0,1,0,1181,0,15084,24602,-18111,-6615
3331,46664,153,787,2032,1026,9,22,0,1437,0,-9470,30232,47073,17939
3332,52550,9,790,2016,2050,9,23,0,1693,0,19225,24346,46705,-10756
3333,55111,105,830,1968,771,4092,4086,15,1949,16,-21725,21785,-18671,30194
3334,53831,25,846,672,1027,2,5,16,157,0,23326,20505,-18751,9709
3335,55110,201,818,176,1795,2,5,16,413,0,2851,21785,46705,-10766
3336,54854,185,630,1760,2050,0,1,16,669,0,6948,21529,46689,-6669
3337,53574,9,771,480,1283,4094,4091,31,925,16,-13527,20248,-18767,-27144
3338,53574,9,779,96,1283,0,0,16,1181,0,-13527,20248,-18767,-27144
3339,54598,201,563,368,3074,1,4,16,1437,0,2853,19225,46833,22012
3340,54598,201,515,32,258,0,0,16,1693,0,2853,19225,46833,22012
3341,54086,233,515,224,1282,4095,4094,31,1949,16,11043,19737,46801,13822
3342,54854,25,543,112,2050,1,3,32,157,0,23334,20505,-18687,26113
3343,55622,233,555,944,2,4095,4093,47,413,16,11049,21273,46801,13828
3344,56390,25,571,608,1282,1,3,32,669,0,-1242,22040,-18687,1537
3345,60230,41,518,1584,770,4090,4081,47,925,16,-5353,25881,46609,-2574
3346,59206,233,598,1760,2050,4094,4092,47,1181,16,11035,26906,-18863,-18962
3347,59206,233,610,1520,770,0,0,32,1437,0,11035,26906,-18863,-18962
3348,58438,185,519,416,3330,4094,4093,47,1693,16,-1256,27673,-18815,-6671
3349,58951,153,570,1056,2050,4095,4094,47,1949,16,-9446,27161,-18783,1519
3350,57670,73,602,880,770,2,5,48,157,0,-29931,25881,-18863,-18966
3351,54343,25,550,1904,3842,4090,4083,63,413,16,23304,22554,46881,-31267
3352,54343,25,522,112,770,0,0,48,669,0,23304,22554,46881,-31267
3353,53575,73,538,688,3842,4094,4093,63,925,16,11019,21786,46929,21984
3354,51782,217,611,752,1026,3,7,48,1181,0,-25838,23578,-18495,-6695
3355,52038,201,607,1312,3330,0,1,48,1437,0,-21743,23322,-18479,-10790
3356,53574,41,583,1712,3074,4093,4090,63,1693,16,2839,21787,46961,30164
3357,54598,233,615,1136,2,2,4,48,1949,0,-13541,20762,-18511,-18992
3358,53062,137,546,1120,3074,4093,4090,79,157,16,27413,19226,-18607,21962
3359,59972,217,611,288,259,4085,4069,79,413,16,-17616,26136,-19039,-23067
3360,60228,233,626,1648,2818,0,1,64,669,0,-21713,26392,-19023,-27164
3361,60228,233,574,944,770,0,0,64,925,0,-21713,26392,-19023,-27164
3362,59716,201,566,1072,770,4095,4094,79,1181,16,-13519,26904,-18991,30178
3363,2114,218,579,176,2051,4083,4065,79,1437,16,-17646,18970,-18495,-31231
3364,8001,74,783,1904,2050,9,23,64,1693,0,11049,13084,-18863,5610
3365,8001,74,639,1952,1282,0,0,64,1949,0,11049,13084,-18863,5610
3366,6976,10,614,1184,3074,1,4,80,157,0,-5339,12059,-18927,-10778
3367,3649,218,538,1760,3074,4090,4083,95,413,16,-17640,8732,-18719,-23079
3368,2114,122,634,1248,3074,2,6,80,669,0,6942,7197,-18815,1503
3369,2370,106,626,1632,3074,0,1,80,925,0,11037,7453,-18831,5598
3370,3138,154,606,1760,2,4095,4093,95,1181,16,-1254,6684,-18879,17889
3371,834,42,534,1200,2818,4092,4087,95,1437,16,27427,8988,46513,-10792
3372,2626,154,558,1392,1794,4093,4089,95,1693,16,-9430,7196,46401,26065
3373,3906,74,575,480,258,2,5,80,1949,0,-29905,5916,46481,-18996
3374,4418,106,543,224,258,1,2,96,157,0,-21711,6428,46513,-10802
3375,4930,74,523,368,1026,4095,4094,111,413,16,-29901,6940,46481,-18992
3376,1347,106,519,1504,2306,4090,4082,111,669,16,27457,3357,-19279,-27170
3377,2371,42,614,1968,2818,4094,4092,111,925,16,-21699,4381,-19343,-10790
3378,6468,42,627,112,3074,6,16,96,1181,0,-21715,284,45937,-10774
3379,11075,10,514,1840,3842,4088,4078,111,1437,16,-13541,-4323,-19312,-18948
3380,9284,154,583,1824,1282,4093,4089,111,1693,16,23316,-2531,46336,9731
3381,9028,170,575,800,3330,0,1,96,1949,0,27411,-2275,46320,5636
3382,10564,10,526,800,3074,4093,4090,127,157,16,-13543,-739,-19120,30218
3383,10308,26,603,1520,3074,4095,4095,127,413,16,-9448,-995,-19104,-31223
3384,14147,10,515,1520,1026,4090,4081,127,669,16,-5367,2844,46673,-27142
3385,17732,42,626,304,3842,5,14,112,925,0,-13573,6429,-19087,30188
3386,17476,26,594,1120,3074,0,1,112,1181,0,-9476,6685,-19071,26091
3387,17732,10,574,816,2818,0,1,112,1437,0,-5381,6429,-19055,21996
3388,16964,218,543,160,1282,1,3,112,1693,0,-17672,7197,46529,-31249
3389,16964,218,635,1888,1282,0,0,112,1949,0,-17672,7197,46529,-31249
3390,16708,202,587,1264,3074,4095,4095,143,157,16,-21769,6941,46513,30190
3391,17988,122,590,1760,2,4094,4091,143,413,16,23292,8221,46433,9715
3392,16452,26,598,1968,2818,4093,4090,143,669,16,-17662,6685,46337,-31239
3393,12867,250,619,224,3330,5,14,128,925,0,-9456,3100,46561,-23033
3394,11843,186,547,880,3074,4094,4092,143,1181,16,6932,4125,46625,26115
3395,10819,250,563,368,3074,1,4,128,1437,0,-9448,5148,46561,-23041
3396,11075,10,566,736,2050,0,1,128,1693,0,-5351,4892,-18991,-27138
3397,9539,106,574,288,3074,2,6,128,1949,0,19219,6429,-19087,13828
3398,9539,106,542,432,770,0,0,144,157,0,19219,6429,-19087,13828
3399,10818,26,571,352,1282,2,5,144,413,0,-1256,7708,-19167,-6647
3400,8771,154,591,368,2050,3,8,144,669,0,31520,5661,46241,26129
3401,7491,234,539,880,1026,4094,4091,159,925,16,11045,4381,46321,5654
3402,7491,234,566,816,770,0,0,144,1181,0,11045,4381,46321,5654
3403,5699,90,563,1520,1026,4093,4089,159,1437,16,-17620,6172,-19327,-31217
3404,5443,74,630,1776,1794,0,1,144,1693,0,-21717,6428,-19311,-27120
3405,6211,26,795,32,2307,1,3,144,1949,0,31534,5660,-19263,-14835
3406,6467,42,842,992,3075,0,1,160,157,0,-29905,5916,-19247,-10738
3407,4420,170,847,416,1283,3,8,160,413,0,2855,3869,-19119,22022
3408,3652,122,607,1824,3330,4094,4093,175,669,16,15146,3101,-19167,-31223
3409,10822,186,606,304,2819,4084,4068,175,925,16,-1266,10270,-19615,17901
3410,10054,138,603,1712,2,4095,4093,175,1181,16,11025,11039,-19567,5610
3411,9030,202,611,1136,3074,1,4,160,1437,0,-5355,12062,-19631,21990
3412,7238,90,578,1696,2050,4093,4089,175,1693,16,31502,13854,-19519,-14867
3413,8775,250,582,1696,3074,4093,4090,175,1949,16,6932,12318,46113,9703
3414,4934,10,631,304,1026,6,15,176,157,0,11013,8477,45873,13784
3415,5446,234,563,560,2,1,2,176,413,0,2823,8989,-19695,5594
3416,6469,42,575,1376,2306,4094,4092,191,669,16,-13565,10012,45905,-10794
3417,4421,170,770,800,3,4093,4088,191,925,16,19211,7964,46033,21982
3418,5445,234,859,1776,3075,4094,4092,191,1181,16,2823,6940,45969,-27166
3419,6981,138,895,1376,2307,2,6,176,1437,0,27393,5404,46065,13800
3420,5445,42,859,800,2307,2,6,176,1693,0,2811,6940,46161,-27154
3421,4421,106,818,1200,1795,4094,4092,191,1949,16,19191,7964,46097,22002
3422,5189,154,830,624,1795,1,3,192,157,0,31482,8732,46145,-31243
3423,5445,138,795,496,3075,4095,4095,207,413,16,27387,8988,46129,30198
3424,3653,26,586,1840,1794,4093,4089,207,669,16,-9470,7196,46017,-6659
3425,2629,90,614,1184,3074,1,4,192,925,0,-25850,6172,46081,-23039
3426,3909,170,554,96,1026,2,5,192,1181,0,19201,4892,46001,-2554
3427,8772,122,514,1968,1794,4088,4077,207,1437,16,31470,29,-19231,-14823
3428,9028,138,638,1904,1794,0,1,192,1693,0,-29969,-227,-19248,-18920
3429,9028,138,638,1968,770,0,0,192,1949,0,-29969,-227,-19248,-18920
3430,9284,154,530,368,2818,4095,4095,223,157,16,-25872,29,-19231,-14823
3431,8516,202,530,544,2,4095,4093,223,413,16,-13587,-739,-19184,-2538
3432,8005,170,539,176,2,1,2,208,669,0,-5393,-1251,-19216,5656
3433,11077,234,631,624,2,5,12,208,925,0,-21789,1822,46129,-10740
3434,12358,58,599,1824,1282,4094,4091,223,1181,16,23262,542,-19487,9745
3435,11334,122,795,752,3075,4094,4092,223,1437,16,6882,1566,-19551,26125
3436,11334,122,811,672,259,0,0,208,1693,0,6882,1566,-19551,26125
3437,11590,106,830,864,2051,0,1,208,1949,0,2787,1310,-19535,30220
3438,19016,58,810,1696,2,12,29,224,157,0,-9472,8735,-19071,17961
3439,17992,122,615,1184,3330,1,4,224,413,0,6908,7712,-19007,-31195
3440,18504,154,574,752,3842,0,2,224,669,0,-1286,8223,-18975,26147
3441,15431,90,614,288,1026,5,12,224,925,0,15110,5151,46753,-22993
3442,14663,42,539,736,3330,4094,4093,239,1181,16,27401,5919,46801,30252
3443,14151,74,579,816,2,1,2,224,1437,0,19211,6431,46769,-27094
3444,10568,106,543,1952,1282,4090,4082,239,1693,16,27389,10014,-18543,30264
3445,10824,90,611,1648,3074,4095,4095,239,1949,16,23294,9758,-18527,-31177
3446,10824,90,626,1760,1026,0,0,240,157,0,23294,9758,-18527,-31177
3447,10312,122,619,1888,1282,4095,4094,255,413,16,31484,9246,-18495,-22987
3448,5705,90,634,32,2050,7,18,240,669,0,-25842,4639,46753,-14777
3449,2120,58,531,1712,2050,4090,4082,255,925,16,-17636,1054,-18559,-6571
3450,2120,58,611,1520,1026,0,0,240,1181,0,-17636,1054,-18559,-6571
3451,1609,90,526,368,1794,4095,4094,255,1437,16,-25826,1566,-18591,1619
3452,585,26,627,1376,3330,1,4,240,1693,0,23322,2590,-18527,18007
3453,73,58,578,1264,770,4095,4094,255,1949,16,31512,3102,-18559,9817
3454,65097,25,578,1184,2050,4095,4094,271,157,16,23318,2590,-18591,1623
3455,328,234,567,1120,258,4095,4093,271,413,16,11033,3358,46897,-10662
3456,1608,58,606,944,770,2,5,256,669,0,-9452,4637,-18559,-31147
3457,1096,90,570,672,2,1,2,256,925,0,-17642,4125,-18527,26199
3458,840,74,562,880,2818,4095,4095,271,1181,16,-13545,4381,-18511,22102
3459,328,106,558,496,3842,0,2,256,1437,0,-21735,4893,-18543,30292
3460,5959,202,530,2016,1025,9,22,256,1693,0,2863,-737,46640,5694
3461,5703,218,322,880,2817,0,1,256,1949,0,6958,-481,46624,1599
3462,5703,218,271,176,1025,0,0,272,157,0,6958,-481,46624,1599
3463,3143,122,263,1072,1025,4092,4086,287,413,16,-17628,-3041,-18752,-22987
3464,2887,106,366,1648,1793,0,1,272,669,0,-13531,-3297,-18768,-18890
3465,3399,74,330,944,3841,0,2,272,925,0,-5341,-2785,-18800,-10700
3466,3399,74,363,1712,1,0,0,272,1181,0,-5341,-2785,-18800,-10700
3467,61769,9,371,608,3330,4084,4068,287,1437,16,11071,4382,-19247,-27112
3468,62281,41,563,928,2306,4095,4094,287,1693,16,19265,3870,-19279,30230
3469,60745,137,530,864,3074,4093,4090,287,1949,16,-21701,5406,-19375,5660
3470,61513,185,587,800,2306,1,3,288,157,0,-9410,6174,-19327,17951
3471,64072,25,558,1712,770,4092,4086,303,413,16,15176,8734,-19487,-22999
3472,65096,89,631,1392,2,2,4,288,669,0,-1212,9757,-19423,26149
3473,63816,169,618,1136,770,2,5,288,925,0,-21687,8477,-19343,5674
3474,62791,105,599,1760,2306,4094,4092,303,1181,16,-5299,9501,-19279,-10714
3475,63303,73,610,1712,1794,4095,4094,303,1437,16,2891,8990,-19247,-18904
3476,63303,73,603,1456,2,0,0,288,1693,0,2891,8990,-19247,-18904
3477,60487,249,614,432,2818,4,11,288,1949,0,-17600,11806,-19423,1587
3478,62279,105,518,800,1026,4093,4089,319,157,16,11079,13599,46225,30266
3479,58952,57,531,1632,3330,4090,4083,319,413,16,-1222,10271,-19103,17965
3480,57160,201,630,1072,770,3,7,304,669,0,27457,8480,46321,-18892
3481,54344,121,550,1712,2818,4091,4085,319,925,16,-17588,5663,-19039,1599
3482,54856,153,575,1200,1026,4095,4094,319,1181,16,-25782,5151,-19071,9793
3483,47945,73,638,672,1027,4085,4069,319,1437,16,-5275,12061,-19503,-10714
3484,42571,249,778,2032,2818,8,21,304,1693,0,-25776,17436,-19167,9787
3485,42827,233,598,1200,2818,0,1,304,1949,0,-29871,17180,-19151,13882
3486,40778,105,570,1760,3074,4092,4088,335,157,16,2889,15132,-19279,-18894
3487,40778,105,591,1264,2,0,0,320,413,0,2889,15132,-19279,-18894
3488,40778,105,570,880,770,0,0,320,669,0,2889,15132,-19279,-18894
3489,39754,169,586,688,3842,1,4,320,925,0,-13491,14107,-19215,30262
3490,40522,217,594,992,1026,1,3,320,1181,0,-25782,13339,-19263,-22983
3491,41546,153,559,1136,2050,4094,4092,335,1437,16,-9402,12315,-19199,26173
3492,39754,41,563,1520,1026,4093,4089,335,1693,16,27455,14107,-19087,-10684
3493,38474,121,578,496,770,2,5,320,1949,0,-17606,15387,-19167,-31159
3494,38218,105,555,544,2306,0,1,336,157,0,-21703,15131,-19183,30280
3495,40777,201,602,288,2050,4,10,336,413,0,2883,17691,46193,-10670
3496,40521,185,539,224,3330,0,1,336,669,0,6980,17435,46177,-6573
3497,45643,121,519,2016,2305,8,20,336,925,0,23344,22556,-19679,9791
3498,51788,249,359,32,1282,4086,4072,351,1181,16,-9448,16410,45473,-22953
3499,57675,137,515,1648,3073,9,23,336,1437,0,19201,10524,-19695,13934
3500,63817,9,375,304,1026,4086,4072,351,1693,16,-13543,4381,-20079,-18858
3501,62793,73,550,1008,1794,4094,4092,351,1949,16,2837,5406,-20143,30298
3502,1610,90,639,240,2,7,17,352,157,0,6950,9759,45665,-31125
3503,3658,218,526,1056,3074,4092,4088,367,413,16,-25810,11806,-19999,1651
3504,3146,186,558,928,1026,4095,4094,367,669,16,-17616,11294,-20031,9845
3505,5450,42,555,1568,2306,4092,4087,367,925,16,19239,13599,-20175,-18836
3506,5962,74,590,992,2,1,2,352,1181,0,11045,13087,-20207,-10642
3507,5450,106,594,1008,770,1,2,352,1437,0,2855,13599,-20239,-2452
3508,6218,154,594,992,1026,1,3,352,1693,0,15146,12831,-20287,-14743
3509,5962,170,574,800,3074,0,1,352,1949,0,19241,13087,-20303,-18838
3510,6730,218,558,1008,3842,4094,4093,383,157,16,31532,13855,-20255,-6547
3511,8522,106,590,416,1026,3,7,368,413,0,2867,15647,-20367,30324
3512,2635,250,775,1712,3074,9,23,368,669,0,31562,9760,-20735,-6517
3513,2379,10,610,1632,3074,4095,4095,383,925,16,27467,9504,44817,-10612
3514,61514,121,802,2016,1026,10,25,368,1181,0,-1180,15905,45217,18035
3515,61258,137,779,240,3075,4095,4095,383,1437,16,-5275,16161,45201,22130
3516,61770,169,614,1776,1794,4095,4094,383,1693,16,2919,15650,45169,13936
3517,59209,73,575,2032,2,4092,4086,383,1949,16,-21667,18210,-20527,-27014
3518,65355,201,786,1840,3842,9,24,384,157,0,11125,24356,45393,5778
3519,330,170,598,1504,2050,4095,4094,399,413,16,2935,24868,45361,-2412
3520,62539,217,551,1952,3330,4090,4083,399,669,16,-9340,21540,-20383,-14687
3521,63051,185,611,1760,1282,4095,4094,399,925,16,-1150,22052,-20415,-6497
3522,76,90,626,736,1026,4,10,384,1181,0,23416,19492,44961,-31063
3523,3915,106,518,1584,770,4090,4081,399,1437,16,19305,15653,-20335,-26952
3524,2379,10,590,1840,2818,4093,4090,399,1693,16,-5277,17188,-20239,-2370
3525,65355,169,603,352,1282,4,10,384,1949,0,-29863,19749,-20399,22216
3526,59465,57,527,1904,2049,9,23,400,157,0,6978,13860,44769,-6479
3527,64584,249,518,2016,2049,8,20,400,413,0,-9386,18978,44449,-22843
3528,63560,185,566,432,2818,1,4,400,669,0,7002,17955,44385,-6455
3529,64329,137,378,1584,1793,1,3,400,925,0,19287,18723,44337,5830
3530,65097,185,342,1648,3841,4094,4093,415,1181,16,6996,17955,44289,18121
3531,59466,25,370,32,2,4087,4074,415,1437,16,-17558,23585,43937,-22861
3532,58442,217,299,240,3073,1,4,400,1693,0,31590,24609,-21535,-6473
3533,57930,249,299,880,1025,4095,4094,415,1949,16,-25756,25121,-21567,-14663
3534,57930,249,279,352,257,0,0,416,157,0,-25756,25121,-21567,-14663
3535,60490,89,279,1376,257,4092,4086,431,413,16,-1170,27680,-21727,9923
3536,61513,153,378,1440,1,2,4,416,669,0,-17558,28704,-21663,-6465
3537,63050,57,323,1632,3329,4093,4090,431,925,16,7012,30241,-21759,18105
3538,62794,41,371,1888,3329,4095,4095,431,1181,16,11109,30497,-21743,14008
3539,55883,217,555,1888,1281,11,27,416,1437,0,31616,-28129,43361,-6499
3540,55883,217,530,288,2,0,0,416,1693,0,31616,-28129,43361,-6499
3541,56396,185,546,672,2050,4095,4094,431,1949,16,23426,-28641,43393,1691
3542,53835,25,630,816,770,4,10,432,157,0,-17544,-31202,43233,26257
3543,53323,57,562,928,2050,4095,4094,447,413,16,-9354,-31714,43265,-31089
3544,51787,217,558,96,2050,2,6,432,669,0,15228,32287,-22367,-6507
3545,51531,233,611,1648,3074,4095,4095,447,925,16,11133,32031,-22351,-10602
3546,51531,233,618,1696,2,0,0,432,1181,0,11133,32031,-22351,-10602
3547,55626,233,639,288,3330,6,16,432,1437,0,11117,27936,43441,-10586
3548,55882,249,542,544,3074,4095,4095,447,1693,16,15214,27680,43425,-14683
3549,52810,185,559,1952,1282,4091,4084,447,1949,16,-1182,30752,-22303,1713
3550,51529,105,551,1056,1282,4094,4091,463,157,16,-21667,29472,-22383,-18772
3551,51785,89,538,480,3074,4095,4095,463,413,16,-25762,29728,-22399,-22867
3552,51785,89,542,416,1026,0,0,448,669,0,-25762,29728,-22399,-22867
3553,52297,57,523,352,1282,4095,4094,463,925,16,-17572,30240,-22431,-14677
3554,48968,105,519,1392,2,4091,4083,463,1181,16,-29847,-31967,43313,-2402
3555,49992,41,535,688,3074,4094,4092,463,1437,16,-13467,32545,43377,-18782
3556,51016,105,542,32,3074,1,4,448,1693,0,2921,31522,43313,30366
3557,51528,73,515,240,1026,4095,4094,463,1949,16,-5269,31009,43345,-26980
3558,58442,249,379,624,1026,4085,4069,479,157,16,-25722,-27613,-21759,18103
3559,58698,233,546,416,2050,0,1,464,413,0,-29817,-27357,-21775,14008
3560,52299,89,518,1568,1025,10,25,464,669,0,7072,31781,43361,-14639
3561,46154,217,358,32,1026,4086,4072,479,925,16,-25672,25635,-21791,18153
3562,45898,201,335,1056,3329,0,1,464,1181,0,-21575,25891,-21775,14056
3563,47689,89,362,928,1,3,7,464,1437,0,7090,24100,-21663,-14609
3564,48457,137,303,992,257,4095,4093,479,1693,16,19381,23332,-21711,-26900
3565,48713,121,346,1312,2049,0,1,464,1949,0,15286,23076,-21695,-22805
3566,49481,169,319,672,1281,1,3,480,157,0,27577,23844,-21647,-10514
3567,50249,121,366,2016,1,4095,4093,495,413,16,15292,24612,-21695,-22799
3568,48458,9,334,1904,1793,4093,4089,495,669,16,-21565,22820,-21807,5880
3569,50250,153,302,1376,2049,4093,4089,495,925,16,7100,24613,43617,-30991
3570,51018,201,319,608,2305,1,3,480,1181,0,-5191,23844,43569,-18700
3571,54601,233,271,1648,2049,4090,4082,495,1437,16,-13397,20261,-21743,-10494
3572,58952,249,374,48,769,7,17,480,1693,0,-9284,15910,43521,-14607
3573,58696,9,330,1008,2817,0,1,480,1949,0,-5189,16166,-22031,-18702
3574,57416,185,311,288,1281,2,5,496,157,0,-25674,14886,43425,26349
3575,57160,201,378,1968,3841,4095,4095,511,413,16,-21579,14630,43441,30444
3576,53321,217,374,288,1025,6,15,496,669,0,-25660,10791,-22335,26363
3577,49224,217,263,1760,2305,4089,4080,511,925,16,-25644,6694,43457,26379
3578,48200,153,354,1056,1,2,4,496,1181,0,-9256,7718,43521,9991
3579,39242,201,299,176,2,4082,4061,511,1437,16,-21509,16676,42961,22244
3580,37194,73,379,1056,2305,3,8,496,1693,0,11251,18724,43089,-10516
3581,35914,153,331,1632,1281,4094,4091,511,1949,16,31726,20004,43009,-30991
3582,34890,89,298,992,3073,4094,4092,527,157,16,15338,18980,42945,18157
3583,35146,73,315,992,3329,4095,4095,527,413,16,11243,19236,42929,14062
3584,35146,73,311,800,1281,0,0,512,669,0,11243,19236,42929,14062
3585,35658,41,326,1264,1793,4095,4094,527,925,16,19433,19748,42897,22252
3586,34634,233,319,1392,2049,4094,4092,527,1181,16,-29715,20772,-22575,5864
3587,33098,73,346,736,3073,2,6,512,1437,0,11251,22308,42865,30434
3588,33610,105,335,992,257,1,2,512,1693,0,19445,21796,42833,22240
3589,32586,169,319,544,3329,1,4,512,1949,0,-29711,22820,42769,5860
3590,33098,201,279,544,1281,4095,4094,543,157,16,-21517,23332,42801,14054
3591,32586,233,310,1056,1025,4095,4094,543,413,16,-13327,22820,42833,22244
3592,33354,25,335,1520,1,4095,4093,543,669,16,-25618,23588,-22655,9953
3593,39499,153,518,1648,3841,9,24,528,925,0,7126,29734,-23039,-22839
3594,40523,217,523,560,2050,4094,4092,543,1181,16,-9262,28709,-23103,-6451
3595,38732,73,534,1008,1794,4093,4089,543,1437,16,27609,30501,42321,22214
3596,39244,105,602,1632,1026,4095,4094,543,1693,16,-29733,29989,42289,14020
3597,46157,185,566,2032,1793,11,27,528,1949,0,-9226,23075,42721,-6487
3598,38219,201,351,672,1282,4083,4065,559,157,16,-5161,15137,42225,-2422
3599,37708,233,546,304,3842,0,2,544,413,0,3029,14626,42257,5768
3600,38987,57,351,992,257,2,5,544,669,0,-17456,15905,-23199,-14717
3601,39755,9,359,1904,1,4095,4093,559,925,16,-5171,16673,-23247,-2432
3602,39243,233,535,496,2050,4095,4094,559,1181,16,3023,17186,42321,-10626
3603,40779,137,567,1456,3074,4093,4090,559,1437,16,27593,15650,42417,30340
3604,40267,105,575,1184,1282,4095,4094,559,1693,16,19399,16162,42449,-27002
3605,38987,185,635,1392,1026,2,5,544,1949,0,-25662,17442,42369,18059
3606,38475,153,562,496,770,1,2,560,157,0,31680,16930,42337,9865
3607,37963,185,546,752,770,4095,4094,575,413,16,-25666,16418,42369,18055
3608,39498,25,583,1712,3074,4093,4090,575,669,16,15288,17954,-23071,-6527
3609,38730,73,591,1568,3330,4094,4093,575,925,16,3003,17186,-23023,-18812
3610,36682,201,602,544,2050,3,8,560,1181,0,-29757,19234,42641,13948
3611,37194,169,598,1136,3842,0,2,560,1437,0,-21567,18722,42673,5758
3612,37705,201,555,864,1282,4095,4094,575,1693,16,-13373,18210,42641,-2436
3613,41034,249,614,240,1794,5,13,560,1949,0,-1072,14881,-22687,-14737
3614,42315,73,634,1328,1794,2,5,576,157,0,19413,16162,42929,5748
3615,42059,89,578,880,2818,0,1,576,413,0,23508,15906,42945,9843
3616,42826,137,382,1696,1025,1,3,576,669,0,11217,16674,42993,-2448
3617,42826,137,358,1584,769,0,0,576,925,0,11217,16674,42993,-2448
3618,42314,105,351,1632,2305,4095,4094,591,1181,16,19411,17186,43025,-10642
3619,36172,233,519,1648,1,10,24,576,1437,0,-13333,23328,-22895,22102
3620,36428,249,534,176,2818,0,1,576,1693,0,-9236,23072,-22911,18005
3621,37964,153,515,608,3330,4093,4090,591,1949,16,31730,21536,-22815,-22961
3622,37964,153,574,928,1026,0,0,592,157,0,31730,21536,-22815,-22961
3623,38988,89,558,240,3842,1,4,592,413,0,15350,22560,-22879,26195
3624,38988,89,539,368,1026,0,0,592,669,0,15350,22560,-22879,26195
3625,39244,73,531,176,2050,0,1,592,925,0,19445,22816,-22895,30290
3626,44877,169,383,160,1282,4087,4074,607,1181,16,-5153,17182,42289,-10648
3627,47949,233,607,224,258,5,12,592,1437,0,-21549,14111,-23055,5748
3628,51276,185,539,1696,258,4091,4083,607,1693,16,31712,10784,42273,18023
3629,50252,249,619,2032,3074,4094,4092,607,1949,16,-17444,11808,42209,1643
3630,50508,9,635,1776,3074,0,1,608,157,0,-13347,12064,-23311,5740
3631,50508,9,615,1568,1282,0,0,608,413,0,-13347,12064,-23311,5740
3632,49484,201,566,1184,3074,4094,4092,623,669,16,3041,11041,42161,22128
3633,49228,217,595,1136,3074,0,1,608,925,0,-1054,10784,42177,18033
3634,49740,249,590,944,770,1,2,608,1181,0,-9248,10272,42145,26227
3635,49740,249,539,416,258,0,0,608,1437,0,-9248,10272,42145,26227
3636,47181,89,559,1776,2,4092,4086,623,1693,16,15318,12832,42305,1661
3637,46924,105,583,928,3330,0,1,608,1949,0,19413,13088,42289,-2434
3638,47437,137,566,1072,770,4095,4094,639,157,16,27607,13600,42321,5760
3639,53323,25,522,1760,3073,9,23,624,413,0,-1042,19486,-23583,-22889
3640,53067,9,338,1184,2049,0,1,624,669,0,3055,19231,-23599,-18792
3641,45641,217,331,48,2050,4084,4067,639,925,16,15372,11805,42401,-6475
3642,46410,9,331,1456,1,4095,4093,639,1181,16,3081,11037,-23183,5816
3643,46921,233,382,1776,3841,0,2,624,1437,0,11271,10525,42385,-2374
3644,47433,9,367,1904,2049,4095,4094,639,1693,16,19465,10013,-23183,-10568
3645,40264,201,371,624,3074,4084,4068,639,1949,16,3053,17183,41905,5844
3646,39495,153,519,368,2,4095,4093,655,157,16,-9238,16414,41857,-6447
3647,40519,89,350,1840,2817,4094,4092,655,413,16,-25618,17438,41793,-22827
3648,38472,217,518,880,3842,4092,4088,655,669,16,7158,15391,-23871,9949
3649,38472,217,531,224,1282,0,0,640,925,0,7158,15391,-23871,9949
3650,44617,89,514,1584,3841,9,24,640,1181,0,-25634,9245,-24255,-22795
3651,43593,153,375,1440,3329,1,4,640,1437,0,23522,10269,-24319,-6415
3652,36427,217,375,672,3330,4084,4068,655,1693,16,-25658,17435,-23871,-22771
3653,35659,9,555,352,1282,1,3,640,1949,0,-13373,18203,41617,30480
3654,34891,217,543,96,2306,1,3,656,157,0,-25664,17435,-23967,18189
3655,28492,105,375,368,2,4086,4071,671,413,16,11175,11037,-23567,-10508
3656,34635,233,363,32,2306,4086,4072,671,669,16,-21617,17179,42353,22236
3657,28233,121,371,288,258,4086,4071,671,925,16,7080,10778,42753,-14603
3658,30282,249,571,1760,3330,4092,4088,671,1181,16,-25696,8729,42625,18173
3659,32841,89,611,432,2050,4,10,656,1437,0,15254,6170,42785,-22777
3660,33865,153,538,752,2818,4094,4092,671,1693,16,31642,5146,42721,26371
3661,31304,57,562,1776,770,4092,4086,671,1949,16,7056,7707,-22975,-14579
3662,32072,105,631,1568,1282,1,3,672,157,0,19347,8475,-22927,-2288
3663,25674,249,535,1760,2305,10,25,672,413,0,-9350,2076,43009,-30985
3664,25930,9,383,1840,3073,0,1,672,669,0,-13447,2332,-22511,30454
3665,26442,233,522,288,2050,4095,4094,687,925,16,-5257,2844,42993,-26892
3666,20553,121,366,48,2818,4086,4073,687,1181,16,23438,8734,-22175,9949
3667,20297,137,375,1760,2305,0,1,672,1437,0,19343,8990,-22191,14044
3668,21832,233,355,928,2305,2,6,672,1693,0,-21611,7454,-22287,-10538
3669,21064,25,314,544,2049,1,3,672,1949,0,-9326,8222,43201,-22823
3670,16711,9,379,160,257,7,17,688,157,0,-13439,3869,-22607,-26936
3671,15687,73,319,1392,2049,4094,4092,703,413,16,2941,2846,-22543,-10556
3672,9545,201,526,1760,1,10,24,688,669,0,-29803,-3297,-22928,22236
3673,9289,217,350,1584,2817,4095,4095,703,925,16,31638,-3553,-22912,18141
3674,8521,169,330,864,1025,1,3,688,1181,0,-21607,-2785,-22864,5850
3675,8521,169,315,944,1,0,0,688,1437,0,-21607,-2785,-22864,5850
3676,15687,105,343,160,3330,4084,4068,703,1693,16,27573,-9951,-23312,22206
3677,16199,73,378,1712,3841,0,2,688,1949,0,19383,-10463,-23280,30396
3678,8773,121,359,544,1282,4084,4067,719,157,16,31642,-17889,-23744,-22881
3679,8517,137,543,368,2050,0,1,704,413,0,-29799,-18145,-23728,-18786
3680,14404,249,534,1952,3073,9,23,704,669,0,7042,-12258,42176,18055
3681,14148,9,546,416,2050,0,1,704,925,0,2947,-12514,-23344,13960
3682,13892,249,342,1440,3073,4095,4095,719,1181,16,7044,-12258,42208,9863
3683,14659,201,351,1760,257,4095,4093,719,1437,16,19329,-13026,42256,-2422
3684,14915,217,338,1184,2049,0,1,704,1693,0,23426,-13282,42240,-6519
3685,12099,137,343,176,3073,4,11,704,1949,0,2935,-10465,-23472,13972
3686,9282,217,363,544,2305,4,11,720,157,0,23404,-13282,41888,-31095
3687,8770,249,262,240,1793,4095,4094,735,413,16,31594,-13794,41920,-22905
3688,8258,217,302,496,3841,0,2,720,669,0,-25748,-14306,41888,-14711
3689,4929,169,298,2016,3073,4090,4083,735,925,16,-13447,-17635,-23440,-2410
3690,6722,25,286,1200,769,4093,4089,735,1181,16,23410,-19427,41984,26269
3691,6978,9,342,1248,2049,0,1,720,1437,0,27505,-19683,42000,22174
3692,6722,249,339,1136,3073,0,1,720,1693,0,23408,-19427,-23520,26271
3693,576,121,367,96,2306,4086,4072,735,1949,16,-9384,-13282,-23904,-6473
3694,320,105,534,416,3074,4095,4095,751,157,16,-13481,-13538,-23920,-10570
3695,64,121,590,1136,1794,0,1,736,413,0,-9386,-13794,-23904,-6475
3696,6975,41,562,2032,769,11,27,736,669,0,11067,-6883,-23472,13978
3697,12864,185,371,96,3330,4086,4073,751,925,16,-25820,-994,-23840,-22909
3698,6719,57,370,224,1026,4086,4072,751,1181,16,6972,5152,42081,9835
3699,6975,41,378,2016,3073,4095,4095,751,1437,16,11067,4896,42097,5740
3700,1088,185,382,304,2818,4086,4073,751,1693,16,-17628,10782,42465,-31101
3701,8258,249,378,688,3842,4084,4068,751,1949,16,-1216,3612,42913,18023
3702,8002,233,583,1008,2050,0,1,752,157,0,-5313,3356,42897,13926
3703,5442,137,538,1376,1026,4092,4086,767,413,16,-29899,797,-22479,-10660
3704,6466,201,614,1968,2818,4094,4092,767,669,16,19249,1821,-22415,-27048
3705,6978,169,582,816,770,1,2,752,925,0,27439,2333,-22447,-18858
3706,5698,89,611,1056,258,2,5,752,1181,0,-17612,3613,-22367,26193
3707,5954,73,571,816,2050,0,1,752,1437,0,-13517,3357,-22351,22098
3708,6978,137,515,416,2306,4094,4092,767,1693,16,2871,2334,-22415,5710
3709,4417,41,546,1504,1026,4092,4086,767,1949,16,-21715,4894,42961,30296
3710,4161,25,578,1072,3842,4095,4095,783,157,16,-25812,4638,42945,26199
3711,4417,9,594,1376,3074,4095,4095,783,413,16,-29907,4894,42929,22104
3712,4417,9,587,1136,1026,0,0,768,669,0,-29907,4894,42929,22104
3713,63807,136,543,2016,257,10,24,768,925,0,2885,-1251,-22224,-10640
3714,64576,184,543,176,1026,1,3,768,1181,0,-9406,-2020,-22272,1651
3715,64320,200,558,560,2818,0,1,768,1437,0,-13501,-1764,-22288,5746
3716,63808,168,559,944,1026,4095,4094,783,1693,16,-21695,-1252,-22256,13940
3717,64576,120,522,416,2,4095,4093,783,1949,16,31556,-2020,-22208,26225
3718,65088,152,578,1184,2050,4095,4094,799,157,16,-25786,-1508,-22176,-31117
3719,1088,57,606,816,2818,2,6,784,413,0,15180,28,-22271,9849
3720,2367,137,590,1696,1026,4094,4091,799,669,16,-5305,1307,-22191,-10636
3721,63550,152,519,1840,1026,4089,4079,799,925,16,-9384,-3046,43616,-14715
3722,62526,88,571,496,3074,1,4,784,1181,0,7004,-2021,43680,-31103
3723,3388,201,542,1952,1025,10,25,784,1437,0,-21693,-8420,44080,-2406
3724,3133,185,542,288,3074,0,1,784,1693,0,-25790,-8164,44096,1691
3725,3389,169,538,224,3074,0,1,784,1949,0,-29885,-8420,44112,5786
3726,2876,137,515,224,1282,4095,4094,815,157,16,27457,-8932,44080,-2408
3727,3900,73,586,1520,2818,4094,4092,815,413,16,11077,-7908,44016,-18788
3728,4924,137,586,736,3074,1,4,800,669,0,-5311,-6885,44080,30360
3729,4668,153,563,624,3074,0,1,800,925,0,-9406,-7141,44096,26265
3730,10301,249,514,1776,769,9,22,800,1181,0,31532,-12774,-21792,-14673
3731,15932,153,374,32,1026,4087,4074,815,1437,16,-9450,-18405,44096,26309
3732,23354,105,554,1632,1025,12,29,800,1693,0,-21709,-25827,43632,-26968
3733,24378,41,355,1968,2049,4094,4092,815,1949,16,27447,-26851,43696,-10588
3734,30780,185,363,160,258,4086,4071,831,157,16,-1200,-20450,-21440,26301
3735,30780,185,551,560,1026,0,0,816,413,0,-1200,-20450,-21440,26301
3736,24126,25,530,1648,2817,10,26,816,669,0,-25750,-27104,43680,1751
3737,24382,9,383,1888,2305,0,1,816,925,0,-21655,-26848,43664,5846
3738,24382,9,367,1696,1281,0,0,816,1181,0,-21655,-26848,43664,5846
3739,17471,185,383,752,2,4085,4069,831,1437,16,-1148,-19938,-22304,-14661
3740,19263,41,531,944,2050,4093,4089,831,1693,16,27531,-21729,43120,22196
3741,25152,185,515,1632,3329,9,23,816,1949,0,-1118,-27619,43488,-14691
3742,21567,217,291,1952,2305,4090,4082,847,157,16,7060,-31203,-22272,-6513
3743,22591,153,283,800,2305,4094,4092,847,413,16,-9320,-30180,-22336,-22893
3744,25662,89,370,544,1,5,12,832,669,0,7052,-27108,43392,-6521
3745,26175,57,279,560,1025,4095,4094,847,925,16,15242,-26596,43360,1669
3746,24894,233,282,928,1,4094,4091,847,1181,16,-29809,-25316,-22096,-18816
3747,23103,89,310,48,769,3,7,832,1437,0,7062,-23524,43328,9849
3748,23359,105,270,32,3073,0,1,832,1693,0,11159,-23780,43312,5752
3749,19518,89,366,160,1025,6,15,832,1949,0,7048,-19939,-22464,9863
3750,19006,57,302,432,769,1,2,848,157,0,-1146,-20452,-22496,1669
3751,18494,89,282,560,1793,4095,4094,863,413,16,7044,-20963,-22464,9859
3752,17214,9,375,1328,1025,2,5,848,669,0,27529,-22243,-22544,30344
3753,18238,201,350,992,1,2,4,848,925,0,-21627,-21219,42928,-18812
3754,17982,185,351,1392,2049,0,1,848,1181,0,-17530,-20963,42944,-22909
3755,19262,105,383,1440,1281,2,5,848,1437,0,2945,-22242,43024,22152
3756,19006,89,331,992,3329,0,1,848,1693,0,-1152,-21987,43040,26249
3757,19006,89,286,432,769,0,0,848,1949,0,-1152,-21987,43040,26249
3758,17470,249,315,1568,2305,4093,4090,879,157,16,-25734,-23523,-22592,1667
3759,18749,169,274,800,1,4094,4091,879,413,16,19327,-22243,-22672,-18808
3760,20541,25,347,672,257,3,7,864,669,0,-9352,-20452,42976,18049
3761,20541,25,299,688,1,0,0,864,925,0,-9352,-20452,42976,18049
3762,18748,169,310,1568,1025,4093,4089,879,1181,16,19327,-18659,-22448,-10630
3763,19004,153,374,1952,3073,4095,4095,879,1437,16,23422,-18915,-22432,-14725
3764,18492,121,523,368,1026,4095,4094,879,1693,16,15228,-18403,-22400,-6531
3765,11323,57,563,1952,2305,11,28,864,1949,0,-1184,-11234,-22848,9881
3766,11835,89,519,224,2306,4095,4094,895,157,16,7010,-10721,-22816,18075
3767,12603,41,375,1504,2305,1,3,880,413,0,-5275,-9954,-22864,5790
3768,15162,201,515,1056,258,4092,4086,895,669,16,19291,-7394,-22704,30356
3769,22332,9,570,2032,2817,11,28,880,925,0,2879,-224,42384,13944
3770,20539,153,331,368,1025,3,7,880,1181,0,31558,1568,-23039,-14735
3771,20283,169,270,240,3841,4095,4095,895,1437,16,27463,1824,-23055,-10640
3772,21563,249,314,1376,1025,4094,4091,895,1693,16,-17588,544,-23135,-31125
3773,21563,249,331,1136,1025,0,0,880,1949,0,-17588,544,-23135,-31125
3774,22075,25,282,176,3841,0,2,896,157,0,-9394,1056,42433,-22931
3775,24635,121,311,1888,257,4092,4086,911,413,16,15192,3616,-23263,1655
3776,22843,9,339,2032,1025,4093,4089,911,669,16,-21665,1824,-23375,30334
3777,24635,153,518,816,770,4093,4089,911,925,16,7000,3617,42049,-6537
3778,26428,9,614,864,2,3,7,896,1181,0,-21679,1824,-23599,22142
3779,26940,233,579,1184,2306,4095,4094,911,1437,16,-13489,1312,41969,13952
3780,27708,25,619,1376,1282,1,3,896,1693,0,-1198,544,-23615,1661
3781,27195,57,586,880,770,1,2,896,1949,0,6992,1057,-23647,-6529
3782,27964,105,343,1648,1,4095,4093,927,157,16,19283,1825,-23599,5762
3783,27196,153,307,1056,257,4095,4093,927,413,16,31568,1057,-23551,18047
3784,29499,41,306,1648,2817,4092,4087,927,669,16,-5305,3360,42129,-18826
3785,35645,169,534,1904,3841,9,24,912,925,0,27439,9506,41745,13918
3786,36413,217,367,2032,1,4095,4093,927,1181,16,15148,8738,41697,26209
3787,30270,89,374,304,770,4086,4072,927,1437,16,-17596,14880,41313,-6583
3788,22848,137,527,1200,1025,12,29,912,1693,0,-5337,22302,41777,-18842
3789,21568,217,287,928,1281,4094,4091,927,1949,16,15138,23583,41697,26219
3790,18495,25,303,1968,1025,4091,4084,943,157,16,31510,20510,41505,-22945
3791,19263,233,307,1120,3329,4094,4093,943,413,16,19225,21278,-24079,30306
3792,17983,153,291,992,1281,4094,4091,943,669,16,-25826,19998,-24159,-14745
3793,13630,169,379,176,1,7,17,928,925,0,-29905,15645,41649,-18824
3794,10301,217,262,1440,3073,4090,4083,943,1181,16,23356,18974,-23679,-6549
3795,10813,185,354,1712,1793,4095,4094,943,1437,16,31546,18462,-23647,-14739
3796,7742,249,286,1648,1793,4091,4084,943,1693,16,-17618,21533,42081,-31111
3797,3645,249,366,48,2817,6,16,928,1949,0,-17634,25630,-23711,-31095
3798,5437,105,274,944,1793,4093,4089,959,157,16,11045,27423,41937,-2416
3799,4158,185,326,1632,1,4094,4091,959,413,16,31520,26143,42017,18059
3800,6461,73,515,944,2050,4092,4087,959,669,16,-5353,28446,-23375,-18814
3801,5437,137,574,1312,3074,4094,4092,959,925,16,-21733,27422,-23311,30342
3802,4157,57,570,368,770,2,5,944,1181,0,-1248,28702,-23231,9857
3803,3645,89,550,752,1794,4095,4094,959,1437,16,-9438,29214,-23263,18047
3804,6460,9,551,1760,2306,4091,4085,959,1693,16,-29907,26399,42097,-27020
3805,8765,121,602,416,2,4,9,944,1949,0,-1226,24094,-23295,9835
3806,8253,89,558,928,1026,4095,4094,975,157,16,-9420,23582,-23327,1641
3807,9276,25,534,672,3074,4094,4092,975,413,16,-25800,24606,-23391,-14739
3808,9276,25,542,416,1026,0,0,960,669,0,-25800,24606,-23391,-14739
3809,9020,41,382,1888,2049,0,1,960,925,0,-29895,24350,-23375,-18834
3810,9788,89,370,1456,1793,1,3,960,1181,0,23350,23582,-23423,-6543
3811,7229,249,358,560,769,4,10,960,1437,0,-17600,26141,-23583,-31129
3812,8509,73,299,160,257,2,5,960,1693,0,2885,24862,41873,13922
3813,9533,9,358,1968,2817,4094,4092,975,1949,16,-13495,23837,41937,30302
3814,10045,41,366,1968,769,4095,4094,991,157,16,-5301,24349,41969,-27040
3815,15164,233,515,1968,2049,8,20,976,413,0,-21665,29468,41649,22132
3816,14396,185,382,1632,2049,1,3,976,669,0,-9374,28700,41601,-31113
3817,7994,73,378,416,2,4086,4071,991,925,16,19323,22299,42001,-2416
3818,6970,9,362,1200,3841,1,4,976,1181,0,-29825,23323,42065,-18804
3819,6458,41,330,1392,769,4095,4094,991,1437,16,27521,23835,42033,-10614
3820,5946,9,314,688,3841,0,2,976,1693,0,19327,24347,42065,-2420
3821,5690,25,346,1520,2817,4095,4095,991,1949,16,23422,24603,42049,-6515
3822,6203,57,550,368,3842,0,2,992,157,0,31616,25115,42081,1679
3823,7482,233,550,1072,770,4094,4091,1007,413,16,11141,26395,-23535,-18796
3824,8506,41,563,368,3074,1,4,992,669,0,-5247,27418,42065,30352
3825,3385,105,515,2016,1281,8,20,992,925,0,-21611,22297,-23151,13988
3826,61495,152,354,432,1794,4084,4067,1007,1181,16,31666,29723,-22687,26247
3827,58936,56,378,880,769,4,10,992,1437,0,-9284,32282,42689,1661
3828,59959,120,303,288,3329,1,4,992,1693,0,7104,31259,42625,-14727
3829,59959,120,295,624,1,0,0,992,1949,0,7104,31259,42625,-14727
3830,59959,120,270,176,769,0,0,1008,157,0,7104,31259,42625,-14727
3831,55096,168,258,2016,1025,4088,4077,1023,413,16,19373,26396,-22607,-2458
3832,50746,152,379,112,1025,7,17,1008,669,0,23486,22045,42657,1655
3833,48185,56,307,1760,1281,4092,4086,1023,925,16,-17464,19484,-22719,26241
3834,48441,72,342,1392,3841,4095,4095,1023,1181,16,-21561,19228,-22735,30338
3835,45882,232,306,1760,1025,4092,4086,1023,1437,16,3025,21788,-22895,5752
3836,46649,24,519,416,3330,4094,4093,1023,1693,16,15316,21020,42593,-6539
3837,47418,232,559,368,2050,1,3,1008,1949,0,3031,20252,-22895,5746
3838,45113,88,534,1264,1794,4092,4087,1039,157,16,31694,17947,-23039,-31127
3839,45113,88,567,800,1282,0,0,1024,413,0,31694,17947,-23039,-31127
3840,51767,248,551,1952,3329,10,26,1024,669,0,-9292,24601,42913,-6577
3841,46390,72,518,1888,1,9,21,1024,925,0,-29751,19224,43249,-27036
3842,44598,216,514,688,1794,4093,4089,1039,1181,16,-1072,21016,-22175,9821
3843,43830,8,595,1008,1026,1,3,1024,1437,0,-13357,21784,43313,22106
3844,43062,216,582,1392,3842,4094,4093,1039,1693,16,-25648,22552,-22175,-31139
3845,42806,232,550,432,2818,0,1,1024,1949,0,-21553,22808,-22191,30302
3846,49720,152,375,560,1026,4085,4069,1055,157,16,23530,29722,-21759,9849
3847,50487,104,382,1648,1793,1,3,1040,413,0,11245,30490,-21807,-2436
3848,52023,200,322,1584,3841,4093,4090,1055,669,16,-13337,32025,-21711,-27018
3849,50743,24,303,1184,1281,4094,4091,1055,925,16,31724,30745,43905,18043
3850,50231,248,355,1328,1,1,2,1040,1181,0,-25618,31257,-21599,9849
3851,49463,40,338,1584,3841,4094,4093,1055,1437,16,27633,32025,43889,22134
3852,49463,40,367,1760,257,0,0,1040,1693,0,27633,32025,43889,22134
3853,49975,8,366,1504,1,1,2,1040,1949,0,19443,31513,43921,30324
3854,48695,184,350,2016,1,4094,4091,1071,157,16,-1042,30232,-21695,9839
3855,42296,72,515,1456,2049,10,25,1056,413,0,-29739,23834,-21295,-18858
3856,42296,72,306,736,1025,0,0,1056,669,0,-29739,23834,-21295,-18858
3857,46649,56,274,2016,1025,4089,4079,1071,925,16,-25660,28187,43969,-14779
3858,46393,40,302,816,2817,4095,4095,1071,1181,16,-21563,28443,43985,-18876
3859,46393,40,319,928,1281,0,0,1056,1437,0,-21563,28443,43985,-18876
3860,44602,184,259,688,2049,4093,4089,1071,1693,16,15294,30235,-21439,9803
3861,44602,184,298,624,769,0,0,1056,1949,0,15294,30235,-21439,9803
3862,45114,216,303,864,2305,4095,4094,1087,157,16,23488,30747,-21407,17997
3863,41787,168,271,1520,1,4091,4083,1087,413,16,11187,27420,44337,5696
3864,34620,232,295,1696,3328,11,28,1072,669,0,-5169,20253,43889,-10660
3865,29243,56,126,96,2049,4087,4075,1087,925,16,-25628,14876,44225,-31119
3866,23866,232,263,1952,3328,8,21,1072,1181,0,-5127,20253,44561,13916
3867,24122,216,103,1504,2304,0,1,1072,1437,0,-1032,19997,44577,9821
3868,24889,8,63,1312,3328,4094,4093,1087,1693,16,11259,19230,-21007,-2470
3869,21817,200,274,1504,1025,4091,4084,1087,1949,16,-5137,22302,-21199,13926
3870,22073,216,355,1440,2305,0,1,1088,157,0,-1040,22558,-21183,18023
3871,19769,104,359,608,257,4,9,1088,413,0,-29721,20255,44497,-10658
3872,20793,168,311,416,3329,1,4,1088,669,0,19427,21279,44561,-27046
3873,19257,8,358,944,2817,2,6,1088,925,0,-5143,19742,-20879,13920
3874,16952,120,298,1520,2817,4092,4087,1103,1181,16,31730,22047,44801,-22953
3875,17720,72,338,1584,3841,4094,4093,1103,1437,16,-21521,21279,44849,30298
3876,13881,88,259,1520,1025,4090,4081,1103,1693,16,-17440,25118,-20447,26217
3877,7223,248,515,1328,1,11,26,1088,1949,0,23494,31776,44673,-14717
3878,8248,56,354,1888,3073,4094,4092,1119,157,16,-25654,-32736,-20799,1671
3879,14134,200,527,1888,2305,9,23,1104,413,0,11233,-26849,-21167,-26978
3880,15158,8,526,544,3074,4094,4092,1119,669,16,-5155,-25826,44433,22170
3881,14902,24,523,224,3330,4095,4095,1119,925,16,-9250,-26082,44449,18075
3882,20791,136,383,288,3330,4086,4073,1119,1181,16,27591,-31971,-21455,-18766
3883,21559,88,359,1264,2049,1,3,1104,1437,0,-25660,-32739,-21407,-31051
3884,21047,56,354,1312,1,1,2,1104,1693,0,31682,-32227,-21375,-22857
3885,19511,152,346,1968,3841,4093,4090,1119,1949,16,-9284,-30691,-21471,18109
3886,20535,216,375,1456,3073,1,4,1120,157,0,7104,-29666,-21407,-31039
3887,26678,88,374,304,770,4086,4072,1135,413,16,-25640,-23524,43745,1753
3888,26422,72,570,1008,2818,4095,4095,1135,669,16,-21543,-23780,43729,5850
3889,20532,184,527,1840,3073,9,23,1120,925,0,15344,-29669,-21439,-22799
3890,19252,104,310,1312,1025,4094,4091,1135,1181,16,-29707,-28389,-21359,22252
3891,19508,88,359,1712,3073,4095,4095,1135,1437,16,-25612,-28645,-21343,18157
3892,25394,200,522,1760,3073,9,23,1120,1693,0,3083,31005,43825,-10538
3893,18993,88,535,1776,2049,10,25,1120,1949,0,-25614,-28130,43425,18159
3894,19505,120,527,416,1282,4095,4094,1151,157,16,-17420,-27618,43457,26353
3895,20529,56,370,1328,3841,1,4,1136,413,0,31736,-26594,43393,9973
3896,18225,168,382,1056,3073,3,9,1136,669,0,3073,-28897,-22287,-18690
3897,16945,248,338,1776,769,4094,4091,1151,925,16,-17402,-30178,-22207,26371
3898,23346,136,367,240,2,4086,4071,1151,1181,16,11245,28957,-22607,-2276
3899,23602,120,610,1376,3074,0,1,1136,1437,0,15340,28701,-22591,-6371
3900,22323,40,582,560,770,2,5,1136,1693,0,-5145,29980,-22511,14114
3901,24627,152,595,368,3074,3,9,1136,1949,0,23536,27676,43169,-14567
3902,23859,104,366,2032,3841,4094,4093,1167,157,16,11245,26908,43121,-26858
3903,23603,120,343,1264,2049,0,1,1152,413,0,15340,26652,43137,-22763
3904,24115,152,367,1504,257,1,2,1152,669,0,7146,27164,43169,-30957
3905,25395,72,335,1776,1,4094,4091,1167,925,16,27621,28444,43089,-10482
3906,25651,88,335,1072,3073,0,1,1152,1181,0,23524,28188,43073,-6385
3907,24628,152,314,480,3073,1,4,1152,1437,0,7144,29212,43009,9995
3908,21300,200,282,1760,3073,4090,4083,1167,1693,16,19419,32539,-22319,-2280
3909,21813,168,338,1456,1793,4095,4094,1167,1949,16,11229,32027,-22287,5910
3910,21813,168,343,1376,257,0,0,1168,157,0,11229,32027,-22287,5910
3911,22069,152,343,1200,3073,0,1,1168,413,0,7134,32283,-22303,1815
3912,17974,152,370,112,2817,6,16,1168,669,0,7150,28188,42977,1831
3913,19766,40,358,816,769,3,7,1168,925,0,-29721,29980,42865,30496
3914,18998,248,283,32,2305,1,3,1168,1181,0,-17430,30748,-22623,18205
3915,18486,24,306,992,1025,4095,4094,1183,1437,16,-25620,31260,42881,26395
3916,19254,72,331,1456,1,4095,4093,1183,1693,16,-13329,30492,42833,14104
3917,18229,136,354,1888,3073,4094,4092,1183,1949,16,3051,31517,42769,-2276
3918,15669,232,275,1248,1281,4092,4086,1199,157,16,27617,28956,-22927,22290
3919,15669,232,306,800,1,0,0,1184,413,0,27617,28956,-22927,22290
3920,15925,248,314,816,1793,0,1,1184,669,0,23520,29212,-22911,18193
3921,20022,248,282,2016,3073,4089,4080,1199,925,16,23504,-32227,42369,18177
3922,18229,136,298,1376,1025,4093,4089,1199,1181,16,-13353,-30435,42481,-10502
3923,18997,88,366,2016,1,4095,4093,1199,1437,16,-1068,-31203,42529,-22787
3924,26675,56,527,1120,2305,12,30,1184,1693,0,-9230,26655,42049,-14625
3925,27443,8,335,1504,257,4095,4093,1199,1949,16,-21515,25887,42097,-2340
3926,35894,24,350,800,3074,4082,4063,1215,157,16,-17386,-31199,42625,1789
3927,36149,8,530,160,2050,0,1,1200,413,0,-21481,-30943,42609,-2306
3928,41780,104,383,224,258,4087,4074,1215,669,16,19457,-25312,-22575,-26904
3929,40500,184,534,816,770,4094,4091,1215,925,16,-1018,-26593,-22495,18157
3930,42292,40,570,1568,2050,4093,4089,1215,1181,16,-29697,-28385,42929,-18700
3931,42548,24,598,1200,2818,0,1,1200,1437,0,-25602,-28641,42945,-22795
3932,43316,72,594,1568,2,4095,4093,1215,1693,16,-13311,-29409,42897,30450
3933,44852,232,627,1136,3074,2,6,1200,1949,0,27655,-30945,-22543,-10516
3934,45877,40,558,240,3842,1,4,1216,157,0,-21493,-29921,43057,5872
3935,39478,184,535,1840,1025,10,25,1216,413,0,15346,29217,-22079,-22825
3936,44853,8,519,1952,3329,8,21,1216,669,0,-5155,-30945,-21743,22210
3937,44853,8,363,1648,1025,0,0,1216,925,0,-5155,-30945,-21743,22210
3938,50742,120,530,1904,2817,9,23,1216,1181,0,31686,28702,43425,-14631
3939,44600,248,518,1584,769,10,24,1216,1437,0,-1058,-30692,-22495,18113
3940,44344,232,342,1456,2817,4095,4095,1231,1693,16,-5155,-30436,-22479,22210
3941,52538,232,334,496,3842,4082,4064,1231,1949,16,-5123,26906,-21967,22178
3942,52794,248,378,1968,3841,4095,4095,1247,157,16,-1026,27162,-21951,26275
3943,58169,168,515,1840,1,9,21,1232,413,0,-21485,32537,43249,5816
3944,56633,72,351,800,3329,2,6,1232,669,0,3097,31002,43153,30398
3945,56121,104,310,1056,1025,4095,4094,1247,925,16,-5093,30489,43185,22208
3946,58425,248,318,1904,1793,4092,4087,1247,1181,16,23570,28185,43041,-6455
3947,58425,248,343,1392,1,0,0,1232,1437,0,23570,28185,43041,-6455
3948,59705,72,306,1248,1025,4094,4091,1247,1693,16,-21481,26905,-22575,-26940
3949,60729,8,299,240,3073,1,4,1232,1949,0,27675,25881,-22511,-10560
3950,60473,248,311,944,3073,4095,4095,1263,157,16,23578,25625,43009,-14657
3951,62777,104,326,2016,2049,4092,4087,1263,413,16,-13277,27928,42865,14024
3952,63545,152,358,1312,1025,1,3,1248,669,0,-25568,28696,42913,1733
3953,64569,88,546,928,2050,4094,4092,1263,925,16,-9188,29720,42849,18113
3954,64825,104,574,880,1794,0,1,1248,1181,0,-13285,29464,42833,22210
3955,63801,168,574,480,2,2,4,1248,1437,0,-29665,30488,42769,-26946
3956,56891,248,350,176,770,4085,4069,1263,1693,16,-9212,-28138,43201,18137
3957,49721,184,539,1584,2049,11,28,1248,1949,0,-25624,-20968,42753,-30987
3958,49209,152,346,1184,1,1,2,1264,157,0,31718,-21480,42721,26355
3959,49977,104,351,1136,2049,1,3,1264,413,0,19433,-20712,42673,14070
3960,48185,248,383,1264,1,3,7,1264,669,0,-17424,-22504,-22975,-22787
3961,50234,120,350,608,2049,3,8,1264,925,0,15336,-20455,-23103,9973
3962,53050,40,303,1888,2305,4091,4085,1279,1181,16,-29731,-23272,42257,-10496
3963,56633,72,367,288,3329,5,14,1264,1437,0,27599,-26855,-23055,-2290
3964,55354,248,347,864,1281,2,5,1264,1693,0,7114,-25575,42561,18195
3965,55610,232,287,368,2049,0,1,1264,1949,0,3019,-25831,42577,22290
3966,61755,104,259,1568,256,10,24,1280,157,0,-29725,-19686,42961,-10454
3967,64571,184,271,1312,3329,4091,4085,1295,413,16,-9234,-16871,-22751,10037
3968,63547,120,350,1888,2049,4094,4092,1295,669,16,7154,-17894,-22815,26425
3969,60474,56,366,480,1,5,12,1280,925,0,23550,-20967,42913,-22715
3970,61754,136,382,1440,1025,2,5,1280,1181,0,3065,-22247,42833,-2230
3971,64314,232,318,2016,1,4092,4086,1295,1437,16,-21521,-24807,-22543,22356
3972,61754,72,286,1520,3841,4091,4086,1295,1693,16,3045,-22247,-22383,-2210
3973,63547,216,334,1888,2049,4093,4089,1295,1949,16,-25620,-24040,43265,26455
3974,63035,184,366,1520,3841,0,2,1296,157,0,31722,-24552,43233,18261
3975,62267,232,363,1952,257,4095,4093,1311,413,16,-21529,-25320,43281,30546
3976,59196,40,362,352,1025,5,12,1296,669,0,27635,-28391,43089,14174
3977,55355,24,262,1648,3841,4089,4081,1311,925,16,31746,-32232,-22207,18285
3978,55355,24,319,992,257,0,0,1296,1181,0,31746,-32232,-22207,18285
3979,54075,104,330,1648,769,4094,4091,1311,1437,16,11271,-30952,-22287,-26776
3980,52028,232,371,944,2049,3,8,1296,1693,0,-21505,-28905,43377,6000
3981,52028,232,382,2016,1,0,0,1296,1949,0,-21505,-28905,43377,6000
3982,51772,216,367,1824,3329,4095,4095,1327,157,16,-25602,-29161,43361,1903
3983,51516,232,347,1264,3073,0,1,1312,413,0,-21507,-29417,43377,5998
3984,51516,232,335,1264,1,0,0,1312,669,0,-21507,-29417,43377,5998
3985,50235,56,314,304,1793,2,5,1312,925,0,23554,-30697,-22079,-14477
3986,49723,24,266,304,1793,4095,4094,1327,1181,16,31748,-30185,-22047,-22671
3987,50235,248,274,416,2049,4095,4094,1327,1437,16,-25598,-30697,43521,-30861
3988,50491,8,319,864,2305,0,1,1312,1693,0,-21501,-30953,-22031,30578
3989,49723,56,375,1520,2049,1,3,1312,1949,0,-9216,-30185,-22079,18293
3990,53308,24,270,1648,1793,4090,4082,1343,157,16,-17394,-26600,43681,10115
3991,53820,248,346,1184,1,1,2,1328,413,0,-25584,-26088,-21887,1925
3992,53308,216,375,1632,257,1,2,1328,669,0,-17390,-26600,-21919,10119
3993,52539,8,335,1504,257,4095,4093,1343,925,16,-29675,-27368,43665,-2166
3994,52539,8,319,1008,1,0,0,1328,1181,0,-29675,-27368,43665,-2166
3995,54331,152,362,880,769,3,7,1328,1437,0,-1010,-29160,-21759,-30831
3996,54075,136,290,416,2049,0,1,1328,1693,0,-5107,-28904,-21743,-26734
3997,55099,72,302,224,1,2,4,1328,1949,0,-21487,-29928,-21679,-10354
3998,54331,24,358,1888,1,4095,4093,1359,157,16,31758,-30696,-21727,-22645
3999,52796,120,379,1328,2049,2,6,1344,413,0,-9208,-32232,-21631,1925
4000,52540,104,347,1504,3329,4095,4095,1359,669,16,-5111,-32488,-21647,6022
4001,53308,56,311,1184,3329,4094,4093,1359,925,16,7174,-31719,-21695,18307
4002,52796,24,346,1632,1025,4095,4094,1359,1181,16,15368,-31207,-21663,10113
4003,52284,56,330,880,769,1,2,1344,1437,0,7178,-30695,-21695,18303
4004,51772,24,291,672,2305,4095,4094,1359,1693,16,-1016,-30184,-21663,26497
4005,51772,24,302,672,1025,0,0,1344,1949,0,-1016,-30184,-21663,26497
4006,52796,88,346,1824,2049,4094,4092,1375,157,16,15372,-29159,-21599,-22651
4007,52284,120,287,608,2305,4095,4094,1375,413,16,23562,-29671,-21567,-14461
4008,53052,168,295,880,1,4095,4093,1375,669,16,11271,-28903,-21519,-26752
4009,53308,152,379,1824,2305,0,1,1360,925,0,15366,-28647,-21535,-22657
4010,53820,184,271,368,2049,4095,4094,1375,1181,16,7172,-29159,-21567,-14463
4011,53052,232,355,1824,257,4095,4093,1375,1437,16,-5113,-28392,-21615,-2178
4012,55612,136,319,1968,1025,4092,4086,1375,1693,16,-29679,-30951,43761,22388
4013,54844,184,310,1136,3841,4094,4093,1375,1949,16,-17394,-30183,43713,10103
4014,55356,216,318,688,769,1,2,1376,157,0,-9200,-29671,43745,18297
4015,56380,152,338,1632,3073,4094,4092,1391,413,16,-25580,-28647,43681,1917
4016,57147,200,382,1632,2049,1,3,1376,669,0,27665,-27879,43729,-10374
4017,53306,184,363,48,2049,6,15,1376,925,0,31776,-31720,-21567,-6263
4018,53819,216,274,32,1,1,2,1376,1181,0,23582,-32232,-21599,1931
4019,51771,88,342,496,1793,3,8,1376,1437,0,-9178,-30185,43809,-30845
4020,44861,168,127,752,1,4085,4069,1391,1693,16,11275,-23274,44241,14238
4021,45117,152,271,304,3073,4095,4095,1391,1949,16,7180,-23530,44257,18333
4022,43324,40,327,304,1025,3,7,1392,157,0,-21499,-25323,44145,-10346
4023,41277,168,263,944,3073,4092,4088,1407,413,16,11261,-27370,44273,22414
4024,42301,232,306,1136,2817,4094,4092,1407,669,16,-5127,-26347,44337,6026
4025,41276,40,290,928,2049,4094,4092,1407,925,16,-21507,-27371,-21135,-10354
4026,42813,136,338,1840,3841,4093,4090,1407,1181,16,19447,-28907,-21231,14228
4027,42813,136,542,432,770,0,0,1392,1437,0,19447,-28907,-21231,14228
4028,43069,152,571,1008,3074,4095,4095,1407,1693,16,23544,-29163,-21247,10131
4029,39740,104,527,1520,2,4091,4083,1407,1949,16,11243,-25834,44081,22432
4030,36411,152,526,1584,2818,4090,4083,1423,157,16,23518,-29163,-21663,-30829
4031,36923,120,606,1648,1794,4095,4094,1423,413,16,15328,-28651,-21695,26517
4032,36923,120,559,672,1282,0,0,1408,669,0,15328,-28651,-21695,26517
4033,38459,24,526,752,3842,4093,4090,1423,925,16,-25638,-27115,-21791,-14449
4034,38203,8,534,416,3074,4095,4095,1423,1181,16,-21541,-26859,-21775,-18546
4035,37179,72,367,1264,1,2,4,1408,1437,0,27615,-25835,-21839,-2166
4036,37947,120,326,800,1025,1,3,1408,1693,0,-25630,-26603,-21887,-14457
4037,37947,120,314,880,769,0,0,1408,1949,0,-25630,-26603,-21887,-14457
4038,38459,152,286,688,769,4095,4094,1439,157,16,-17436,-26091,-21855,-6263
4039,37436,216,351,1840,3073,4094,4092,1439,413,16,-1056,-27115,-21791,10117
4040,37180,200,358,1456,2817,0,1,1424,669,0,3041,-27370,-21807,14214
4041,37436,184,366,1584,2817,0,1,1424,925,0,7136,-27114,-21823,18309
4042,44093,88,362,304,1794,4085,4070,1439,1181,16,31686,31764,-22239,-6241
4043,43070,152,526,544,3074,4094,4092,1439,1437,16,15306,-32748,-22303,10139
4044,43070,152,534,304,770,0,0,1424,1693,0,15306,-32748,-22303,10139
4045,36156,72,375,624,2,4085,4069,1439,1949,16,-5201,-25835,-22735,30646
4046,37692,168,583,416,3330,2,6,1440,157,0,19381,-24298,-22639,-10308
4047,38716,104,571,1264,3074,4094,4092,1455,413,16,3001,-23274,-22703,-26688
4048,39996,184,591,736,258,2,5,1440,669,0,-17484,-21995,-22623,18363
4049,40508,152,586,1376,1026,4095,4094,1455,925,16,-9294,-21483,-22655,26553
4050,43837,104,607,96,2306,5,13,1440,1181,0,2981,-24811,42673,14278
4051,39486,120,634,160,2,7,17,1440,1437,0,-1098,-20461,-23135,18357
4052,38462,56,538,800,2050,4094,4092,1455,1693,16,-17486,-19437,-23071,-30791
4053,38718,40,534,432,2818,4095,4095,1455,1949,16,-21581,-19693,-23055,-26696
4054,37694,232,618,1200,3842,1,4,1456,157,0,27567,-20717,42417,22452
4055,38462,184,607,1136,2050,1,3,1456,413,0,15282,-19949,42369,10167
4056,37182,104,627,1248,1282,2,5,1456,669,0,-29769,-21229,42289,30652
4057,37694,72,554,432,3842,0,2,1456,925,0,-21579,-20717,42257,-26694
4058,36670,8,602,944,3842,1,4,1456,1181,0,-5191,-19693,42321,22454
4059,36414,24,582,1200,2818,4095,4095,1471,1437,16,-9286,-19437,42305,26549
4060,35902,248,610,1312,2,1,2,1456,1693,0,-17480,-18925,-23199,-30793
4061,35390,24,603,1568,2306,4095,4094,1471,1949,16,-9290,-18413,42305,26553
4062,38463,216,606,224,2,5,12,1472,157,0,-25662,-15340,42497,10181
4063,38463,216,639,2032,2,0,0,1472,413,0,-25662,-15340,42497,10181
4064,38207,200,558,752,3842,4095,4095,1487,669,16,-21565,-15596,42481,14278
4065,38975,152,542,752,3842,4094,4093,1487,925,16,-9280,-14828,42433,26563
4066,37695,72,522,672,2,4094,4091,1487,1181,16,11205,-13547,42513,6078
4067,35391,216,638,1056,3074,3,9,1472,1437,0,-25650,-11244,42369,-22603
4068,36927,56,618,992,3074,2,6,1472,1693,0,-1068,-12780,-23263,18351
4069,36671,72,619,1504,3330,0,1,1472,1949,0,3027,-12523,-23279,14256
4070,35390,248,591,688,1026,2,5,1488,157,0,-17458,-13804,42177,-6229
4071,34879,24,539,544,2306,4095,4094,1503,413,16,-9268,-14316,-23327,1961
4072,33343,184,599,688,3074,2,6,1488,669,0,15314,-15851,42113,26543
4073,31294,56,538,1200,3842,4092,4088,1503,925,16,-17446,-17900,-23295,-6217
4074,31550,72,570,1008,2818,4095,4095,1503,1181,16,-21543,-18156,-23311,-2120
4075,33598,200,586,304,1794,3,8,1488,1437,0,11217,-20203,42353,30656
4076,32830,152,539,48,2050,1,3,1488,1693,0,-1074,-19436,42401,-22589
4077,34623,40,363,880,1025,3,7,1488,1949,0,-29739,-21228,42513,6076
4078,34879,56,338,1136,2817,0,1,1504,157,0,-25642,-20972,42529,10173
4079,28224,216,523,1520,3073,10,26,1504,413,0,15292,-27626,-22591,-14429
4080,21058,24,346,224,3074,4084,4068,1519,669,16,-1064,30743,42497,-30785
4081,27972,104,375,624,2,4085,4069,1519,925,16,-21571,-27879,42065,14244
4082,27460,72,530,416,2050,4095,4094,1519,1181,16,-13377,-27367,42097,6050
4083,29251,216,531,944,2050,4093,4089,1519,1437,16,15288,-29158,-23327,-22615
4084,29507,232,546,416,2050,0,1,1504,1693,0,19385,-29414,-23343,-26712
4085,27971,72,555,48,2050,2,6,1504,1949,0,-21581,-27878,42097,14254
4086,27971,72,619,1696,258,0,0,1520,157,0,-21581,-27878,42097,14254
4087,28483,40,603,1200,2,1,2,1520,413,0,-29771,-27366,42065,6064
4088,28994,72,543,608,2306,4095,4094,1535,669,16,27571,-26854,42097,-2130
4089,30531,232,586,544,2050,2,6,1520,925,0,-13395,-25318,-23535,22440
4090,30531,232,559,672,1282,0,0,1520,1181,0,-13395,-25318,-23535,22440
4091,30531,232,526,224,2,0,0,1520,1437,0,-13395,-25318,-23535,22440
4092,28995,136,567,176,3074,2,6,1520,1693,0,27559,-23782,-23439,-18514
4093,29251,120,350,1392,1793,0,1,1520,1949,0,23464,-24038,-23423,-14419
4094,34885,216,523,1888,1281,9,22,1536,157,0,-17474,-18405,42465,10179
4095,36420,120,330,1712,3841,4093,4090,1551,413,16,23492,-16869,42369,-14391
